x,hump_amp,u_inflow,target_zeta,target_u,target_h,froude
0.0,0.0,0.5,0.018663236336216953,0.4996891394498602,30.018663236336216,0.029118549155454837
25.0,0.0,0.5,0.018663236336216953,0.4995736704744288,30.018663236336216,0.029111820393967782
50.0,0.0,0.5,0.018414119260659934,0.4995961727038652,30.018414119260658,0.029113252475670252
75.0,0.0,0.5,0.018409270796201502,0.4994842564327859,30.0184092707962,0.029106733065634813
100.0,0.0,0.5,0.018162684110544374,0.49950708359080953,30.018162684110543,0.02910818284078404
125.0,0.0,0.5,0.01815391753228325,0.4993995846831301,30.018153917532285,0.0291019227189403
150.0,0.0,0.5,0.017909896651279268,0.4994237090775812,30.01790989665128,0.02910344683242231
175.0,0.0,0.5,0.017899047018819468,0.49932009781195547,30.01789904701882,0.02909741424185173
200.0,0.0,0.5,0.017658122049235208,0.4993450062908283,30.017658122049234,0.02909898253537571
225.0,0.0,0.5,0.017646990341544655,0.4992435660122242,30.017646990341543,0.029093076568194477
250.0,0.0,0.5,0.017409549927830347,0.4992676076873842,30.01740954992783,0.029094592650075184
275.0,0.0,0.5,0.01739853035967402,0.499166406984974,30.017398530359674,0.029088700564510128
300.0,0.0,0.5,0.017164410518192643,0.4991876250032835,30.01716441051819,0.02909005047882861
325.0,0.0,0.5,0.017152142267666783,0.49908552738836703,30.017152142267665,0.029084106705935513
350.0,0.0,0.5,0.016920655073306444,0.49910265110142144,30.016920655073307,0.029085216737149696
375.0,0.0,0.5,0.016904955534058845,0.49899972257568187,30.01690495553406,0.029079226179855436
400.0,0.0,0.5,0.016675073949655807,0.49901284259105283,30.016675073949656,0.029080102103005327
425.0,0.0,0.5,0.016654018103160712,0.49891019606246056,30.01665401810316,0.029074130547418826
450.0,0.0,0.5,0.016424789470219595,0.4989206497486452,30.016424789470218,0.02907485075727789
475.0,0.0,0.5,0.016397535571820953,0.498819874754534,30.01639753557182,0.029068991240854516
500.0,0.0,0.5,0.01616886372552917,0.4988293969266881,30.01616886372553,0.02906965688034766
525.0,0.0,0.5,0.016136417910205775,0.49873173301138823,30.016136417910207,0.02906398115078451
550.0,0.0,0.5,0.01590954821680124,0.49874156716848017,30.0159095482168,0.02906466408328526
575.0,0.0,0.5,0.015874835805117792,0.49864727696134087,30.015874835805118,0.029059186030077715
600.0,0.0,0.5,0.015651788460755094,0.4986578087235443,30.015651788460755,0.029059907751404615
625.0,0.0,0.5,0.015618267460686636,0.498566182012456,30.015618267460688,0.029054584314019735
650.0,0.0,0.5,0.015400580561216898,0.4985769894469324,30.015400580561217,0.02905531949251767
675.0,0.0,0.5,0.015370116721447825,0.49848689289284503,30.01537011672145,0.029050083723177186
700.0,0.0,0.5,0.0151578653612055,0.49849701544240743,30.015157865361207,0.02905077634552344
725.0,0.0,0.5,0.0151296333714034,0.49840749498109127,30.015129633371405,0.02904557304570995
750.0,0.0,0.5,0.014921214324459057,0.49841596374537045,30.01492121432446,0.029046167423396493
775.0,0.0,0.5,0.014892255943934377,0.4983265863895786,30.014892255943934,0.029040972792126092
800.0,0.0,0.5,0.014684959383070332,0.49833294542278217,30.01468495938307,0.02904144366434477
825.0,0.0,0.5,0.014651587421840214,0.4982438293607643,30.01465158742184,0.029036266372736257
850.0,0.0,0.5,0.014442851552060784,0.4982480905510213,30.01444285155206,0.029036615670319607
875.0,0.0,0.5,0.014402257772349603,0.4981595869751821,30.01440225777235,0.02903147754200529
900.0,0.0,0.5,0.014191084098162136,0.49816173439728884,30.01419108409816,0.029031704818332976
925.0,0.0,0.5,0.014142794634738939,0.4980739923239987,30.01414279463474,0.02902661476509291
950.0,0.0,0.5,0.01393035163188706,0.49807382745878553,30.01393035163189,0.02902670788422816
975.0,0.0,0.5,0.01387665381311972,0.4979867359637464,30.01387665381312,0.02902165833412118
1000.0,0.0,0.5,0.01366558040425714,0.49798430508734176,30.013665580404258,0.029021618715411184
1025.0,0.0,0.5,0.013610342495461992,0.4978978604468323,30.01361034249546,0.029016607580596886
1050.0,0.0,0.5,0.013403351471277417,0.49789381363780794,30.01340335147128,0.0290164717969829
1075.0,0.0,0.5,0.013349943482805547,0.4978084480362191,30.013349943482805,0.029011522635994748
1100.0,0.0,0.5,0.013148582368178377,0.49780389741918,30.013148582368178,0.02901135475242546
1125.0,0.0,0.5,0.013098352634028915,0.4977204265527627,30.013098352634028,0.02900651445292316
1150.0,0.0,0.5,0.012902382137766483,0.49771659907662213,30.012902382137767,0.029006386091213174
1175.0,0.0,0.5,0.012854577530697978,0.4976358316892904,30.0128545775307,0.029001702152062703
1200.0,0.0,0.5,0.012662342991699722,0.4976336794179441,30.0126623429917,0.029001669598973382
1225.0,0.0,0.5,0.012615122415513212,0.4975559258976423,30.012615122415514,0.028997161001052017
1250.0,0.0,0.5,0.012424784622875626,0.4975555175531688,30.012424784622876,0.028997229152353657
1275.0,0.0,0.5,0.01237634307171607,0.4974802128148273,30.012376343071715,0.02899286383655209
1300.0,0.0,0.5,0.012186837174741063,0.4974802655075447,30.012186837174742,0.028992958442112686
1325.0,0.0,0.5,0.012135919106796175,0.49740597797660485,30.012135919106797,0.02898865358418706
1350.0,0.0,0.5,0.011946807318700944,0.49740428330582764,30.0119468073187,0.028988646150785193
1375.0,0.0,0.5,0.0118925844554617,0.4973293202446293,30.011892584455463,0.028984303498071164
1400.0,0.0,0.5,0.01170341700382638,0.4973239626257235,30.011703417003826,0.028984082601256185
1425.0,0.0,0.5,0.011645193629781156,0.49724726404938496,30.011645193629782,0.02897964071232899
1450.0,0.0,0.5,0.011455321982517967,0.49723758376772464,30.011455321982517,0.02897916821408256
1475.0,0.0,0.5,0.011392389344884044,0.49715923214163854,30.011392389344884,0.028974632235063403
1500.0,0.0,0.5,0.011201225402267869,0.49714588603580084,30.011201225402267,0.028973946696858842
1525.0,0.0,0.5,0.01113301233363184,0.4970669091607281,30.01113301233363,0.028969376801951413
1550.0,0.0,0.5,0.01094039051300887,0.4970513167746678,30.01094039051301,0.028968561033003264
1575.0,0.0,0.5,0.010867168448476476,0.49697298515350974,30.010867168448478,0.028964031135368568
1600.0,0.0,0.5,0.010673866729344216,0.49695664992200356,30.010673866729345,0.028963172380309665
1625.0,0.0,0.5,0.010597603783598867,0.49687983342603076,30.010597603783598,0.028958732226538785
1650.0,0.0,0.5,0.010405742394573739,0.49686382834285964,30.010405742394575,0.028957891997558098
1675.0,0.0,0.5,0.010329881477536818,0.4967889286827766,30.01032988147754,0.028953563339386316
1700.0,0.0,0.5,0.010142322755412119,0.4967737733316623,30.010142322755414,0.028952770538761524
1725.0,0.0,0.5,0.010070161224025357,0.4967010494045083,30.010070161224025,0.028948566876370364
1750.0,0.0,0.5,0.009888899448261414,0.49668699330349464,30.00988889944826,0.02894783508637631
1775.0,0.0,0.5,0.009821877871259491,0.49661673173365617,30.00982187787126,0.028943772432669233
1800.0,0.0,0.5,0.009646884898589884,0.49660407171305704,30.00964688489859,0.028943118969004162
1825.0,0.0,0.5,0.009584197422759047,0.4965365073143269,30.009584197422758,0.028939211400944055
1850.0,0.0,0.5,0.00941382068726246,0.4965255591899285,30.00941382068726,0.028938655469232626
1875.0,0.0,0.5,0.009353323245184328,0.49646073113060857,30.009353323245183,0.028934906305985195
1900.0,0.0,0.5,0.009185552621875108,0.49645143614507703,30.009185552621876,0.028934445452960204
1925.0,0.0,0.5,0.009124918855786495,0.4963889345219722,30.009124918855786,0.028930831927757597
1950.0,0.0,0.5,0.008958244431983628,0.4963803931425215,30.008958244431984,0.028930414455732422
1975.0,0.0,0.5,0.008895694801887946,0.4963190529011642,30.00889569480189,0.02892686952486511
2000.0,0.0,0.5,0.008729119963692454,0.49630949156235,30.008729119963693,0.02892639254628764
2025.0,0.0,0.5,0.00866354731529526,0.49624757439996037,30.008663547315294,0.028922815429918636
2050.0,0.0,0.5,0.008496092880157539,0.49623505543117696,30.008496092880158,0.028922166482298693
2075.0,0.0,0.5,0.008426563135137392,0.4961711282168127,30.00842656313514,0.02891847410184328
2100.0,0.0,0.5,0.008256950369824916,0.49615449079492535,30.008256950369827,0.028917586142239042
2125.0,0.0,0.5,0.00818217373291241,0.4960881627683393,30.008182173732912,0.02891375634192807
2150.0,0.0,0.5,0.00800907000644616,0.49606734613922976,30.008009070006445,0.028912626467944406
2175.0,0.0,0.5,0.007927608895279421,0.495999051992987,30.00792760889528,0.028908685272773554
2200.0,0.0,0.5,0.007750123847946395,0.49597466867149886,30.007750123847945,0.02890734960924175
2225.0,0.0,0.5,0.00766125259294239,0.49590490752155486,30.007661252592943,0.02890332645594348
2250.0,0.0,0.5,0.007479436131180989,0.4958776076626528,30.00747943613118,0.028901822868926914
2275.0,0.0,0.5,0.0073839392861021315,0.4958065933365677,30.0073839392861,0.02889772983932141
2300.0,0.0,0.5,0.007199192856038099,0.4957767999851726,30.00719919285604,0.02889608230769209
2325.0,0.0,0.5,0.007099460904609523,0.49570474884364546,30.00709946090461,0.028891930858588488
2350.0,0.0,0.5,0.006914319639058481,0.4956728951155562,30.00691431963906,0.028890163403281124
2375.0,0.0,0.5,0.006813435488282438,0.4956004473416706,30.006813435488283,0.02888598936179384
2400.0,0.0,0.5,0.006630353677861461,0.49556737216784386,30.00663035367786,0.028884149696969612
2425.0,0.0,0.5,0.006530685509805106,0.49549569338792476,30.006530685509805,0.028880019861583478
2450.0,0.0,0.5,0.006350885162357628,0.4954627728500368,30.00635088516236,0.028878187604251242
2475.0,0.0,0.5,0.006253543632245753,0.4953932636044561,30.006253543632244,0.02887418307265671
2500.0,0.0,0.5,0.006077430826814487,0.49536209700195105,30.006077430826814,0.02887245124475254
2525.0,0.0,0.5,0.005983107931158278,0.49529595390076414,30.005983107931158,0.028868641431599805
2550.0,0.0,0.5,0.005811676645091601,0.49526783080108705,30.00581167664509,0.028867084721112195
2575.0,0.0,0.5,0.005721671687015837,0.49520578714391256,30.005721671687017,0.02886351174584356
2600.0,0.0,0.5,0.005556875970238119,0.4951813524046293,30.00555687597024,0.028862166802916926
2625.0,0.0,0.5,0.005473112208686086,0.49512366018089965,30.005473112208687,0.028858844432200464
2650.0,0.0,0.5,0.005316777439513487,0.49510296650161795,30.005316777439514,0.02885771345506798
2675.0,0.0,0.5,0.0052408791491431635,0.4950495651848717,30.00524087914914,0.02885463738445911
2700.0,0.0,0.5,0.0050935741138497335,0.49503244880508857,30.00509357411385,0.028853710558972696
2725.0,0.0,0.5,0.005025913885350775,0.4949833428804331,30.00502591388535,0.028850880875105442
2750.0,0.0,0.5,0.0048869365956750845,0.4949698743341078,30.004886936595675,0.028850162653922002
2775.0,0.0,0.5,0.004826645018185441,0.4949254103375152,30.004826645018184,0.02884759997718677
2800.0,0.0,0.5,0.004694961244178078,0.4949159751378003,30.004694961244176,0.028847113331436924
2825.0,0.0,0.5,0.004640926439800268,0.49487653535651377,30.0046409264398,0.0288448404822527
2850.0,0.0,0.5,0.004516071025702408,0.49487134846243036,30.0045160710257,0.028844598168234686
2875.0,0.0,0.5,0.0044677824047882255,0.4948366917534707,30.004467782404788,0.028842601339746456
2900.0,0.0,0.5,0.004349838595858623,0.4948352867422787,30.004349838595857,0.028842576134037515
2925.0,0.0,0.5,0.004307236773923871,0.49480445023583886,30.004307236773926,0.028840799234502904
2950.0,0.0,0.5,0.004196101865398976,0.49480583779658527,30.0041961018654,0.028840933524582855
2975.0,0.0,0.5,0.00415894682789385,0.4947778792843842,30.004158946827893,0.02883932175256782
3000.0,0.0,0.5,0.004053903493409235,0.49478123140947894,30.00405390349341,0.02883956762238006
3025.0,0.0,0.5,0.0040214808286725455,0.4947559140317697,30.004021480828673,0.02883810751675952
3050.0,0.0,0.5,0.0039213803940642295,0.49476101926402044,30.003921380394065,0.02883845319416637
3075.0,0.0,0.5,0.0038925745886304675,0.49473861333587466,30.00389257458863,0.02883716104826807
3100.0,0.0,0.5,0.0037962025681139632,0.49474564648362973,30.003796202568115,0.02883761730708248
3125.0,0.0,0.5,0.0037697983640673726,0.49472614971605167,30.00376979836407,0.02883649357257689
3150.0,0.0,0.5,0.0036762964454137735,0.4947350039133871,30.003676296445413,0.02883705459721982
3175.0,0.0,0.5,0.003651495204388815,0.4947177235335886,30.003651495204387,0.0288360592785567
3200.0,0.0,0.5,0.003560702806496028,0.4947276942792407,30.003560702806496,0.028836684083008164
3225.0,0.0,0.5,0.003537392226436493,0.4947116805151617,30.003537392226438,0.02883576187449419
3250.0,0.0,0.5,0.0034495586610220215,0.4947219621511244,30.00344955866102,0.02883640337910183
3275.0,0.0,0.5,0.0034279024068562132,0.4947067890011067,30.003427902406855,0.02883552937164201
3300.0,0.0,0.5,0.003342846465858784,0.49471713236566095,30.00334284646586,0.028836173140420078
3325.0,0.0,0.5,0.00332261205916171,0.494703073613293,30.00332261205916,0.028835363404353234
3350.0,0.0,0.5,0.0032393500138313885,0.4947137141352335,30.003239350013832,0.02883602363284419
3375.0,0.0,0.5,0.0032197275305531413,0.4947011101396609,30.003219727530553,0.028835298396631136
3400.0,0.0,0.5,0.0031371237120632832,0.4947121767139712,30.00313712371206,0.02883598314383479
3425.0,0.0,0.5,0.0031172238740393822,0.49470083256047365,30.00311722387404,0.028835331473876475
3450.0,0.0,0.5,0.003034982163999648,0.4947120661234241,30.003034982164,0.02883602578186922
3475.0,0.0,0.5,0.0030145826708764933,0.49470138527850094,30.003014582670875,0.02883541301421397
3500.0,0.0,0.5,0.0029334296206254802,0.4947123804709945,30.002933429620626,0.02883609290613238
3525.0,0.0,0.5,0.0029131286181263458,0.49470193919262306,30.002913128618125,0.02883549405415441
3550.0,0.0,0.5,0.0028337805379784436,0.4947125040370575,30.00283378053798,0.028836147995577658
3575.0,0.0,0.5,0.0028141147451124626,0.4947023769410625,30.002814114745114,0.028835567150679507
3600.0,0.0,0.5,0.00273613813227287,0.4947126226307734,30.002736138132274,0.028836201831125525
3625.0,0.0,0.5,0.002716678535145989,0.4947031710407164,30.002716678535148,0.028835660260666637
3650.0,0.0,0.5,0.002638795588281838,0.49471326841730695,30.002638795588283,0.028836286252305863
3675.0,0.0,0.5,0.002618585083023972,0.49470466561239446,30.002618585083024,0.02883579451662153
3700.0,0.0,0.5,0.0025401650438520995,0.494714581870797,30.00254016504385,0.0288364102104329
3725.0,0.0,0.5,0.0025189488701075004,0.4947066011354183,30.002518948870108,0.028835955217094096
3750.0,0.0,0.5,0.002440727279127255,0.494716168749424,30.002440727279126,0.02883655049467082
3775.0,0.0,0.5,0.0024192042870429748,0.49470843485187316,30.002419204287044,0.028836110036045134
3800.0,0.0,0.5,0.0023422955474976634,0.4947175845570275,30.002342295547496,0.028836680324390542
3825.0,0.0,0.5,0.0023211332150541906,0.494709949877568,30.002321133215055,0.02883624547512763
3850.0,0.0,0.5,0.002245597073903749,0.49471872247610743,30.002245597073905,0.02883679312372979
3875.0,0.0,0.5,0.0022245841897955256,0.49471137043789576,30.002224584189797,0.028836374676959587
3900.0,0.0,0.5,0.0021492801653644348,0.4947197921315668,30.002149280165366,0.028836901761091698
3925.0,0.0,0.5,0.002127607714805356,0.49471302053695715,30.002127607714804,0.028836517464374836
3950.0,0.0,0.5,0.002051557144284553,0.494721096358206,30.002051557144284,0.028837024747658844
3975.0,0.0,0.5,0.002028874653758369,0.49471499210190567,30.002028874653757,0.02883667983458395
4000.0,0.0,0.5,0.001952498995689796,0.49472274349204803,30.00195249899569,0.028837168364257246
4025.0,0.0,0.5,0.0019294307230802831,0.4947170601432307,30.00192943072308,0.028836848170604612
4050.0,0.0,0.5,0.0018540073304307274,0.49472449065389534,30.00185400733043,0.02883731753975841
4075.0,0.0,0.5,0.0018313156112129475,0.49471891276925856,30.001831315611213,0.028837003312161498
4100.0,0.0,0.5,0.0017572760191944205,0.49472599046441457,30.001757276019195,0.028837451451761704
4125.0,0.0,0.5,0.001734775202778595,0.49472050085377484,30.001734775202777,0.028837142277450895
4150.0,0.0,0.5,0.0016611389483663123,0.4947271930689337,30.001661138948368,0.028837567754590385
4175.0,0.0,0.5,0.0016379862690969087,0.49472207799325,30.001637986269095,0.028837280724717217
4200.0,0.0,0.5,0.0015636535693859005,0.4947283891129226,30.001563653569384,0.028837684323453877
4225.0,0.0,0.5,0.0015395831492323595,0.4947239030104142,30.00153958314923,0.028837434397060963
4250.0,0.0,0.5,0.0014646931643038958,0.4947298838453617,30.001464693164305,0.02883781901223772
4275.0,0.0,0.5,0.001440378197028614,0.4947259572758995,30.001440378197028,0.028837601818246232
4300.0,0.0,0.5,0.0013660663635791,0.4947316533396641,30.00136606636358,0.028837969557113617
4325.0,0.0,0.5,0.0013421810931525538,0.494727945250198,30.001342181093154,0.028837764891560917
4350.0,0.0,0.5,0.0012691288723971168,0.49473333606948827,30.001269128872398,0.028838114233134416
4375.0,0.0,0.5,0.0012454561273540336,0.4947296298434524,30.001245456127354,0.028837909573804783
4400.0,0.0,0.5,0.0011729951263042967,0.4947346570924148,30.001172995126304,0.028838237439395054
4425.0,0.0,0.5,0.0011487243425515768,0.49473115317450506,30.001148724342553,0.02883804485983954
4450.0,0.0,0.5,0.0010756615165258955,0.49473580290670227,30.001075661516527,0.028838351009822738
4475.0,0.0,0.5,0.0010505089054331767,0.4947328690575782,30.001050508905433,0.028838192083397912
4500.0,0.0,0.5,0.0009767013180120453,0.4947371846022366,30.000976701318013,0.02883847911211109
4525.0,0.0,0.5,0.0009513805589943631,0.49473486742284084,30.000951380558995,0.028838356212317152
4550.0,0.0,0.5,0.0008779119622648534,0.49473889044881625,30.000877911962267,0.028838626027746825
4575.0,0.0,0.5,0.0008531835146486837,0.49473687170480296,30.00085318351465,0.028838520239135326
4600.0,0.0,0.5,0.0007808571175069353,0.49474060564026384,30.00078085711751,0.02883877265499888
4625.0,0.0,0.5,0.0007564433331904162,0.49473861794672697,30.00075644333319,0.028838668525013083
4650.0,0.0,0.5,0.000684717265507057,0.49474203536298184,30.000684717265507,0.02883890220282406
4675.0,0.0,0.5,0.0006596845796479681,0.4947401700103831,30.00065968457965,0.028838805501561766
4700.0,0.0,0.5,0.000587432308302431,0.49474324641773443,30.000587432308304,0.028839019555174778
4725.0,0.0,0.5,0.0005615108101709999,0.49474182825649693,30.000561510810172,0.02883894934821219
4750.0,0.0,0.5,0.0004884768723769382,0.4947445611687016,30.000488476872377,0.028839143755441825
4775.0,0.0,0.5,0.00046247362503267224,0.4947437480938697,30.00046247362503,0.028839108858822852
4800.0,0.0,0.5,0.0003895574949614876,0.4947461442111826,30.000389557494962,0.028839283577865728
4825.0,0.0,0.5,0.00036429001177202804,0.49474571717534566,30.00036429001177,0.028839270830263317
4850.0,0.0,0.5,0.00029235187663584973,0.49474781079679,30.000292351876634,0.028839427446933026
4875.0,0.0,0.5,0.00026753103799035153,0.4947474659122567,30.00026753103799,0.028839419273406726
4900.0,0.0,0.5,0.00019622921033346968,0.49474931676998307,30.000196229210335,0.02883956143371426
4925.0,0.0,0.5,0.00017082520209038,0.4947490761221387,30.00017082520209,0.028839559616644226
4950.0,0.0,0.5,9.903672259590789e-05,0.4947506644687153,30.000099036722595,0.028839686709186362
4975.0,0.0,0.5,7.270467010144075e-05,0.4947508033163966,30.000072704670103,0.02883970745957837
5000.0,0.0,0.5,0.0,0.4947520023395279,30.0,0.02883981229871273
0.0,0.0,1.0,0.08412837590688231,0.9972035627937867,30.084128375906882,0.05804710984408345
25.0,0.0,1.0,0.08412837590688231,0.9968378692313987,30.084128375906882,0.0580258228619895
50.0,0.0,1.0,0.08315275826129584,0.9970100712708683,30.083152758261296,0.05803678778767288
75.0,0.0,1.0,0.08314977962294878,0.996653000293683,30.08314977962295,0.05801600526046609
100.0,0.0,1.0,0.08218986258075853,0.9968222735393755,30.08218986258076,0.05802678458752083
125.0,0.0,1.0,0.0821798931251782,0.9964749358750764,30.08217989312518,0.058006575060703634
150.0,0.0,1.0,0.08122776474153508,0.9966438813429391,30.081227764741534,0.05801732783420781
175.0,0.0,1.0,0.08120421855471706,0.9963066808219126,30.081204218554717,0.057997721181564946
200.0,0.0,1.0,0.08025461179268173,0.9964744568560027,30.080254611792682,0.05800840349580419
225.0,0.0,1.0,0.08021200711555293,0.9961459162234332,30.080212007115552,0.05798931901738017
250.0,0.0,1.0,0.07926510129084567,0.9963084445104952,30.079265101290847,0.057999693290777976
275.0,0.0,1.0,0.07920292203916479,0.9959853164447695,30.079202922039165,0.057980942449621924
300.0,0.0,1.0,0.0782633068188148,0.9961376639593379,30.078263306818815,0.05799071707287953
325.0,0.0,1.0,0.07818559929576134,0.995816631774806,30.07818559929576,0.05797210288865631
350.0,0.0,1.0,0.07725866395617431,0.9959558363648289,30.077258663956176,0.05798110019698894
375.0,0.0,1.0,0.0771702575333267,0.9956357204169729,30.077170257533325,0.05796254933998552
400.0,0.0,1.0,0.0762590409260088,0.9957623236038424,30.076259040926008,0.057970797896984505
425.0,0.0,1.0,0.0761631493993099,0.9954447457253023,30.07616314939931,0.05795240168960963
450.0,0.0,1.0,0.07526721182123812,0.9955626820011648,30.075267211821238,0.057960130948665194
475.0,0.0,1.0,0.0751654275832807,0.995251047465774,30.07516542758328,0.057942086111715425
500.0,0.0,1.0,0.07428153514859084,0.9953661600352918,30.07428153514859,0.05794963936027125
525.0,0.0,1.0,0.07417394675594151,0.9950640605320019,30.07417394675594,0.05793215492673273
550.0,0.0,1.0,0.07329847806356073,0.995181201901163,30.07329847806356,0.0579398181706964
575.0,0.0,1.0,0.07318402991710403,0.9948905049809083,30.073184029917105,0.05792300390548463
600.0,0.0,1.0,0.07231574802960902,0.9950105663854482,30.07231574802961,0.05793083024231778
625.0,0.0,1.0,0.0721937698847454,0.9947298523590782,30.072193769884745,0.05791460415628289
650.0,0.0,1.0,0.07133423003933288,0.994849333649851,30.071334230039334,0.05792238831961732
675.0,0.0,1.0,0.07120529184368882,0.9945744021444259,30.07120529184369,0.057906505327058426
700.0,0.0,1.0,0.07035677412831129,0.9946878186819551,30.07035677412831,0.05791392579264834
725.0,0.0,1.0,0.07022099306946387,0.9944144320214292,30.070220993069462,0.05789813905958617
750.0,0.0,1.0,0.06938412035752614,0.9945173081078472,30.069384120357526,0.05790493462047163
775.0,0.0,1.0,0.06923907466098027,0.9942436267639967,30.06923907466098,0.057889139374284165
800.0,0.0,1.0,0.06841158276796579,0.994334305847822,30.068411582767965,0.05789521573106959
825.0,0.0,1.0,0.06825303531719255,0.9940610826809664,30.06825303531719,0.057879459880725875
850.0,0.0,1.0,0.06743028769722073,0.9941411696358756,30.06743028769722,0.057884914912353036
875.0,0.0,1.0,0.06725491081784099,0.9938707456979629,30.06725491081784,0.057869337964196674
900.0,0.0,1.0,0.0664326104578927,0.9939442149304097,30.06643261045789,0.057874407200318195
925.0,0.0,1.0,0.06624051489481962,0.9936793253110132,30.06624051489482,0.05785916830030403
950.0,0.0,1.0,0.06541850159537893,0.9937502814070336,30.065418501595378,0.057864090885074014
975.0,0.0,1.0,0.0652145478292228,0.9934924852855387,30.06521454782922,0.05784927614806669
1000.0,0.0,1.0,0.06439801612594226,0.9935630050837118,30.064398016125942,0.05785416801567507
1025.0,0.0,1.0,0.0641905209742905,0.9933117500532134,30.06419052097429,0.057839737285900444
1050.0,0.0,1.0,0.0633866084226074,0.9933817344499152,30.063386608422608,0.05784458580406649
1075.0,0.0,1.0,0.06318320700757772,0.9931353804246918,30.063183207007576,0.057830436250783476
1100.0,0.0,1.0,0.0623962963891196,0.9932040155202996,30.06239629638912,0.057835189813207816
1125.0,0.0,1.0,0.062199677100077795,0.9929618907916775,30.06219967710008,0.057821279752665246
1150.0,0.0,1.0,0.06142955064798419,0.9930287485792642,30.061429550647983,0.05782591364645648
1175.0,0.0,1.0,0.061236243510907735,0.9927918758914986,30.06123624351091,0.05781230598718939
1200.0,0.0,1.0,0.06047874775546304,0.9928569202980951,30.060478747755464,0.05781682210728276
1225.0,0.0,1.0,0.060281308541636165,0.9926267010108303,30.060281308541636,0.05780360562663037
1250.0,0.0,1.0,0.059529953480223746,0.99268964178883,30.059529953480222,0.05780799331367229
1275.0,0.0,1.0,0.059320551390838624,0.9924660772446255,30.05932055139084,0.05779517563057163
1300.0,0.0,1.0,0.05856967844364564,0.9925253871312392,30.058569678443646,0.057799351386766035
1325.0,0.0,1.0,0.05834358904803952,0.9923063001646315,30.05834358904804,0.05778681026360084
1350.0,0.0,1.0,0.05759179788617114,0.9923588618746888,30.05759179788617,0.05779059389363941
1375.0,0.0,1.0,0.057349213584902206,0.9921406224415102,30.057349213584903,0.057778117747619984
1400.0,0.0,1.0,0.056598915048205495,0.9921832790179657,30.056598915048205,0.05778132306802347
1425.0,0.0,1.0,0.05634330148166209,0.9919628503616933,30.05634330148166,0.057768731710294965
1450.0,0.0,1.0,0.05559667214760392,0.9919947129467271,30.055596672147605,0.05777130483762191
1475.0,0.0,1.0,0.05533134996227401,0.9917714845302874,30.055331349962273,0.057758559508411744
1500.0,0.0,1.0,0.05458788878173716,0.9917946004600053,30.054587888781736,0.05776062012839076
1525.0,0.0,1.0,0.054314495037928,0.9915706092456799,30.05431449503793,0.05774783787254848
1550.0,0.0,1.0,0.05357253704100543,0.9915888781834963,30.053572537041006,0.05774961467636714
1575.0,0.0,1.0,0.05329213808074491,0.9913677413564169,30.053292138080746,0.057737005126798975
1600.0,0.0,1.0,0.052551680737538645,0.9913854592573377,30.05255168073754,0.057738748305025
1625.0,0.0,1.0,0.05226693330350013,0.9911705744931406,30.0522669333035,0.057726506796334905
1650.0,0.0,1.0,0.05153111804256938,0.9911908804867994,30.05153111804257,0.057728396162707155
1675.0,0.0,1.0,0.05124714953141213,0.9909836210003614,30.051247149531413,0.05771659776310437
1700.0,0.0,1.0,0.050521712142190575,0.9910071776050441,30.050521712142192,0.05771866640922902
1725.0,0.0,1.0,0.050243952731471406,0.9908067735716566,30.05024395273147,0.057707261088359385
1750.0,0.0,1.0,0.04953442613797974,0.9908322085697377,30.04953442613798,0.0577094237938058
1775.0,0.0,1.0,0.049265083242191005,0.9906375743750658,30.04926508324219,0.05769834622335907
1800.0,0.0,1.0,0.04857320791051089,0.9906635348268917,30.04857320791051,0.05770052252722974
1825.0,0.0,1.0,0.04830994750012563,0.9904748080249988,30.048309947500126,0.057689782978569526
1850.0,0.0,1.0,0.047632574338282226,0.9905010313064994,30.047632574338284,0.05769196061536738
1875.0,0.0,1.0,0.047370068044691654,0.9903190994288409,30.047370068044692,0.05768161591488164
1900.0,0.0,1.0,0.04670136262551535,0.990345357248712,30.046701362625516,0.05768378719538971
1925.0,0.0,1.0,0.046433488565984796,0.9901702160774878,30.046433488565985,0.05767384298860629
1950.0,0.0,1.0,0.045767947618222816,0.9901948579898237,30.045767947618224,0.05767591706736693
1975.0,0.0,1.0,0.04548969427531745,0.9900244393553999,30.045489694275318,0.057666257710501004
2000.0,0.0,1.0,0.04482421668607206,0.9900441370304258,30.044824216686074,0.057668043695353235
2025.0,0.0,1.0,0.044533307670611984,0.9898745032465656,30.044533307670612,0.05765844201441076
2050.0,0.0,1.0,0.04386722883578544,0.9898855446671105,30.043867228835786,0.057659724311122165
2075.0,0.0,1.0,0.04356365222184384,0.9897127110432147,30.043563652221845,0.057649948207213586
2100.0,0.0,1.0,0.04289634308587092,0.9897130108539411,30.04289634308587,0.057650605924375785
2125.0,0.0,1.0,0.04257955498909476,0.9895351247147807,30.042579554989096,0.05764054798550015
2150.0,0.0,1.0,0.04190827617949101,0.9895249907114566,30.04190827617949,0.05764060165001559
2175.0,0.0,1.0,0.04157594058639405,0.9893426967657883,30.041575940586394,0.05763030165124838
2200.0,0.0,1.0,0.04089673959569679,0.9893238231255248,30.0408967395957,0.05762985371264874
2225.0,0.0,1.0,0.04054723410796974,0.9891387479794003,30.04054723410797,0.057619407942059706
2250.0,0.0,1.0,0.039858119400924555,0.9891129713654022,30.039858119400925,0.05761856727414109
2275.0,0.0,1.0,0.03949364663733365,0.9889263220173768,30.039493646637332,0.057608043912652326
2300.0,0.0,1.0,0.03879704133856238,0.9888951409945977,30.03879704133856,0.05760689546648507
2325.0,0.0,1.0,0.03842366657324766,0.9887074551742697,30.038423666573248,0.05759632001012887
2350.0,0.0,1.0,0.03772582711328832,0.9886720794084168,30.037725827113288,0.05759492823860483
2375.0,0.0,1.0,0.037350552159497216,0.9884838106405158,30.0373505521595,0.05758432038737253
2400.0,0.0,1.0,0.03665800457866502,0.9884457396523118,30.036658004578666,0.057582766378522984
2425.0,0.0,1.0,0.03628551044671868,0.9882583536095706,30.036285510446717,0.05757220702831787
2450.0,0.0,1.0,0.03560156268603429,0.9882203031387153,30.035601562686033,0.05757064581747103
2475.0,0.0,1.0,0.035233628321855164,0.9880369054885549,30.035233628321855,0.05756031419625988
2500.0,0.0,1.0,0.034558830027018886,0.9880026204866613,30.03455883002702,0.05755896343537854
2525.0,0.0,1.0,0.03419690230233086,0.9878269562691152,30.03419690230233,0.05754907635101533
2550.0,0.0,1.0,0.0335326101856089,0.9877994951932565,30.03353261018561,0.057548112940637955
2575.0,0.0,1.0,0.03318007064702082,0.9876341636717954,30.03318007064702,0.057538818609907144
2600.0,0.0,1.0,0.032530226307687524,0.9876145575953859,30.03253022630769,0.05753829887192451
2625.0,0.0,1.0,0.03219162040948785,0.9874601694344952,30.03219162040949,0.057529628551025454
2650.0,0.0,1.0,0.031560908477864705,0.9874479068490642,30.031560908477864,0.05752951822783132
2675.0,0.0,1.0,0.031239480114691652,0.9873037504167068,30.031239480114692,0.05752142738411268
2700.0,0.0,1.0,0.03063054447343183,0.9872984223058441,30.030630544473432,0.057521700141620266
2725.0,0.0,1.0,0.030326587810602795,0.9871641480088871,30.030326587810602,0.05751416815781415
2750.0,0.0,1.0,0.029738976339135616,0.9871666082137748,30.029738976339136,0.05751487420155109
2775.0,0.0,1.0,0.029450181998619963,0.9870433635074857,30.02945018199862,0.05750797017305249
2800.0,0.0,1.0,0.028881498833885914,0.9870551219799489,30.028881498833886,0.057509199798544214
2825.0,0.0,1.0,0.028605271696064666,0.9869444633620177,30.028605271696065,0.05750301692738845
2850.0,0.0,1.0,0.028053503775712665,0.9869656976937601,30.028053503775713,0.057504782437951034
2875.0,0.0,1.0,0.027789238231220717,0.9868673634965575,30.02778923823122,0.05749930608844281
2900.0,0.0,1.0,0.027254008621823637,0.9868960353077976,30.027254008621824,0.05750148910563304
2925.0,0.0,1.0,0.027002620649517892,0.9868076711618743,30.02700262064952,0.05749658125042524
2950.0,0.0,1.0,0.026484209679867914,0.9868411393756812,30.026484209679868,0.057499027641271405
2975.0,0.0,1.0,0.026245560783552585,0.9867604015320286,30.026245560783554,0.057494551873467574
3000.0,0.0,1.0,0.025743220618855495,0.9867975107568637,30.025743220618857,0.05749719504552443
3025.0,0.0,1.0,0.02551467368425216,0.986723781583239,30.025514673684253,0.057493117918360856
3050.0,0.0,1.0,0.025025954026897824,0.9867650501118334,30.025025954026898,0.057495990426089785
3075.0,0.0,1.0,0.02480348817701953,0.9866989356707548,30.02480348817702,0.05749235111661492
3100.0,0.0,1.0,0.024324988618180034,0.9867449494811398,30.02432498861818,0.057495490369440176
3125.0,0.0,1.0,0.024105742259341322,0.9866864300340122,30.02410574225934,0.05749229048114318
3150.0,0.0,1.0,0.02363500560917941,0.9867361602278536,30.02363500560918,0.05749563889037954
3175.0,0.0,1.0,0.023418905557788226,0.9866835833424968,30.023418905557786,0.057492782221229256
3200.0,0.0,1.0,0.022955696305415454,0.9867344997589779,30.022955696305416,0.057496192590220124
3225.0,0.0,1.0,0.022744139613538876,0.9866857081104619,30.02274413961354,0.057493552106191614
3250.0,0.0,1.0,0.02228914294000807,0.9867358859709424,30.022289142940007,0.05749691162478331
3275.0,0.0,1.0,0.022081940240605336,0.9866900590814203,30.022081940240604,0.05749443970366967
3300.0,0.0,1.0,0.021634333071540064,0.9867398011128374,30.02163433307154,0.057497766798655044
3325.0,0.0,1.0,0.02142864519251228,0.9866975788624817,30.02142864519251,0.05749550344979644
3350.0,0.0,1.0,0.020985847146300737,0.986748352508396,30.0209858471463,0.05749888610143309
3375.0,0.0,1.0,0.020778540927137632,0.9867102028827697,30.020778540927136,0.05749686160087138
3400.0,0.0,1.0,0.020338385352444095,0.9867622543984057,30.020338385352446,0.05750031623672186
3425.0,0.0,1.0,0.020128869585756003,0.9867273695300428,30.020128869585758,0.05749848408103454
3450.0,0.0,1.0,0.019691346632814397,0.9867790594760574,30.019691346632815,0.05750191517985843
3475.0,0.0,1.0,0.01948157583784613,0.9867460422267981,30.019481575837847,0.057500192087309464
3500.0,0.0,1.0,0.019048104585930467,0.986795530918647,30.01904810458593,0.057503491085844675
3525.0,0.0,1.0,0.018839856473163184,0.9867637754895607,30.018839856473164,0.05750184005437177
3550.0,0.0,1.0,0.01841083546762908,0.9868109574622974,30.01841083546763,0.05750500042115528
3575.0,0.0,1.0,0.018203231401730448,0.9867810792985467,30.01820323140173,0.05750345815797358
3600.0,0.0,1.0,0.01777687617021273,0.986827486214732,30.017776876170213,0.057506570854917644
3625.0,0.0,1.0,0.0175670665214633,0.9868002972088892,30.017567066521462,0.05750518740465398
3650.0,0.0,1.0,0.017141349051190843,0.9868470211324459,30.01714134905119,0.0575083180138062
3675.0,0.0,1.0,0.01692775664488521,0.9868222511447822,30.016927756644886,0.05750707914898088
3700.0,0.0,1.0,0.016502917748467523,0.9868684734693469,30.01650291774847,0.0575101797366818
3725.0,0.0,1.0,0.016287091219721564,0.9868449028834421,30.01628709121972,0.05750901290358488
3750.0,0.0,1.0,0.015865021910392907,0.9868889310006783,30.015865021910393,0.057511983019336486
3775.0,0.0,1.0,0.01564961183157833,0.9868659103170093,30.015649611831577,0.057510847829798255
3800.0,0.0,1.0,0.015230935315865144,0.986907312749509,30.015230935315866,0.05751366172759049
3825.0,0.0,1.0,0.015016346389539336,0.9868856058607086,30.01501634638954,0.057512602311400034
3850.0,0.0,1.0,0.014599429947235846,0.9869256280033604,30.014599429947236,0.05751533412944802
3875.0,0.0,1.0,0.014383432826532984,0.9869062851585513,30.014383432826534,0.05751441382999405
3900.0,0.0,1.0,0.013966501435422407,0.986946149851048,30.013966501435423,0.057517136532099535
3925.0,0.0,1.0,0.013747047370657774,0.9869290251900446,30.013747047370657,0.057516348815469326
3950.0,0.0,1.0,0.013330361841111093,0.9869684128199708,30.01333036184111,0.05751904352603079
3975.0,0.0,1.0,0.013108075584619218,0.986952305267491,30.01310807558462,0.05751831779989625
4000.0,0.0,1.0,0.012693472595941897,0.9869898537014566,30.01269347259594,0.05752090337467977
4025.0,0.0,1.0,0.012470899747018146,0.9869739750606497,30.01247089974702,0.05752019126544686
4050.0,0.0,1.0,0.012059289811190551,0.98700909114223,30.01205928981119,0.057522632259646905
4075.0,0.0,1.0,0.011837662785050761,0.9869941037633371,30.01183766278505,0.057521971187856714
4100.0,0.0,1.0,0.011427622490490383,0.9870277384185053,30.01142762249049,0.057524324381817635
4125.0,0.0,1.0,0.011205348176041463,0.9870149830697886,30.01120534817604,0.057523794015882035
4150.0,0.0,1.0,0.010794886277596588,0.9870482751524371,30.010794886277598,0.057526127689843345
4175.0,0.0,1.0,0.010569913149232044,0.987037921297727,30.010569913149233,0.05752573987576074
4200.0,0.0,1.0,0.010159153781738496,0.987070630512294,30.01015915378174,0.05752803990654243
4225.0,0.0,1.0,0.009931694932142144,0.9870612883311106,30.009931694932142,0.05752771344246895
4250.0,0.0,1.0,0.009522610039921579,0.9870922734976928,30.009522610039923,0.057529911429054274
4275.0,0.0,1.0,0.009294535742522354,0.9870828260983052,30.009294535742523,0.05752957942847623
4300.0,0.0,1.0,0.008888135725848473,0.9871117110023402,30.008888135725847,0.05753165247239125
4325.0,0.0,1.0,0.00866054339273274,0.9871028376381039,30.008660543392732,0.0575313534717434
4350.0,0.0,1.0,0.00825551573056011,0.9871304418741697,30.00825551573056,0.057533350596384196
4375.0,0.0,1.0,0.008027698136977441,0.9871237208843174,30.008027698136978,0.057533177265508405
4400.0,0.0,1.0,0.007622145586995748,0.9871508830258265,30.007622145586996,0.057535149163747676
4425.0,0.0,1.0,0.0073927014819794214,0.9871467038581582,30.00739270148198,0.057535125547730666
4450.0,0.0,1.0,0.006986569344863481,0.9871731631507131,30.006986569344864,0.05753705707446424
4475.0,0.0,1.0,0.006755246267503408,0.9871701109493748,30.006755246267502,0.05753710095436507
4500.0,0.0,1.0,0.006350282545779862,0.9871948691549486,30.006350282545778,0.05753893225052897
4525.0,0.0,1.0,0.0061182301781205735,0.9871915227850171,30.00611823017812,0.05753895969394285
4550.0,0.0,1.0,0.005715487819258959,0.9872142919992845,30.00571548781926,0.05754067296615212
4575.0,0.0,1.0,0.00548355517202411,0.9872112069845125,30.005483555172024,0.057540715537527945
4600.0,0.0,1.0,0.00508193503256298,0.9872329211239266,30.005081935032564,0.05754236627101707
4625.0,0.0,1.0,0.004849702297301257,0.9872318988487327,30.0048497022973,0.057542529369850826
4650.0,0.0,1.0,0.004447585062820049,0.987253359496014,30.00444758506282,0.05754416583833185
4675.0,0.0,1.0,0.00421445143435602,0.9872549419045963,30.004214451434358,0.0575444816322424
4700.0,0.0,1.0,0.0038118169407353624,0.9872755999746927,30.003811816940736,0.05754607185083558
4725.0,0.0,1.0,0.0035779159478252394,0.9872783905818066,30.003577915947826,0.057546458817208566
4750.0,0.0,1.0,0.0031760280427312916,0.9872971741721681,30.00317602804273,0.057547939093669016
4775.0,0.0,1.0,0.002941674155695896,0.987299730452677,30.002941674155696,0.05754831284957458
4800.0,0.0,1.0,0.002541241277060622,0.9873166024861251,30.00254124127706,0.057549680340037046
4825.0,0.0,1.0,0.002306348821127497,0.9873192416467703,30.00230634882113,0.057550059456630664
4850.0,0.0,1.0,0.0019066337806584088,0.987335261007397,30.00190663378066,0.05755137658683751
4875.0,0.0,1.0,0.0016710841167332819,0.987339638783065,30.001671084116733,0.05755185769039025
4900.0,0.0,1.0,0.0012709745646196262,0.9873555126105557,30.00127097456462,0.05755316674582908
4925.0,0.0,1.0,0.0010352312563244692,0.9873624771836664,30.001035231256324,0.057553798835218
4950.0,0.0,1.0,0.0006348313064543315,0.9873775531298378,30.000634831306453,0.057555061690930935
4975.0,0.0,1.0,0.00039951351467626867,0.987385966537847,30.000399513514676,0.05755577784281454
5000.0,0.0,1.0,0.0,0.9873991156724415,30.0,0.057556927562197054
0.0,0.0,1.5,0.20318391134007213,1.4899091477274462,30.203183911340073,0.0865563470146888
25.0,0.0,1.5,0.20318391134007213,1.4892326801068203,30.203183911340073,0.08651704759418091
50.0,0.0,1.5,0.2009647124229947,1.489756980161424,30.200964712422994,0.08655068657515683
75.0,0.0,1.5,0.20094338542291618,1.489089925327488,30.200943385422917,0.08651196311326181
100.0,0.0,1.5,0.19875865320592648,1.4895911332370406,30.19875865320593,0.08654421224708461
125.0,0.0,1.5,0.19871476019358858,1.488930512044136,30.19871476019359,0.08650589348063935
150.0,0.0,1.5,0.19656407268223924,1.4894061044105757,30.19656407268224,0.08653660661788935
175.0,0.0,1.5,0.1964912744817897,1.4887539207522524,30.19649127448179,0.08649881808875774
200.0,0.0,1.5,0.19436913794088836,1.4892063314729342,30.19436913794089,0.08652814437284087
225.0,0.0,1.5,0.19426003207831105,1.4885677242427853,30.19426003207831,0.08649119530462421
250.0,0.0,1.5,0.192159660495865,1.4890026066613389,30.192159660495864,0.08651947283773873
275.0,0.0,1.5,0.19201203466633035,1.4883823608468834,30.19201203466633,0.08648364448093837
300.0,0.0,1.5,0.18992854828281625,1.4888065181717556,30.189928548282815,0.08651127551152739
325.0,0.0,1.5,0.1897473994240664,1.4882068447180896,30.189747399424068,0.08647668924851756
350.0,0.0,1.5,0.18768078360999976,1.4886251556249295,30.18768078361,0.0865039572805362
375.0,0.0,1.5,0.1874760172823088,1.4880448314125458,30.187476017282307,0.0864705279302497
400.0,0.0,1.5,0.18543238464498302,1.488457478715894,30.185432384644983,0.0864974348348664
425.0,0.0,1.5,0.18521500840760216,1.4878921646927834,30.185215008407603,0.08646489456581861
450.0,0.0,1.5,0.18320271666194682,1.4882954547422902,30.183202716661945,0.08649121370246837
475.0,0.0,1.5,0.18297988010841298,1.4877402461210216,30.182979880108412,0.08645926731142248
500.0,0.0,1.5,0.18100296972307617,1.488130302533738,30.181002969723075,0.08648476755670897
525.0,0.0,1.5,0.18077302693552794,1.487583389351911,30.18077302693553,0.08645331227007451
550.0,0.0,1.5,0.17882848744441499,1.4879584285257055,30.178828487444417,0.0864778941968212
575.0,0.0,1.5,0.17858099016794143,1.48742186819767,30.17858099016794,0.0864470645997138
600.0,0.0,1.5,0.17666068897627646,1.4877818725845668,30.176660688976277,0.0864707387610582
625.0,0.0,1.5,0.17638242278833427,1.4872587682735243,30.176382422788333,0.08644073418365143
650.0,0.0,1.5,0.17447628048357128,1.4876047035198623,30.17447628048357,0.08646357108406079
675.0,0.0,1.5,0.17415842929842845,1.4870963248755975,30.17415842929843,0.08643447799709504
700.0,0.0,1.5,0.17225919331728154,1.48742908819238,30.17225919331728,0.0864565401312947
725.0,0.0,1.5,0.17190193147704033,1.4869338347500487,30.17190193147704,0.0864282653055015
750.0,0.0,1.5,0.17001022107359579,1.487252946177001,30.170010221073596,0.08644952384572907
775.0,0.0,1.5,0.16962309303373724,1.4867668493259054,30.16962309303374,0.0864218229680829
800.0,0.0,1.5,0.1677465063365805,1.4870710870400488,30.16774650633658,0.08644219594726958
825.0,0.0,1.5,0.16734329991159072,1.4865899680608763,30.16734329991159,0.08641480639387586
850.0,0.0,1.5,0.1654894377683545,1.4868798950775926,30.165489437768354,0.08643431556916673
875.0,0.0,1.5,0.16508023099634633,1.4864025435669572,30.165080230996345,0.08640715256341049
900.0,0.0,1.5,0.16325142691456504,1.4866817996818011,30.163251426914567,0.0864260060987599
925.0,0.0,1.5,0.16283810763837908,1.4862116350006833,30.16283810763838,0.08639926573901442
950.0,0.0,1.5,0.16103234501472943,1.486485439104831,30.16103234501473,0.08641776986781496
975.0,0.0,1.5,0.16061062552386418,1.4860287204246037,30.160610625523866,0.08639182221758304
1000.0,0.0,1.5,0.15882500347786227,1.4863012613845528,30.15882500347786,0.08641022461286445
1025.0,0.0,1.5,0.15838949605642544,1.48586311619879,30.158389496056426,0.08638537555832192
1050.0,0.0,1.5,0.15662246889326759,1.4861353806403754,30.156622468893268,0.08640373581913702
1075.0,0.0,1.5,0.15617031638360454,1.4857165140957038,30.156170316383605,0.0863800305383752
1100.0,0.0,1.5,0.15442311221254995,1.4859848881082265,30.15442311221255,0.08639813681556202
1125.0,0.0,1.5,0.1539546174410005,1.4855810388772424,30.153954617441002,0.08637532720120417
1150.0,0.0,1.5,0.1522305230852273,1.4858384907425572,30.152230523085226,0.08639276593310564
1175.0,0.0,1.5,0.15174691446591818,1.4854430712931321,30.151746914465917,0.08637046726510529
1200.0,0.0,1.5,0.15004647277088767,1.4856837641835643,30.15004647277089,0.08638689823025049
1225.0,0.0,1.5,0.14954638274524545,1.4852918365337338,30.149546382745246,0.08636482537510032
1250.0,0.0,1.5,0.147863405669158,1.4855148914956113,30.14786340566916,0.0863802062333487
1275.0,0.0,1.5,0.14734174746007003,1.4851251518665158,30.14734174746007,0.08635829067172196
1300.0,0.0,1.5,0.1456656526434228,1.4853336918215307,30.145665652643423,0.08637281808442238
1325.0,0.0,1.5,0.1451167131008344,1.484947280848774,30.145116713100833,0.08635113432563779
1350.0,0.0,1.5,0.14343858454217173,1.4851450643023565,30.14343858454217,0.08636503955916572
1375.0,0.0,1.5,0.14286062696135515,1.4847633266329285,30.142860626961355,0.08634366828556013
1400.0,0.0,1.5,0.14117803254668362,1.484952662936149,30.141178032546684,0.0863570890770391
1425.0,0.0,1.5,0.14057623993766585,1.4845757877438737,30.140576239937666,0.08633603387287354
1450.0,0.0,1.5,0.13889469652924108,1.4847573391760622,30.138894696529242,0.0863490008010162
1475.0,0.0,1.5,0.13828019601676542,1.4843845162749896,30.138280196016765,0.08632819862282219
1500.0,0.0,1.5,0.13661061224010773,1.484558162885735,30.13661061224011,0.0863406890479907
1525.0,0.0,1.5,0.13599433418372206,1.4841895131935894,30.13599433418372,0.08632013128875558
1550.0,0.0,1.5,0.13434654530448978,1.4843561669069263,30.13434654530449,0.08633218411801916
1575.0,0.0,1.5,0.1337323961618062,1.4839947514342717,30.133732396161808,0.08631204324017744
1600.0,0.0,1.5,0.13210960596715143,1.4841577186989052,30.132109605967152,0.08632384616359885
1625.0,0.0,1.5,0.13149448725025115,1.483808687289891,30.13149448725025,0.08630442618253799
1650.0,0.0,1.5,0.12989470330166408,1.4839721379080502,30.129894703301662,0.08631622458585922
1675.0,0.0,1.5,0.1292741876525269,1.4836397358344873,30.129274187652527,0.08629777884087605
1700.0,0.0,1.5,0.1276954217128155,1.4838056412038396,30.127695421712815,0.08630969026820752
1725.0,0.0,1.5,0.12706759029645426,1.4834911423443276,30.127067590296456,0.08629229569337325
1750.0,0.0,1.5,0.12551011366729325,1.483657707380759,30.125510113667293,0.08630421537379158
1775.0,0.0,1.5,0.12487557453311861,1.483358789461502,30.124875574533117,0.08628773610132327
1800.0,0.0,1.5,0.12334049100423104,1.4835210936324432,30.12334049100423,0.08629937623893416
1825.0,0.0,1.5,0.12270031642823613,1.48323252815243,30.122700316428237,0.08628350665420464
1850.0,0.0,1.5,0.12118628379084871,1.4833852124280082,30.12118628379085,0.0862945574005586
1875.0,0.0,1.5,0.12053843491688755,1.4831016322201818,30.120538434916888,0.08627898823793925
1900.0,0.0,1.5,0.11903893667214939,1.4832421248055496,30.11903893667215,0.0862893092593276
1925.0,0.0,1.5,0.11837611425754418,1.4829609535045034,30.118376114257543,0.0862739011065582
1950.0,0.0,1.5,0.11688096113941071,1.4830898937269579,30.11688096113941,0.08628354412854304
1975.0,0.0,1.5,0.11619413248412434,1.482810814977681,30.116194132484125,0.08626829151972004
2000.0,0.0,1.5,0.11469448655803743,1.482929335232056,30.114694486558037,0.08627733502797097
2025.0,0.0,1.5,0.11397908722899414,1.482651295077562,30.113979087228994,0.0862621831774836
2050.0,0.0,1.5,0.11247062409062586,1.48275886524174,30.112470624090626,0.08627060247224287
2075.0,0.0,1.5,0.11172855730256435,1.482478918874971,30.111728557302563,0.08625537730521923
2100.0,0.0,1.5,0.11021156595542289,1.482573491219424,30.110211565955424,0.08626305276737968
2125.0,0.0,1.5,0.10944873144424017,1.4822883891067822,30.10944873144424,0.08624755673119816
2150.0,0.0,1.5,0.10792668302204135,1.4823681542242981,30.10792668302204,0.08625437802678637
2175.0,0.0,1.5,0.10714906768083705,1.4820768318054824,30.107149067680837,0.08623854055838452
2200.0,0.0,1.5,0.10562519527027125,1.4821429533964432,30.10562519527027,0.08624457067790017
2225.0,0.0,1.5,0.10483563089898958,1.48184796700306,30.10483563089899,0.08622853642654545
2250.0,0.0,1.5,0.10331036669529015,1.4819055767074671,30.10331036669529,0.08623407328380324
2275.0,0.0,1.5,0.10250905526166938,1.4816117150593486,30.10250905526167,0.08621812059574209
2300.0,0.0,1.5,0.10098254826552876,1.4816669182052014,30.100982548265527,0.08622351922119684
2325.0,0.0,1.5,0.10017123832239194,1.4813781245466027,30.100171238322392,0.08620787506665359
2350.0,0.0,1.5,0.098647719409262,1.4814342209775013,30.09864771940926,0.08621332143287153
2375.0,0.0,1.5,0.0978326596365146,1.4811521791325857,30.097832659636513,0.08619807488161853
2400.0,0.0,1.5,0.09632054723512729,1.4812094062183423,30.096320547235127,0.08620357076253592
2425.0,0.0,1.5,0.09551099947187408,1.4809347193951332,30.095510999471873,0.08618874369622717
2450.0,0.0,1.5,0.09401873319300261,1.4809930000467497,30.094018733193003,0.08619427253481884
2475.0,0.0,1.5,0.09322242482748284,1.4807271522129808,30.093222424827484,0.08617994030243417
2500.0,0.0,1.5,0.09175432379724112,1.4807884621216358,30.09175432379724,0.08618561091889672
2525.0,0.0,1.5,0.09097341281774143,1.4805348007926808,30.090973412817743,0.08617196532328887
2550.0,0.0,1.5,0.0895291771760232,1.4806029615218803,30.089529177176022,0.08617800060967393
2575.0,0.0,1.5,0.08876078736494623,1.4803655783285363,30.088760787364947,0.08616528399938278
2600.0,0.0,1.5,0.08733911293707385,1.4804438158142235,30.087339112937073,0.08617187365085062
2625.0,0.0,1.5,0.08658106360477633,1.4802246722665227,30.086581063604775,0.08616020341798368
2650.0,0.0,1.5,0.08518376626729712,1.4803133348081159,30.085183766267296,0.08616736518343693
2675.0,0.0,1.5,0.08443884946248255,1.4801110059306213,30.084438849462483,0.08615665448523058
2700.0,0.0,1.5,0.08307056460314971,1.4802079761435738,30.08307056460315,0.08616425854290784
2725.0,0.0,1.5,0.08234369687822397,1.4800201193145848,30.082343696878223,0.08615436406325615
2750.0,0.0,1.5,0.08100730128238007,1.4801234035661217,30.08100730128238,0.08616229028972464
2775.0,0.0,1.5,0.08029973571703415,1.4799497256437595,30.080299735717034,0.08615319324630764
2800.0,0.0,1.5,0.07899291138579058,1.4800592143961544,30.07899291138579,0.08616143862185635
2825.0,0.0,1.5,0.07830043405646354,1.4799013528670408,30.078300434056462,0.08615324044905708
2850.0,0.0,1.5,0.07701716175296608,1.4800182279294847,30.077017161752966,0.0861618824342997
2875.0,0.0,1.5,0.07633379965239341,1.4798771267514248,30.076333799652392,0.08615464671923186
2900.0,0.0,1.5,0.0750695879302701,1.480001751722412,30.07506958793027,0.08616371296265435
2925.0,0.0,1.5,0.0743928877298726,1.4798756781224895,30.07439288772987,0.08615734241860486
2950.0,0.0,1.5,0.07314836000222971,1.4800061717600737,30.07314836000223,0.08616672254691232
2975.0,0.0,1.5,0.0724802575829659,1.479891641712625,30.072480257582967,0.08616101162653184
3000.0,0.0,1.5,0.07125851891307489,1.4800249386446125,30.071258518913076,0.08617052274864799
3025.0,0.0,1.5,0.07060069949097059,1.4799195092720805,30.07060069949097,0.08616532685699903
3050.0,0.0,1.5,0.06940101474326173,1.4800539665433492,30.06940101474326,0.08617487437670959
3075.0,0.0,1.5,0.0687506982689152,1.4799576853492733,30.068750698268914,0.08617020030109485
3100.0,0.0,1.5,0.06756667283127195,1.4800938639277663,30.067566672831273,0.08617982604793635
3125.0,0.0,1.5,0.06691824559169361,1.4800077896034811,30.066918245591694,0.08617574351512725
3150.0,0.0,1.5,0.06574335197302082,1.4801462932031024,30.06574335197302,0.0861854920082775
3175.0,0.0,1.5,0.06509350965623886,1.480070046237566,30.06509350965624,0.08618198369964256
3200.0,0.0,1.5,0.06392680305282698,1.4802096245283765,30.063926803052826,0.0861917835044546
3225.0,0.0,1.5,0.06327667295761111,1.4801408134250835,30.06327667295761,0.08618870858928736
3250.0,0.0,1.5,0.06212170808835253,1.4802791680161922,30.062121708088352,0.08619842077994995
3275.0,0.0,1.5,0.06147367993295249,1.4802151585856467,30.061473679932952,0.08619562246890969
3300.0,0.0,1.5,0.06033234465640141,1.4803510321659776,30.060332344656402,0.08620517111369567
3325.0,0.0,1.5,0.059685757675928985,1.4802910124502573,30.05968575767593,0.08620260308861379
3350.0,0.0,1.5,0.05855435659007325,1.4804249798560847,30.058554356590072,0.08621202694684305
3375.0,0.0,1.5,0.05790505609536654,1.4803701361795953,30.057905056095368,0.08620976426637844
3400.0,0.0,1.5,0.056777442160857214,1.4805032325222047,30.056777442160858,0.08621913242723188
3425.0,0.0,1.5,0.05612207847972485,1.480454647462664,30.056122078479724,0.08621724296347079
3450.0,0.0,1.5,0.05499632575910035,1.4805863887154198,30.0549963257591,0.08622653000273114
3475.0,0.0,1.5,0.054336330082362806,1.480543020579149,30.054336330082364,0.08622495106299895
3500.0,0.0,1.5,0.053216068009244145,1.480671605249371,30.053216068009245,0.08623404685432183
3525.0,0.0,1.5,0.05255530035969231,1.480631246579269,30.052555300359693,0.08623264435864385
3550.0,0.0,1.5,0.0514438000378959,1.480755833288195,30.051443800037895,0.08624149519085149
3575.0,0.0,1.5,0.050782828064965944,1.480717645529004,30.050782828064968,0.08624021949542317
3600.0,0.0,1.5,0.04967836081962204,1.4808392025292547,30.049678360819623,0.08624888422248929
3625.0,0.0,1.5,0.04901348798896165,1.480804178808417,30.04901348798896,0.08624779848280294
3650.0,0.0,1.5,0.04791152516834994,1.4809239325040857,30.04791152516835,0.08625635502287912
3675.0,0.0,1.5,0.04723944856613622,1.480893222796824,30.047239448566135,0.08625553097411007
3700.0,0.0,1.5,0.04613787379092296,1.4810111025467543,30.046137873790922,0.08626397824710695
3725.0,0.0,1.5,0.04545991920038636,1.480984499760811,30.045459919200386,0.08626340194308511
3750.0,0.0,1.5,0.04436113027083214,1.4810991724072506,30.044361130270833,0.0862716588489596
3775.0,0.0,1.5,0.04368185439641666,1.4810752982277124,30.043681854396418,0.08627124347913849
3800.0,0.0,1.5,0.04258924298730432,1.481185781179731,30.042589242987304,0.08627924789859998
3825.0,0.0,1.5,0.04191051450383313,1.4811638501723603,30.041910514503833,0.08627894503633735
3850.0,0.0,1.5,0.040823623269216305,1.481270930394514,30.040823623269215,0.0862867434477503
3875.0,0.0,1.5,0.04014192018061398,1.4812517022856548,30.040141920180613,0.08628660241256471
3900.0,0.0,1.5,0.03905707470667479,1.481356966230392,30.039057074706676,0.08629429249495849
3925.0,0.0,1.5,0.038368377546112706,1.481341349005057,30.038368377546114,0.08629437196552256
3950.0,0.0,1.5,0.037283756778230856,1.481444980563636,30.03728375677823,0.08630196704335046
3975.0,0.0,1.5,0.036589135913859414,1.4814325784757671,30.03658913591386,0.0863022424443726
4000.0,0.0,1.5,0.03550665724315341,1.48153327534093,30.035506657243154,0.08630966389125407
4025.0,0.0,1.5,0.03481067280547047,1.4815231375249598,30.03481067280547,0.08631007328935911
4050.0,0.0,1.5,0.033732849607579586,1.4816200162402633,30.03373284960758,0.08631726601270297
4075.0,0.0,1.5,0.03303779358618585,1.4816120142706546,30.033037793586185,0.08631779863942433
4100.0,0.0,1.5,0.03196444127552721,1.481705642212871,30.031964441275527,0.08632479594235444
4125.0,0.0,1.5,0.0312678334336513,1.481700536507734,30.031267833433652,0.08632549967121582
4150.0,0.0,1.5,0.03019619803182604,1.4817921890629477,30.030196198031827,0.0863323798052319
4175.0,0.0,1.5,0.029494105431081517,1.4817904596095408,30.02949410543108,0.0863332882663768
4200.0,0.0,1.5,0.028422388517240126,1.4818805230273941,30.02842238851724,0.08634007631596649
4225.0,0.0,1.5,0.027714597152583488,1.481881432196938,30.027714597152585,0.08634114685493983
4250.0,0.0,1.5,0.026644401351238002,1.4819689335848645,30.026644401351238,0.08634778382625956
4275.0,0.0,1.5,0.025934723849927992,1.48197142668666,30.02593472384993,0.0863489495198099
4300.0,0.0,1.5,0.024868581837827648,1.4820555322354687,30.02486858183783,0.08635538317648797
4325.0,0.0,1.5,0.02415987666529931,1.4820598974044956,30.024159876665298,0.08635665670777883
4350.0,0.0,1.5,0.023097469004091452,1.4821410886542816,30.023097469004092,0.08636291555238251
4375.0,0.0,1.5,0.022388267036627444,1.4821486753137716,30.02238826703663,0.08636437767008273
4400.0,0.0,1.5,0.021326817955477285,1.482227933686098,30.021326817955476,0.0863705228719421
4425.0,0.0,1.5,0.020613792959002765,1.482239140590545,30.020613792959004,0.08637220160916474
4450.0,0.0,1.5,0.0195517529439122,1.4823166028496133,30.01955175294391,0.08637824336231822
4475.0,0.0,1.5,0.018834116106447987,1.4823301304590166,30.018834116106447,0.08638006414134751
4500.0,0.0,1.5,0.017773017020475578,1.482405062364998,30.017773017020474,0.08638595744977749
4525.0,0.0,1.5,0.01705319819290321,1.4824195447088302,30.017053198192905,0.08638783718243798
4550.0,0.0,1.5,0.015995465306331762,1.4824914381546634,30.015995465306332,0.08639354893493444
4575.0,0.0,1.5,0.015275915689598152,1.482507286126582,30.0152759156896,0.08639550804169062
4600.0,0.0,1.5,0.014221449734341553,1.4825766433893923,30.014221449734343,0.08640106763854358
4625.0,0.0,1.5,0.013501802325787562,1.4825956825308486,30.013501802325788,0.08640321304074892
4650.0,0.0,1.5,0.01244792346544355,1.4826633980829356,30.012447923465444,0.08640867645912433
4675.0,0.0,1.5,0.011726035888717326,1.482686461606973,30.011726035888717,0.0864110598128048
4700.0,0.0,1.5,0.01067108643090864,1.4827524309004676,30.010671086430907,0.08641642334303103
4725.0,0.0,1.5,0.009946196953742556,1.482777990989234,30.00994619695374,0.08641895671771523
4750.0,0.0,1.5,0.008891572304074495,1.482841119931547,30.008891572304073,0.08642415457946072
4775.0,0.0,1.5,0.008165011587417876,1.482867160333759,30.00816501158742,0.08642671855461616
4800.0,0.0,1.5,0.007112875163736525,1.482927069093922,30.007112875163738,0.0864317254817323
4825.0,0.0,1.5,0.006385780760392559,1.4829538698612408,30.006385780760393,0.08643433474226682
4850.0,0.0,1.5,0.005336043573657071,1.4830117023224163,30.005336043573656,0.08643921752070219
4875.0,0.0,1.5,0.00460811639738834,1.4830415318040926,30.00460811639739,0.08644200471446327
4900.0,0.0,1.5,0.00355879116946557,1.4830983761917942,30.003558791169464,0.0864468296302156
4925.0,0.0,1.5,0.0028296713166313775,1.483132400219112,30.002829671316633,0.08644986324282533
4950.0,0.0,1.5,0.0017795433483116644,1.4831875918945923,30.001779543348313,0.08645459330428132
4975.0,0.0,1.5,0.0010497580271179373,1.4832243171645048,30.00104975802712,0.08645778554781018
5000.0,0.0,1.5,0.0,1.4832762180522703,30.0,0.0864623235752275
0.0,0.0,2.0,0.37711345575042754,1.9751712119520664,30.37711345575043,0.11441869545120308
25.0,0.0,2.0,0.37711345575042754,1.9740868117506365,30.37711345575043,0.1143558777796798
50.0,0.0,2.0,0.373192677488224,1.9750997957941845,30.373192677488223,0.11442194288700056
75.0,0.0,2.0,0.373116766352097,1.9740526657365802,30.373116766352098,0.11436142321456468
100.0,0.0,2.0,0.3692369985805041,1.9750416638881276,30.369236998580504,0.114426026604517
125.0,0.0,2.0,0.3690971473319242,1.974029983441197,30.369097147331924,0.11436767721320233
150.0,0.0,2.0,0.3652629571418342,1.9749960926982426,30.365262957141834,0.11443087370387516
175.0,0.0,2.0,0.3650772327317917,1.9740137330411074,30.365077232731792,0.11437430576111847
200.0,0.0,2.0,0.36129579140633655,1.9749560211016979,30.361295791406338,0.11443602763609231
225.0,0.0,2.0,0.3610797785691848,1.9739971242864742,30.361079778569184,0.11438087261514944
250.0,0.0,2.0,0.3573560352663045,1.974914754562781,30.357356035266303,0.1144410618221752
275.0,0.0,2.0,0.3571172078231918,1.9739760188675612,30.35711720782319,0.11438711453740108
300.0,0.0,2.0,0.3534528088794961,1.9748681173738665,30.353452808879496,0.11444571704185622
325.0,0.0,2.0,0.353187546877965,1.9739498625525322,30.353187546877965,0.11439300304134639
350.0,0.0,2.0,0.34957885468726374,1.9748160511980628,30.349578854687262,0.11445000350392902
375.0,0.0,2.0,0.3492727704807973,1.9739223131646355,30.3492727704808,0.11439878399844583
400.0,0.0,2.0,0.34570949405577384,1.974763893524854,30.345709494055775,0.114454277013627
425.0,0.0,2.0,0.3453456639374623,1.9738991586562085,30.34534566393746,0.11440484414200716
450.0,0.0,2.0,0.34181628033135947,1.9747176233723311,30.341816280331358,0.11445893777759988
475.0,0.0,2.0,0.3413861379391212,1.973882515432768,30.34138613793912,0.1144113440832874
500.0,0.0,2.0,0.3378851846595136,1.9746772668074395,30.337885184659513,0.11446401386091543
525.0,0.0,2.0,0.3373919831771501,1.9738679173411753,30.33739198317715,0.11441802921032665
550.0,0.0,2.0,0.33392082488549024,1.9746368776758114,30.33392082488549,0.11446915195787669
575.0,0.0,2.0,0.33337640616098585,1.9738470858234454,30.333376406160987,0.11442439476511723
600.0,0.0,2.0,0.32993981341265466,1.9745887201612213,30.329939813412654,0.11447387227888992
625.0,0.0,2.0,0.3293595982940357,1.9738124070112995,30.329359598294037,0.11442996120178316
650.0,0.0,2.0,0.3259626502186758,1.9745271725407922,30.325962650218674,0.11447781012653231
675.0,0.0,2.0,0.32535891837741027,1.9737616086706427,30.32535891837741,0.11443456387087525
700.0,0.0,2.0,0.32200389598969825,1.9744532027660262,30.3220038959897,0.11448099398074847
725.0,0.0,2.0,0.3213791281744521,1.9737020017460383,30.321379128174453,0.11443861748733833
750.0,0.0,2.0,0.3180637064750447,1.9743772523173224,30.318063706475044,0.1144840288382375
775.0,0.0,2.0,0.3174116962065377,1.9736485166823985,30.317411696206538,0.11444300378294801
800.0,0.0,2.0,0.31413169816202885,1.9743140543326023,30.31413169816203,0.11448778862273316
825.0,0.0,2.0,0.3134458456842515,1.9736142647984734,30.313445845684253,0.11444850347581616
850.0,0.0,2.0,0.31020013644700606,1.9742721327020012,30.310200136447005,0.11449278239991405
875.0,0.0,2.0,0.30947804070090934,1.9736026382638285,30.30947804070091,0.1144553201821713
900.0,0.0,2.0,0.3062698110526768,1.974249076895709,30.306269811052676,0.11449886911647505
925.0,0.0,2.0,0.3055128724880025,1.9736063637749675,30.305512872488002,0.11446302366274395
950.0,0.0,2.0,0.302347044381145,1.9742341321700583,30.302347044381143,0.11450541326465119
975.0,0.0,2.0,0.30155939249560915,1.9736112948129079,30.30155939249561,0.114470776485174
1000.0,0.0,2.0,0.29843776044589276,1.9742138809267362,30.298437760445893,0.11451162546359571
1025.0,0.0,2.0,0.29762200210874845,1.9736041900698051,30.29762200210875,0.11447780228063834
1050.0,0.0,2.0,0.29453848663949905,1.9741797747052006,30.2945384866395,0.11451701632973393
1075.0,0.0,2.0,0.2936905321638294,1.9735806044382946,30.29369053216383,0.11448386225873011
1100.0,0.0,2.0,0.29063188837129267,1.9741325171873478,30.290631888371294,0.11452165928865596
1125.0,0.0,2.0,0.28974301631534993,1.9735449966041592,30.28974301631535,0.11448925639895542
1150.0,0.0,2.0,0.28669568975321735,1.9740785239795904,30.286695689753216,0.11452596851775733
1175.0,0.0,2.0,0.2857609730993518,1.9735036613714976,30.28576097309935,0.11449438471376643
1200.0,0.0,2.0,0.2827183991891184,1.9740225561246745,30.28271839918912,0.11453024192964975
1225.0,0.0,2.0,0.2817420456796031,1.9734590839288881,30.281742045679604,0.1144993958180528
1250.0,0.0,2.0,0.2787078307424886,1.973963946781892,30.278707830742487,0.11453442607060765
1275.0,0.0,2.0,0.27770101013956583,1.9734096311959173,30.277701010139566,0.11450416701449548
1300.0,0.0,2.0,0.27468642527515846,1.973898640221856,30.27468642527516,0.11453824315267745
1325.0,0.0,2.0,0.2736611580805834,1.9733525413798656,30.273661158080582,0.11450849395950455
1350.0,0.0,2.0,0.2706773498688278,1.9738246189661057,30.270677349868826,0.11454153220308015
1375.0,0.0,2.0,0.2696404099945299,1.9732887939783532,30.26964040999453,0.11451239950776992
1400.0,0.0,2.0,0.2666914082356736,1.9737465917607695,30.266691408235673,0.11454454593478375
1425.0,0.0,2.0,0.2656411273720677,1.9732267257647296,30.265641127372067,0.11451636292227944
1450.0,0.0,2.0,0.2627248500839436,1.973675641353456,30.262724850083945,0.11454793459812875
1475.0,0.0,2.0,0.2616544775259524,1.973178790719456,30.26165447752595,0.11452112373064152
1500.0,0.0,2.0,0.2587693693417539,1.9736228506345985,30.258769369341753,0.11455235724821748
1525.0,0.0,2.0,0.2576750618520419,1.9731527913839781,30.25767506185204,0.1145271451805599
1550.0,0.0,2.0,0.2548235394856674,1.9735919152802008,30.254823539485667,0.11455803129931007
1575.0,0.0,2.0,0.25370798510413495,1.973146735948259,30.253707985104136,0.11453430223562729
1600.0,0.0,2.0,0.25089411937652767,1.9735772547299657,30.25089411937653,0.11456462024448957
1625.0,0.0,2.0,0.24976248898009734,1.9731514509609276,30.249762488980096,0.11454204509164181
1650.0,0.0,2.0,0.24698782952882817,1.9735684883001368,30.246987829528827,0.11457150889300786
1675.0,0.0,2.0,0.24584194173057328,1.9731567841167825,30.245841941730575,0.11454977808621068
1700.0,0.0,2.0,0.24310195971748652,1.9735573011399012,30.243101959717485,0.11457821968790084
1725.0,0.0,2.0,0.24193776963852984,1.9731570752212675,30.24193776963853,0.1145571888190908
1750.0,0.0,2.0,0.23922086428807743,1.9735418753900476,30.23922086428808,0.11458467667798394
1775.0,0.0,2.0,0.23803038946504554,1.9731527852400241,30.238030389465045,0.11456434107839518
1800.0,0.0,2.0,0.23532241625361014,1.9735249326904478,30.23532241625361,0.1145910797713128
1825.0,0.0,2.0,0.234099199311012,1.9731458893484608,30.23409919931101,0.11457138854089417
1850.0,0.0,2.0,0.23139160635503106,1.9735062783382844,30.231391606355032,0.11459744611113526
1875.0,0.0,2.0,0.23013493089013584,1.9731331063372797,30.230134930890134,0.1145781582307664
1900.0,0.0,2.0,0.22742727653974734,1.9734788684867317,30.227427276539746,0.11460336885945127
1925.0,0.0,2.0,0.22614122122348362,1.9731056780587126,30.226141221223482,0.11458413461140671
1950.0,0.0,2.0,0.2234360151963255,1.973433341008196,30.223436015196327,0.11460829174874224
1975.0,0.0,2.0,0.22212582630543146,1.9730558859819238,30.222125826305433,0.11458885457395672
2000.0,0.0,2.0,0.21942399871341556,1.9733645876245174,30.219423998713417,0.11461190619938141
2025.0,0.0,2.0,0.21809258591688988,1.9729828215734255,30.21809258591689,0.11459225783260826
2050.0,0.0,2.0,0.2153923332008067,1.973275243265363,30.215392333200807,0.11461436291007586
2075.0,0.0,2.0,0.2140385175567403,1.972893527175077,30.21403851755674,0.11459475884132689
2100.0,0.0,2.0,0.2113366197362663,1.973174700014724,30.211336619736265,0.11461621556336421
2125.0,0.0,2.0,0.20995828900317592,1.972798585140114,30.209958289003175,0.11459698225603558
2150.0,0.0,2.0,0.20725484544993386,1.9730726031824852,30.207254845449935,0.11461802817492123
2175.0,0.0,2.0,0.20585528952909657,1.9727044895636712,30.205855289529097,0.11459929886233684
2200.0,0.0,2.0,0.20315758738006706,1.9729722679247204,30.203157587380066,0.11461997327364656
2225.0,0.0,2.0,0.20174638943374118,1.972611290529476,30.20174638943374,0.11460167959295563
2250.0,0.0,2.0,0.19906588333522712,1.9728724484281013,30.199065883335226,0.11462193858855642
2275.0,0.0,2.0,0.19765266540786863,1.9725185973273558,30.19765266540787,0.11460406176926101
2300.0,0.0,2.0,0.1949983512939084,1.9727745868403088,30.194998351293908,0.11462397257613444
2325.0,0.0,2.0,0.19358786433009142,1.9724311990728516,30.19358786433009,0.11460669756248966
2350.0,0.0,2.0,0.190962498539301,1.972685978599329,30.1909624985393,0.11462648490183186
2375.0,0.0,2.0,0.18955474920044715,1.9723585600804259,30.189554749200447,0.11461013171841618
2400.0,0.0,2.0,0.18695585340005982,1.9726170300775772,30.18695585340006,0.11463008505976012
2425.0,0.0,2.0,0.18554944503815604,1.9723104038904118,30.185549445038156,0.11461493679090559
2450.0,0.0,2.0,0.1829754567458328,1.972575443091267,30.182975456745833,0.11463522645693
2475.0,0.0,2.0,0.181572440584921,1.9722909436944909,30.181572440584922,0.11462135696098835
2500.0,0.0,2.0,0.17902835071706397,1.972561562807279,30.179028350717065,0.11464191606675114
2525.0,0.0,2.0,0.1776351298465235,1.9722970479650352,30.177635129846525,0.114629188885186
2550.0,0.0,2.0,0.1751291699765519,1.9725707063600064,30.17512916997655,0.11464985418978216
2575.0,0.0,2.0,0.17375080865471274,1.9723240219775566,30.173750808654713,0.11463813467926488
2600.0,0.0,2.0,0.17128589379044995,1.9726004375525128,30.17128589379045,0.11465888426419643
2625.0,0.0,2.0,0.16992088827589744,1.9723720768378186,30.169920888275897,0.1146482041050126
2650.0,0.0,2.0,0.16749201343767306,1.9726534951399506,30.167492013437673,0.11466917802573973
2675.0,0.0,2.0,0.1661339094533651,1.9724455938365262,30.166133909453364,0.11465967379517228
2700.0,0.0,2.0,0.16373368291542909,1.9727337133796192,30.163733682915428,0.1146809848878468
2725.0,0.0,2.0,0.1623773710079636,1.972547194031144,30.162377371007963,0.11467272011096817
2750.0,0.0,2.0,0.16000264123978142,1.9728407432322037,30.16000264123978,0.11469430051575663
2775.0,0.0,2.0,0.15864887133399821,1.9726735977805674,30.158648871333998,0.11468715721149614
2800.0,0.0,2.0,0.15630194259351862,1.9729689880324515,30.15630194259352,0.11470879396201482
2825.0,0.0,2.0,0.15495533157974922,1.9728173407389047,30.15495533157975,0.11470253817343495
2850.0,0.0,2.0,0.1526389141750785,1.9731116446592403,30.15263891417508,0.11472405591316766
2875.0,0.0,2.0,0.15130060222778355,1.9729729776502598,30.151300602227785,0.11471853919191119
2900.0,0.0,2.0,0.1490120444767469,1.9732662335361524,30.14901204447675,0.11473994516359425
2925.0,0.0,2.0,0.14767577463886253,1.9731411104939929,30.147675774638863,0.11473521229192375
2950.0,0.0,2.0,0.14540783252621728,1.9734351776422618,30.145407832526217,0.11475662838116485
2975.0,0.0,2.0,0.14406580692082158,1.9733247705195338,30.14406580692082,0.11475276246382933
3000.0,0.0,2.0,0.1418131290980048,1.9736200345301458,30.141813129098004,0.1147742212949821
3025.0,0.0,2.0,0.14046402348406054,1.9735230155370063,30.14046402348406,0.11477114776381307
3050.0,0.0,2.0,0.13822706739784427,1.9738170930795789,30.138227067397843,0.11479250987730867
3075.0,0.0,2.0,0.13687569854692072,1.9737302303889575,30.13687569854692,0.1147900317153719
3100.0,0.0,2.0,0.13465750399808368,1.9740201015865004,30.134657503998085,0.11481111566942627
3125.0,0.0,2.0,0.13330734430703348,1.9739413246838935,30.133307344307035,0.11480910591547945
3150.0,0.0,2.0,0.13110759817057246,1.9742261254927504,30.131107598170573,0.11482986200000116
3175.0,0.0,2.0,0.1297556746022289,1.9741559705279301,30.12975567460223,0.1148283575622663
3200.0,0.0,2.0,0.12756930180110906,1.9744372523049132,30.12756930180111,0.11484888563509606
3225.0,0.0,2.0,0.12620927273878946,1.974377078420575,30.12620927273879,0.11484797772873982
3250.0,0.0,2.0,0.12403098633703057,1.9746564565306493,30.12403098633703,0.11486838181083539
3275.0,0.0,2.0,0.12266022246865922,1.9746057067508973,30.12266022246866,0.11486804313629864
3300.0,0.0,2.0,0.1204900118653616,1.9748823564571434,30.12049001186536,0.11488827526468416
3325.0,0.0,2.0,0.11911190562013552,1.9748383544366828,30.119111905620137,0.11488834373828251
3350.0,0.0,2.0,0.11695389431815555,1.975109676423505,30.116953894318154,0.11490824480408035
3375.0,0.0,2.0,0.1155724308037175,1.9750706058713918,30.115572430803716,0.11490860720820162
3400.0,0.0,2.0,0.1134278432779067,1.9753355475257888,30.113427843277908,0.11492811357769649
3425.0,0.0,2.0,0.11204238625753463,1.975302292325407,30.112042386257535,0.11492882258814635
3450.0,0.0,2.0,0.1099069850669066,1.9755623062366674,30.109906985066907,0.11494802680525501
3475.0,0.0,2.0,0.10851371916265656,1.9755365770832205,30.108513719162655,0.11494918928925746
3500.0,0.0,2.0,0.10638260880334466,1.975793224466234,30.106382608803344,0.11496819150728702
3525.0,0.0,2.0,0.10497912429547751,1.975774997705049,30.10497912429548,0.11496981075594562
3550.0,0.0,2.0,0.10285195736893105,1.9760278566817933,30.10285195736893,0.11498858707249902
3575.0,0.0,2.0,0.10143968671606057,1.9760150691363878,30.10143968671606,0.11499054035577627
3600.0,0.0,2.0,0.09932035540087254,1.9762622819603537,30.099320355400874,0.11500897519868893
3625.0,0.0,2.0,0.09790257587867376,1.9762529470884542,30.097902575878674,0.11501114069221231
3650.0,0.0,2.0,0.0957936859190313,1.9764937300006873,30.09579368591903,0.11502918341567081
3675.0,0.0,2.0,0.0943712445452515,1.9764882305496012,30.09437124454525,0.11503158180185141
3700.0,0.0,2.0,0.09227007206862924,1.9767241136461615,30.09227007206863,0.11504932660462136
3725.0,0.0,2.0,0.09084053138054447,1.976724558537952,30.090840531380543,0.11505208531947583
3750.0,0.0,2.0,0.08874228846480396,1.9769571902186152,30.088742288464804,0.11506963726296496
3775.0,0.0,2.0,0.0873037480357418,1.976964381515213,30.08730374803574,0.1150728066793029
3800.0,0.0,2.0,0.08520747559467134,1.9771930855562252,30.08520747559467,0.11509012822044636
3825.0,0.0,2.0,0.08376117190824055,1.9772053977077861,30.08376117190824,0.11509361141091125
3850.0,0.0,2.0,0.08166996839021465,1.977428268335103,30.081669968390216,0.11511058565825459
3875.0,0.0,2.0,0.08021854925371258,1.977443677767421,30.08021854925371,0.11511425980026412
3900.0,0.0,2.0,0.07813509404824819,1.9776602782397983,30.07813509404825,0.11513085614991862
3925.0,0.0,2.0,0.07667942780329048,1.9776786253041339,30.076679427803292,0.11513471030956657
3950.0,0.0,2.0,0.07460265562653372,1.9778907579635057,30.074602655626535,0.11515103567237504
3975.0,0.0,2.0,0.07314073330533984,1.977913872300545,30.07314073330534,0.11515518024125312
4000.0,0.0,2.0,0.07106713401007249,1.9781235091486293,30.07106713401007,0.11517135611684916
4025.0,0.0,2.0,0.06959711559819179,1.978152811717816,30.069597115598192,0.11517587739643757
4050.0,0.0,2.0,0.06752519085144676,1.9783594256233608,30.06752519085145,0.11519187595142381
4075.0,0.0,2.0,0.06604874139122613,1.9783938370417107,30.066048741391228,0.11519670795982383
4100.0,0.0,2.0,0.06398048916132497,1.9785948972107184,30.063980489161324,0.11521237798317188
4125.0,0.0,2.0,0.06250079785547896,1.9786322595422408,30.062500797855478,0.11521738899307114
4150.0,0.0,2.0,0.06043811728474306,1.978826783045724,30.060438117284743,0.11523266955878998
4175.0,0.0,2.0,0.05895535787721341,1.978866832169048,30.058955357877213,0.11523784387490725
4200.0,0.0,2.0,0.05689715533614516,1.97905702618647,30.056897155336145,0.11525286555827662
4225.0,0.0,2.0,0.05540853566300712,1.9791015058742805,30.055408535663005,0.11525831010726867
4250.0,0.0,2.0,0.05335284367597775,1.9792899050428205,30.053352843675977,0.11527322426443677
4275.0,0.0,2.0,0.05185698877216888,1.9793399403648608,30.05185698877217,0.1152790072506137
4300.0,0.0,2.0,0.049803869568297965,1.9795261697624984,30.049803869568297,0.11529379192014931
4325.0,0.0,2.0,0.04830299244945957,1.9795807176492504,30.04830299244946,0.11529984839709928
4350.0,0.0,2.0,0.04625381271507312,1.9797621174732067,30.046253812715072,0.11531434602021912
4375.0,0.0,2.0,0.04475094573845822,1.9798193743172114,30.044750945738457,0.11532056514869328
4400.0,0.0,2.0,0.0427056203068491,1.9799944871264228,30.042705620306847,0.11533469095073466
4425.0,0.0,2.0,0.041200534918726786,1.980054431183759,30.041200534918726,0.11534107191850516
4450.0,0.0,2.0,0.039156833826989375,1.9802249911712038,30.03915683382699,0.11535493114898962
4475.0,0.0,2.0,0.037646495131908195,1.98028942107334,30.03764649513191,0.1153615845817386
4500.0,0.0,2.0,0.03560319444615826,1.9804580617329066,30.035603194446157,0.11537533297903249
4525.0,0.0,2.0,0.03408667026081911,1.9805277249875328,30.03408667026082,0.11538230425788293
4550.0,0.0,2.0,0.032046170248388066,1.9806944439239615,30.03204617024839,0.11539593706643739
4575.0,0.0,2.0,0.030526336193818365,1.9807677253886626,30.03052633619382,0.11540312661405101
4600.0,0.0,2.0,0.028491274954228058,1.9809303262545797,30.028491274954227,0.1154165107840227
4625.0,0.0,2.0,0.026970362570481216,1.9810057716779563,30.02697036257048,0.11542382960690939
4650.0,0.0,2.0,0.024938672662167646,1.981163225211694,30.024938672662167,0.1154369091008669
4675.0,0.0,2.0,0.02341516276865459,1.9812416821354226,30.023415162768654,0.11544440951649713
4700.0,0.0,2.0,0.02138221269890188,1.981395099617993,30.021382212698903,0.11545725795217458
4725.0,0.0,2.0,0.019853745544454224,1.9814782027260256,30.019853745544456,0.11546503977867607
4750.0,0.0,2.0,0.017818837299882827,1.9816287857005925,30.01781883729988,0.11547772849495935
4775.0,0.0,2.0,0.01628618167457164,1.981716424967999,30.016286181674573,0.11548578388399798
4800.0,0.0,2.0,0.014253715198321245,1.9818640245928334,30.014253715198322,0.11549829572954982
4825.0,0.0,2.0,0.012719797404265291,1.981954559518052,30.012719797404266,0.11550652348236286
4850.0,0.0,2.0,0.010693142512535754,1.9820986061497912,30.010693142512537,0.1155188187485587
4875.0,0.0,2.0,0.00915853992751459,1.9821914513518124,30.009158539927515,0.11552718365603762
4900.0,0.0,2.0,0.0071349165709025855,1.9823322778703354,30.0071349165709,0.11553928706185049
4925.0,0.0,2.0,0.005597001773454294,1.9824286871047951,30.005597001773456,0.1155478672745271
4950.0,0.0,2.0,0.0035711122735683555,1.9825666289867787,30.00357111227357,0.11555980855180775
4975.0,0.0,2.0,0.0020286849190014884,1.982667312666336,30.002028684919,0.11556864782230322
5000.0,0.0,2.0,0.0,1.9828013862422227,30.0,0.1155803706391275
0.0,0.0,2.5,0.604590155277421,2.45061278780324,30.60459015527742,0.14143174759380486
25.0,0.0,2.5,0.604590155277421,2.4491112897704395,30.60459015527742,0.141345091924723
50.0,0.0,2.5,0.5985198817274721,2.450827596564958,30.598519881727473,0.14145817428145374
75.0,0.0,2.5,0.5984608400783452,2.4493622581890393,30.598460840078346,0.14137373349413068
100.0,0.0,2.5,0.5924863761632044,2.451028732144957,30.592486376163205,0.1414837333078134
125.0,0.0,2.5,0.5923577542546594,2.449601212115977,30.59235775425466,0.14140162807305856
150.0,0.0,2.5,0.5864694585321681,2.451219146866247,30.586469458532168,0.14150864146497044
175.0,0.0,2.5,0.5862550986091405,2.44983472962973,30.58625509860914,0.14142921478521903
200.0,0.0,2.5,0.580440615889101,2.451407389239489,30.580440615889103,0.14153345806575457
225.0,0.0,2.5,0.580126986622544,2.45007040449251,30.580126986622545,0.1414569918439117
250.0,0.0,2.5,0.5743770409310089,2.4516004865744847,30.574377040931008,0.1415586416714764
275.0,0.0,2.5,0.5739581892182354,2.4503121780009667,30.573958189218235,0.14148522217448078
300.0,0.0,2.5,0.568268048894631,2.4518015249879146,30.56826804889463,0.1415843954180614
325.0,0.0,2.5,0.5677502007323103,2.450558163084445,30.56775020073231,0.14151379356747043
350.0,0.0,2.5,0.5621204029574657,2.452007704294305,30.562120402957465,0.14161054217901567
375.0,0.0,2.5,0.5615211094832747,2.450801563760558,30.561521109483273,0.1415422718320452
400.0,0.0,2.5,0.5559577239005915,2.452211013788404,30.55595772390059,0.14163656471759112
425.0,0.0,2.5,0.5552968737026329,2.4510351143500144,30.555296873702634,0.14157017718900367
450.0,0.0,2.5,0.549806793892928,2.4524047733132264,30.549806793892927,0.14166201505524292
475.0,0.0,2.5,0.5490972078499884,2.4512568538990416,30.54909720784999,0.1415973504905608
500.0,0.0,2.5,0.5436816218108238,2.4525899863868603,30.543681621810823,0.14168691847862577
525.0,0.0,2.5,0.5429261596528957,2.4514724883839842,30.542926159652897,0.1416241117207992
550.0,0.0,2.5,0.5375801957244297,2.4527744430338223,30.53758019572443,0.14171172952035435
575.0,0.0,2.5,0.5367731595905472,2.451692705035728,30.536773159590545,0.14165110268732817
600.0,0.0,2.5,0.5314905784475534,2.452967894327143,30.531490578447553,0.14173703925157807
625.0,0.0,2.5,0.5306210627758089,2.4519281556638557,30.530621062775808,0.14167897869505527
650.0,0.0,2.5,0.5253975083265071,2.453178361680318,30.525397508326506,0.14176334677649663
675.0,0.0,2.5,0.524456954522269,2.4521838030465073,30.524456954522268,0.14170805678026863
700.0,0.0,2.5,0.5192916306118269,2.453407446120085,30.51929163061183,0.14179076666150994
725.0,0.0,2.5,0.5182801493189702,2.452454884986521,30.51828014931897,0.14173806369778486
750.0,0.0,2.5,0.5131762468300896,2.4536468572066217,30.51317624683009,0.14181881241471853
775.0,0.0,2.5,0.5121004706152702,2.452728334113115,30.51210047061527,0.1417682216403756
800.0,0.0,2.5,0.5070611566025055,2.4538825075869357,30.507061156602507,0.14184664714358508
825.0,0.0,2.5,0.505927737243022,2.4529898040246967,30.50592773724302,0.14179767853252426
850.0,0.0,2.5,0.500949982602678,2.454103416358552,30.500949982602677,0.14187362754542318
875.0,0.0,2.5,0.499762070448563,2.4532312972918096,30.49976207044856,0.14182597151930046
900.0,0.0,2.5,0.4948353714024662,2.4543070254399053,30.494835371402466,0.1418996225658838
925.0,0.0,2.5,0.4935926522921917,2.4534542129245085,30.493592652292193,0.14185320628383757
950.0,0.0,2.5,0.488703326274368,2.4544986891793714,30.48870332627437,0.14192497409511315
975.0,0.0,2.5,0.48740273319467703,2.453667543264276,30.487402733194678,0.14187994145746197
1000.0,0.0,2.5,0.4825396534477558,2.4546881133404588,30.482539653447756,0.14195027628975357
1025.0,0.0,2.5,0.48117865676585625,2.453882105102737,30.481178656765856,0.14190683424958728
1050.0,0.0,2.5,0.47633920635097693,2.4548828615939464,30.47633920635098,0.14197597862375733
1075.0,0.0,2.5,0.47492206427457434,2.4541024148025308,30.474922064274573,0.14193414216323214
1100.0,0.0,2.5,0.47011474327660774,2.455082191040796,30.470114743276607,0.14200200859465295
1125.0,0.0,2.5,0.4686525173738269,2.4543245750188616,30.468652517373826,0.1419615943950906
1150.0,0.0,2.5,0.46389167477778004,2.4552796375643324,30.46389167477778,0.1420279331948019
1175.0,0.0,2.5,0.4623942494527846,2.454543507959876,30.462394249452785,0.14198884080355334
1200.0,0.0,2.5,0.4576917587997987,2.4554717494547234,30.4576917587998,0.14205350196351088
1225.0,0.0,2.5,0.4561625670637812,2.454759593422343,30.45616256706378,0.1420158675888377
1250.0,0.0,2.5,0.45152280299329167,2.455662388927225,30.451522802993292,0.1420789199923185
1275.0,0.0,2.5,0.4499589568493499,2.4549793802521216,30.44995895684935,0.14204305007372453
1300.0,0.0,2.5,0.44537736536105305,2.455861345280177,30.445377365361054,0.14210477098695481
1325.0,0.0,2.5,0.44377172834102135,2.4552132186670845,30.443771728341023,0.14207101444293374
1350.0,0.0,2.5,0.43923913609512316,2.45607934572596,30.43923913609512,0.142131713887964
1375.0,0.0,2.5,0.4375861704949413,2.455468752987389,30.437586170494942,0.1421002376254789
1400.0,0.0,2.5,0.43309762525378226,2.4563198940862785,30.433097625253783,0.14215997629700403
1425.0,0.0,2.5,0.4313996255951635,2.455743180794251,30.431399625595162,0.1421305640142925
1450.0,0.0,2.5,0.4269569518481776,2.4565753908002,30.426956951848176,0.14218910912694344
1475.0,0.0,2.5,0.4252220596539501,2.4560242659455005,30.42522205965395,0.14216126240556956
1500.0,0.0,2.5,0.420826917356411,2.4568330867453976,30.42082691735641,0.14221835172293576
1525.0,0.0,2.5,0.4190609086924715,2.4562997222451197,30.419060908692472,0.14219160428443348
1550.0,0.0,2.5,0.41470857166328184,2.4570835797941,30.414708571663283,0.14224715732711835
1575.0,0.0,2.5,0.4129098729079682,2.456563872917217,30.412909872907967,0.1422212755842882
1600.0,0.0,2.5,0.4085892247461541,2.457324087823725,30.408589224746155,0.14227539439033524
1625.0,0.0,2.5,0.4067503307362978,2.456817502363006,30.406750330736298,0.14225036505621938
1650.0,0.0,2.5,0.4024469808884651,2.457557231726413,30.402446980888467,0.1423032657484517
1675.0,0.0,2.5,0.4005605657016796,2.457064157078268,30.400560565701678,0.1422791287249994
1700.0,0.0,2.5,0.39626315446992355,2.4577860188707996,30.396263154469924,0.14233098924489118
1725.0,0.0,2.5,0.3943289525323111,2.457304516906672,30.394328952532312,0.14230763314313255
1750.0,0.0,2.5,0.3900361084578807,2.4580075424409036,30.39003610845788,0.14235840040501094
1775.0,0.0,2.5,0.3880613630867259,2.4575331674331755,30.388061363086727,0.14233555097711068
1800.0,0.0,2.5,0.3837796521839918,2.4582139917933876,30.383779652183993,0.14238501445765786
1825.0,0.0,2.5,0.3817726612073701,2.457742989030853,30.38177266120737,0.1423624349003097
1850.0,0.0,2.5,0.3775075458643146,2.4584004066838143,30.377507545864315,0.14241051162602889
1875.0,0.0,2.5,0.37547198055013103,2.4579324769886766,30.37547198055013,0.1423881760609191
1900.0,0.0,2.5,0.37122319953107596,2.458569547554477,30.371223199531077,0.14243504352413958
1925.0,0.0,2.5,0.3691575777080635,2.4581082173806506,30.369157577708062,0.1424131597877112
1950.0,0.0,2.5,0.3649221546087961,2.4587303953801567,30.364922154608795,0.1424591406949749
1975.0,0.0,2.5,0.3628238837114127,2.458281205631306,30.362823883711414,0.1424380360334706
2000.0,0.0,2.5,0.35860188433508894,2.4588929453620065,30.35860188433509,0.14248338814945694
2025.0,0.0,2.5,0.3564728260615427,2.4584602687509407,30.35647282606154,0.1424633117900792
2050.0,0.0,2.5,0.3522701162310709,2.4590630125507134,30.35227011623107,0.14250810482702403
2075.0,0.0,2.5,0.3501190119316689,2.458647659617654,30.350119011931668,0.14248908349339043
2100.0,0.0,2.5,0.3459453494989736,2.459240323579911,30.345945349498972,0.14253323160956882
2125.0,0.0,2.5,0.3437830665240769,2.458840989707339,30.343783066524075,0.14251516443135392
2150.0,0.0,2.5,0.33964665926809506,2.4594227844627583,30.339646659268094,0.14255860242164536
2175.0,0.0,2.5,0.33747788699261627,2.4590402629881596,30.337477886992616,0.14254152459717245
2200.0,0.0,2.5,0.3333807400135326,2.459613512376435,30.33338074001353,0.14258438225833858
2225.0,0.0,2.5,0.3312027351918535,2.459251873385982,30.331202735191855,0.14256853642210188
2250.0,0.0,2.5,0.32714201119745995,2.4598214196034895,30.32714201119746,0.14261110100331145
2275.0,0.0,2.5,0.3249512932868534,2.459484901643022,30.324951293286855,0.14259674138775502
2300.0,0.0,2.5,0.32092471822954743,2.460054788239057,30.32092471822955,0.142639252641254
2325.0,0.0,2.5,0.31872239232204197,2.4597448935568433,30.31872239232204,0.14262646413257996
2350.0,0.0,2.5,0.3147321832260338,2.46031556318552,30.314732183226035,0.14266894253266438
2375.0,0.0,2.5,0.31252397320240394,2.4600306007371278,30.312523973202403,0.1426576139960148
2400.0,0.0,2.5,0.3085759718906076,2.460599012275717,30.30857597189061,0.1426998694318977
2425.0,0.0,2.5,0.30636835600408185,2.460335894563661,30.306368356004082,0.1426898069093424
2450.0,0.0,2.5,0.3024659972345659,2.460899197218536,30.302465997234567,0.14273166586955183
2475.0,0.0,2.5,0.30026043084387705,2.4606567858187187,30.300260430843878,0.1427228001937164
2500.0,0.0,2.5,0.2963996756718158,2.4612159922341634,30.296399675671815,0.14276433079565426
2525.0,0.0,2.5,0.2941910146312701,2.4609963304706706,30.29419101463127,0.14275679288744017
2550.0,0.0,2.5,0.2903638833164195,2.4615550941438182,30.29036388331642,0.14279822578645684
2575.0,0.0,2.5,0.28814608251908097,2.461360390174951,30.28814608251908,0.14279215831513756
2600.0,0.0,2.5,0.284348752848399,2.461920414484942,30.2843487528484,0.14283360134372092
2625.0,0.0,2.5,0.28212067515415606,2.4617497199173295,30.282120675154157,0.14282895232850285
2650.0,0.0,2.5,0.27835544589897265,2.4623088237837063,30.278355445898974,0.14287027353759152
2675.0,0.0,2.5,0.2761207313479589,2.4621580863774297,30.27612073134796,0.14286679960546228
2700.0,0.0,2.5,0.2723911077164142,2.462712268531339,30.272391107716413,0.14290775850029921
2725.0,0.0,2.5,0.27015346250998823,2.462577215577281,30.270153462509988,0.14290520322733385
2750.0,0.0,2.5,0.2664584107187368,2.463124087660503,30.266458410718737,0.14294566351840665
2775.0,0.0,2.5,0.26421591434667047,2.4630038734028465,30.26421591434667,0.14294398255557586
2800.0,0.0,2.5,0.2605481278938892,2.4635446514560124,30.260548127893887,0.14298403192608553
2825.0,0.0,2.5,0.25829362655156074,2.463441912055368,30.25829362655156,0.14298339537994223
2850.0,0.0,2.5,0.2546452589648746,2.4639791164463296,30.254645258964874,0.14302319857177379
2875.0,0.0,2.5,0.25237439427930103,2.4638951982765103,30.2523743942793,0.14302369515368493
2900.0,0.0,2.5,0.248744055108702,2.4644286447399977,30.248744055108702,0.14306324472767062
2925.0,0.0,2.5,0.2464594462401881,2.464360654911529,30.246459446240188,0.14306470058505397
2950.0,0.0,2.5,0.24285088632734142,2.464887367006622,30.242850886327343,0.14310381482199164
2975.0,0.0,2.5,0.24055704236002348,2.4648307252355797,30.240557042360024,0.1431059535899067
3000.0,0.0,2.5,0.23697224132257652,2.4653481978410463,30.236972241322576,0.1431444822317076
3025.0,0.0,2.5,0.23466901571351406,2.465300787856043,30.234669015713514,0.1431471815283513
3050.0,0.0,2.5,0.23110459523313487,2.46580921407616,30.231104595233134,0.1431851436200336
3075.0,0.0,2.5,0.22878701569758328,2.465772471344114,30.228787015697584,0.14318849870479425
3100.0,0.0,2.5,0.22523667492055754,2.4662740630149536,30.22523667492056,0.1432260374794584
3125.0,0.0,2.5,0.22290075332367648,2.4662502478163884,30.222900753323678,0.14323018923377384
3150.0,0.0,2.5,0.21936077210527993,2.466746459063679,30.21936077210528,0.14326739788294604
3175.0,0.0,2.5,0.2170083582697491,2.466735271868725,30.217008358269748,0.14327232473269264
3200.0,0.0,2.5,0.2134808392363172,2.467224647483015,30.21348083923632,0.14330911369208385
3225.0,0.0,2.5,0.211117383499937,2.46722316703864,30.211117383499936,0.14331463321816654
3250.0,0.0,2.5,0.20760633155221844,2.467703077541825,30.207606331552217,0.1433508401418709
3275.0,0.0,2.5,0.2052337553257917,2.4677091714685084,30.205233755325793,0.14335682404401967
3300.0,0.0,2.5,0.20173857099593237,2.468179440247386,30.201738570995932,0.1433924399395588
3325.0,0.0,2.5,0.19935297129770788,2.468193722343423,30.199352971297706,0.14339893324662176
3350.0,0.0,2.5,0.19586867352702664,2.4686568080980957,30.195868673527027,0.14343411264988393
3375.0,0.0,2.5,0.19346587527492773,2.468680775287807,30.193465875274928,0.14344121238415028
3400.0,0.0,2.5,0.18998919569758338,2.4691385039079194,30.189989195697585,0.14347606907004942
3425.0,0.0,2.5,0.18757009543250477,2.4691722023893496,30.187570095432505,0.14348377594943262
3450.0,0.0,2.5,0.18410268144336342,2.4696237393454132,30.184102681443363,0.143518257450613
3475.0,0.0,2.5,0.18167201513807826,2.4696657978267225,30.18167201513808,0.14352648068105825
3500.0,0.0,2.5,0.17821732922879424,2.470109002561985,30.178217329228794,0.14356045427484151
3525.0,0.0,2.5,0.17577842459502296,2.4701582108092213,30.175778424595023,0.14356911572268405
3550.0,0.0,2.5,0.17233655376481619,2.4705924172286595,30.172336553764815,0.14360254235641517
3575.0,0.0,2.5,0.16988777421906845,2.4706490073742113,30.169887774219067,0.14361165950596788
3600.0,0.0,2.5,0.16645414804282532,2.4710760777587306,30.166454148042824,0.1436446581795251
3625.0,0.0,2.5,0.16399098812168475,2.4711411306231956,30.163990988121686,0.14365430469987614
3650.0,0.0,2.5,0.16056186422050447,2.4715629493754094,30.160561864220504,0.14368699379152117
3675.0,0.0,2.5,0.15808313081350864,2.471636256333702,30.15808313081351,0.1436971605385109
3700.0,0.0,2.5,0.15466063761008192,2.4720521183151023,30.154660637610082,0.143729493929244
3725.0,0.0,2.5,0.15217018506786226,2.4721319566620945,30.152170185067863,0.14374007169137532
3750.0,0.0,2.5,0.1487586041188246,2.4725400918110423,30.148758604118825,0.14377193617315753
3775.0,0.0,2.5,0.14626025256718625,2.472625548325641,30.146260252567185,0.14378286283771474
3800.0,0.0,2.5,0.142859470521957,2.4730259106796675,30.142859470521955,0.14381425588792354
3825.0,0.0,2.5,0.14035275732860739,2.473118004999746,30.140352757328607,0.14382559193425343
3850.0,0.0,2.5,0.13695809863910083,2.473512194086067,30.136958098639102,0.14385661762202884
3875.0,0.0,2.5,0.13443965147641487,2.473612396162837,30.134439651476416,0.1438684566934173
3900.0,0.0,2.5,0.13104731052232316,2.4740014749149974,30.131047310522323,0.14389918585995487
3925.0,0.0,2.5,0.12851563661339863,2.4741094771898147,30.1285156366134,0.14391151376471065
3950.0,0.0,2.5,0.12512721157690063,2.4744924909328434,30.1251272115769,0.14394188701438954
3975.0,0.0,2.5,0.1225850318219765,2.474606005570791,30.122585031821977,0.14395456429159056
4000.0,0.0,2.5,0.11920514443420947,2.474981414472,30.119205144434208,0.14398448092347405
4025.0,0.0,2.5,0.11665572191559558,2.4750989987764247,30.116655721915595,0.14399741592369897
4050.0,0.0,2.5,0.11328511093809052,2.475467452604642,30.11328511093809,0.14402691185880753
4075.0,0.0,2.5,0.11072786614600122,2.475590621300152,30.110727866146,0.14404019415863276
4100.0,0.0,2.5,0.10736215883218087,2.475954490268159,30.10736215883218,0.14406941767146295
4125.0,0.0,2.5,0.10479440626245246,2.4760855892038682,30.104794406262453,0.1440831902900009
4150.0,0.0,2.5,0.10143023605624514,2.476445536325165,30.101430236056245,0.14411218797590203
4175.0,0.0,2.5,0.0988520608960517,2.4765842575642716,30.09885206089605,0.1441264329200928
4200.0,0.0,2.5,0.09549095971630266,2.476938172483261,30.0954909597163,0.14415507826256804
4225.0,0.0,2.5,0.09290542502782004,2.4770818317545165,30.09290542502782,0.14416963208815933
4250.0,0.0,2.5,0.08955054573350144,2.4774278594041332,30.089550545733502,0.14419780948473174
4275.0,0.0,2.5,0.0869591431251687,2.477575045665906,30.086959143125167,0.14421258655347075
4300.0,0.0,2.5,0.08361027906456225,2.47791451664707,30.083610279064562,0.1442403738372374
4325.0,0.0,2.5,0.08101083652240973,2.4780668646231643,30.08101083652241,0.14425547456783402
4350.0,0.0,2.5,0.07766491562019688,2.4784028563001153,30.077664915620197,0.14428305816946485
4375.0,0.0,2.5,0.07505542565128415,2.478562420590693,30.075055425651286,0.14429860708085468
4400.0,0.0,2.5,0.07171148630122659,2.4788955832821378,30.071711486301226,0.1443260271435981
4425.0,0.0,2.5,0.06909403364440388,2.4790617525357286,30.069094033644404,0.1443419837603268
4450.0,0.0,2.5,0.06575431665839651,2.4793894650004114,30.065754316658396,0.14436908225734865
4475.0,0.0,2.5,0.06313243839681876,2.479560068401238,30.063132438396817,0.1443853117803902
4500.0,0.0,2.5,0.0597975912622169,2.479880360097714,30.059797591262218,0.14441197233153633
4525.0,0.0,2.5,0.05717108380939785,2.4800549750439727,30.057171083809397,0.14442845069529375
4550.0,0.0,2.5,0.053838074988374736,2.4803692287808756,30.053838074988374,0.14445476101407384
4575.0,0.0,2.5,0.05120376367542952,2.4805493231481983,30.051203763675428,0.14447158139686916
4600.0,0.0,2.5,0.04787055659896837,2.4808600012754733,30.04787055659897,0.14449768973060934
4625.0,0.0,2.5,0.04522751020551637,2.481046260119432,30.045227510205518,0.1445148943675725
4650.0,0.0,2.5,0.041896339624676183,2.4813537396779433,30.041896339624675,0.1445408172795501
4675.0,0.0,2.5,0.03924734236355794,2.481545098495528,30.03924734236356,0.1445583375658245
4700.0,0.0,2.5,0.03592138363408427,2.4818478487825995,30.035921383634083,0.1445839782095164
4725.0,0.0,2.5,0.03326916632118323,2.482043222700377,30.033269166321183,0.14460174444398557
4750.0,0.0,2.5,0.029947545309287345,2.4823403144488925,30.029947545309287,0.14462705071470006
4775.0,0.0,2.5,0.02729114375301671,2.4825403217402675,30.02729114375302,0.1446451012948622
4800.0,0.0,2.5,0.023969181475723432,2.482832599552044,30.023969181475724,0.14467013360206102
4825.0,0.0,2.5,0.021305935563879493,2.4830384204718663,30.02130593556388,0.14468854378020318
4850.0,0.0,2.5,0.017981375572201284,2.48332660549224,30.0179813755722,0.14471334954266887
4875.0,0.0,2.5,0.015311632901155038,2.483537681703201,30.015311632901156,0.14473208603820129
4900.0,0.0,2.5,0.011987663638086607,2.4838211155149073,30.011987663638088,0.1447566191653505
4925.0,0.0,2.5,0.009314039562820797,2.484036009596992,30.00931403956282,0.14477559197659629
4950.0,0.0,2.5,0.005994050611633003,2.4843144640262445,30.005994050611633,0.14479983093575374
4975.0,0.0,2.5,0.003317208194281758,2.4845332896484718,30.003317208194282,0.14481904514090083
5000.0,0.0,2.5,0.0,2.484808013454718,30.0,0.14484306555103757
0.0,0.0,3.0,0.8840422712890831,2.9141263054048867,30.884042271289083,0.16741979215757544
25.0,0.0,3.0,0.8840422712890831,2.9121366541770377,30.884042271289083,0.1673054844851816
50.0,0.0,3.0,0.8754139342366752,2.914660373877103,30.875413934236676,0.16747387091701083
75.0,0.0,3.0,0.8752602217101848,2.912748019583493,30.875260221710185,0.1673644052992918
100.0,0.0,3.0,0.8667382240375118,2.9152123371232164,30.866738224037512,0.16752912498206665
125.0,0.0,3.0,0.8664427441046108,2.9133741286906685,30.86644274410461,0.16742428962697914
150.0,0.0,3.0,0.8580263456682783,2.91578208808782,30.85802634566828,0.16758551845499672
175.0,0.0,3.0,0.8576091805163978,2.9140097142392785,30.8576091805164,0.16748478279986573
200.0,0.0,3.0,0.8493031363442447,2.9163613595125035,30.849303136344243,0.16764250924742405
225.0,0.0,3.0,0.8487850982315698,2.9146457199819484,30.84878509823157,0.16754529513142183
250.0,0.0,3.0,0.8405943560079344,2.916940576051032,30.840594356007934,0.16769947712369954
275.0,0.0,3.0,0.8399883181493489,2.9152762195516293,30.83998831814935,0.16760543745109358
300.0,0.0,3.0,0.8319161947356228,2.9175136708148326,30.831916194735623,0.16775602913324503
325.0,0.0,3.0,0.8312233757166497,2.915900368453281,30.83122337571665,0.16766514860311105
350.0,0.0,3.0,0.8232695510901081,2.9180802338079737,30.823269551090107,0.16781213896185398
375.0,0.0,3.0,0.8224810769111878,2.916521821155134,30.82248107691119,0.16772466345729417
400.0,0.0,3.0,0.8146376793687811,2.9186464434084005,30.81463767936878,0.16786820727265442
425.0,0.0,3.0,0.813739451105229,2.917148362700761,30.813739451105228,0.16778448942883525
450.0,0.0,3.0,0.8059939265812809,2.919221464308719,30.80599392658128,0.16792483382702694
475.0,0.0,3.0,0.8049742996621067,2.917787197824155,30.804974299662106,0.16784510702786679
500.0,0.0,3.0,0.7973174014743085,2.9198102406351354,30.79731740147431,0.1679823603312565
525.0,0.0,3.0,0.7961744482868202,2.9184379818252264,30.79617444828682,0.16790652732474515
550.0,0.0,3.0,0.7886024120623087,2.9204097573834975,30.78860241206231,0.16804062934962233
575.0,0.0,3.0,0.7873451711213953,2.9190920881663125,30.787345171121395,0.16796824004401015
600.0,0.0,3.0,0.7798566990579432,2.9210109193126526,30.779856699057945,0.16809909680341178
625.0,0.0,3.0,0.7785001901748104,2.9197377116697854,30.77850019017481,0.16802952860080295
650.0,0.0,3.0,0.7710951312097295,2.9216024439141215,30.77109513120973,0.16815707289697565
675.0,0.0,3.0,0.769653511560903,2.9203649272219083,30.769653511560904,0.1680897833584783
700.0,0.0,3.0,0.7623314569726521,2.922175892448751,30.762331456972653,0.16821403412600824
725.0,0.0,3.0,0.760812497370658,2.9209702281834242,30.760812497370658,0.16814878189808938
750.0,0.0,3.0,0.7535684522687575,2.9227318277370005,30.75356845226876,0.16827000487890487
775.0,0.0,3.0,0.7519719452956305,2.921560345731421,30.75197194529563,0.1682069254310586
800.0,0.0,3.0,0.744796417008615,2.923280926646906,30.744796417008615,0.16832562607352508
825.0,0.0,3.0,0.7431179933495303,2.922149735449662,30.74311799334953,0.168265083917454
850.0,0.0,3.0,0.7360048604107985,2.923836522854279,30.736004860410798,0.16838169421303256
875.0,0.0,3.0,0.7342416354485383,2.922751481686814,30.734241635448537,0.16832403562475934
900.0,0.0,3.0,0.7271926838997034,2.924407033347606,30.727192683899702,0.16843869737948974
925.0,0.0,3.0,0.7253461638989007,2.923371123821341,30.7253461638989,0.16838409103573887
950.0,0.0,3.0,0.7183683096101319,2.924994158036704,30.71836830961013,0.16849671088798326
975.0,0.0,3.0,0.7164452125690537,2.9240063707630326,30.716445212569052,0.16844508134630296
1000.0,0.0,3.0,0.709548160194486,2.9255929001722256,30.709548160194487,0.16855540227516463
1025.0,0.0,3.0,0.7075580229119588,2.924649356103996,30.707558022911957,0.16850650096686184
1050.0,0.0,3.0,0.7007510279313178,2.926194721297509,30.700751027931318,0.16861422820962893
1075.0,0.0,3.0,0.6986993739742934,2.9252925006032604,30.698699373974293,0.168567872706903
1100.0,0.0,3.0,0.6919838951707723,2.9267956287057384,30.69198389517077,0.1686729393726099
1125.0,0.0,3.0,0.6898683601453454,2.9259349310471774,30.689868360145347,0.16862914859399653
1150.0,0.0,3.0,0.6832350811553833,2.927399805482218,30.683235081155384,0.16873180882369113
1175.0,0.0,3.0,0.6810489171609619,2.926582013096452,30.68104891716096,0.16869068192000883
1200.0,0.0,3.0,0.6744834662323219,2.9280141606512466,30.67448346623232,0.16879129295301934
1225.0,0.0,3.0,0.6722213442220022,2.9272388705754686,30.672221344222002,0.1687528223317788
1250.0,0.0,3.0,0.665711351948908,2.9286414643459526,30.665711351948907,0.16885160047853678
1275.0,0.0,3.0,0.6633728100981262,2.9279051415325004,30.663372810098124,0.16881558458274246
1300.0,0.0,3.0,0.6569112123802024,2.9292778197884095,30.6569112123802,0.16891252787451622
1325.0,0.0,3.0,0.6545023465653844,2.928573540248713,30.654502346565383,0.16887855156703693
1350.0,0.0,3.0,0.6480873701320612,2.929913329031658,30.64808737013206,0.16897349278106497
1375.0,0.0,3.0,0.6456190513819701,2.929232255098491,30.64561905138197,0.16894101717034332
1400.0,0.0,3.0,0.6392504957686478,2.9305362838355533,30.639250495768646,0.16903379055114282
1425.0,0.0,3.0,0.6367301974250752,2.9298723079744136,30.636730197425074,0.16900244329491604
1450.0,0.0,3.0,0.6304038615705125,2.9311411059848624,30.630403861570514,0.16909309012440513
1475.0,0.0,3.0,0.6278298269235538,2.9304939304441446,30.627829826923552,0.16906285931967535
1500.0,0.0,3.0,0.6215364549985014,2.931731903650406,30.621536454998502,0.16915165855836084
1525.0,0.0,3.0,0.6189021988108836,2.931104437352411,30.618902198810883,0.16912273039172804
1550.0,0.0,3.0,0.6126326912245755,2.9323168105208257,30.612632691224576,0.16921000805358755
1575.0,0.0,3.0,0.6099348584193464,2.93171098365166,30.609934858419347,0.16918250370598928
1600.0,0.0,3.0,0.6036863603140585,2.9329004316195317,30.603686360314057,0.16926842161385328
1625.0,0.0,3.0,0.6009281173853123,2.932315722217565,30.600928117385312,0.16924230278364896
1650.0,0.0,3.0,0.5947060580453291,2.9334812732528714,30.59470605804533,0.16932678944014917
1675.0,0.0,3.0,0.5918962162131519,2.9329154120694914,30.59189621621315,0.1693019013152679
1700.0,0.0,3.0,0.5857105940154753,2.9340543121231173,30.585710594015474,0.16938476957400517
1725.0,0.0,3.0,0.5828593568025995,2.933505323028307,30.5828593568026,0.16936097029611702
1750.0,0.0,3.0,0.576717102937435,2.9346168954329945,30.576717102937437,0.16944216126480674
1775.0,0.0,3.0,0.5738295748991262,2.9340860055575537,30.573829574899126,0.16941950795520647
1800.0,0.0,3.0,0.5677297226223704,2.9351740301162472,30.56772972262237,0.16949924191653154
1825.0,0.0,3.0,0.564803431175424,2.934666407845744,30.564803431175424,0.1694780403299836
1850.0,0.0,3.0,0.5587410486469307,2.9357369059631124,30.55874104864693,0.1695566781930496
1875.0,0.0,3.0,0.5557717623986117,2.935258247628842,30.55577176239861,0.1695372696328985
1900.0,0.0,3.0,0.5497457114907389,2.9363152880948715,30.54974571149074,0.16961504924607204
1925.0,0.0,3.0,0.5467347931495727,2.935867901782625,30.54673479314957,0.16959756395367936
1950.0,0.0,3.0,0.5407498823122872,2.9369123362003355,30.540749882312287,0.16967452092372387
1975.0,0.0,3.0,0.5377052135080995,2.936494744438823,30.5377052135081,0.16965885238138498
2000.0,0.0,3.0,0.5317695573816897,2.937525210755006,30.53176955738169,0.1697348851836223
2025.0,0.0,3.0,0.5287007835243513,2.937134634400296,30.52870078352435,0.16972084666670087
2050.0,0.0,3.0,0.5228214941853615,2.9381493288774228,30.52282149418536,0.16979583090482064
2075.0,0.0,3.0,0.5197332721731187,2.937785081428261,30.51973327217312,0.16978337036590407
2100.0,0.0,3.0,0.5139104568158727,2.938784861592238,30.51391045681587,0.16985735483765318
2125.0,0.0,3.0,0.5107997090637405,2.9384496878772137,30.51079970906374,0.16984664004833216
2150.0,0.0,3.0,0.5050260331540113,2.939438621853601,30.50502603315401,0.16991987991854088
2175.0,0.0,3.0,0.5018874260518871,2.939135842688652,30.501887426051887,0.1699111183380311
2200.0,0.0,3.0,0.49615603593870117,2.9401173707935984,30.4961560359387,0.1699838313387179
2225.0,0.0,3.0,0.49298855364659494,2.9398475157491277,30.492988553646594,0.16997705714262032
2250.0,0.0,3.0,0.48729905081866204,2.9408215133841624,30.487299050818663,0.17004923702462618
2275.0,0.0,3.0,0.4841065187644967,2.9405820362660693,30.484106518764495,0.17004429304627422
2300.0,0.0,3.0,0.47846324538568136,2.941545700670155,30.478463245385683,0.17011576542296372
2325.0,0.0,3.0,0.4752510616617686,2.941332590532888,30.47525106166177,0.1701124052887777
2350.0,0.0,3.0,0.4696572987745816,2.9422832948527162,30.46965729877458,0.17018300876140163
2375.0,0.0,3.0,0.4664279593369726,2.9420935298714843,30.466427959336972,0.17018105126236563
2400.0,0.0,3.0,0.4608805907202252,2.9430315454205562,30.460880590720226,0.17025080984029595
2425.0,0.0,3.0,0.4576302451862532,2.942865420181289,30.45763024518625,0.17025028326526634
2450.0,0.0,3.0,0.45212059868423116,2.943793622480338,30.452120598684232,0.17031938720610681
2475.0,0.0,3.0,0.448842411973954,2.943653467623925,30.448842411973953,0.17032044604065028
2500.0,0.0,3.0,0.44336382790257456,2.9445736070776554,30.443363827902573,0.17038901503889736
2525.0,0.0,3.0,0.4400560813016097,2.9444595016371014,30.44005608130161,0.17039166926774174
2550.0,0.0,3.0,0.4346086272191175,2.945370005483025,30.434608627219117,0.17045961195904707
2575.0,0.0,3.0,0.4312763496078723,2.945278555323892,30.431276349607874,0.17046365166179273
2600.0,0.0,3.0,0.42586353975244645,2.946176418736818,30.425863539752445,0.170530784057002
2625.0,0.0,3.0,0.4225119498659586,2.9461037930775156,30.42251194986596,0.17053597336835946
2650.0,0.0,3.0,0.41713472401731405,2.946987546271274,30.417134724017313,0.17060220741631066
2675.0,0.0,3.0,0.41376315656802043,2.946932545203311,30.41376315656802,0.1706084791387919
2700.0,0.0,3.0,0.4084171918065867,2.947803429143003,30.40841719180659,0.17067389844993
2725.0,0.0,3.0,0.4050195950100214,2.9477675360624587,30.40501959501002,0.170681355849187
2750.0,0.0,3.0,0.39969793157531774,2.9486281898125237,30.399697931575318,0.17074613248553186
2775.0,0.0,3.0,0.3962693292845172,2.9486126882746615,30.396269329284518,0.17075486432597942
2800.0,0.0,3.0,0.3909682806017855,2.949464152988234,30.390968280601786,0.17081906875245575
2825.0,0.0,3.0,0.3875106893963023,2.9494673259134494,30.3875106893963,0.17082897042592643
2850.0,0.0,3.0,0.3822328042760251,2.950307410781305,30.382232804276025,0.17089246841065683
2875.0,0.0,3.0,0.3787530489188124,2.9503255744219357,30.378753048918814,0.17090330779257729
2900.0,0.0,3.0,0.37350215611755444,2.951151354542046,30.373502156117553,0.17096591885909948
2925.0,0.0,3.0,0.3700034204185686,2.951182853872274,30.37000342041857,0.17097759144807625
2950.0,0.0,3.0,0.3647775387697724,2.9519944125970863,30.364777538769772,0.17103932565208207
2975.0,0.0,3.0,0.36125613025223796,2.9520407453352373,30.361256130252237,0.17105192893151688
3000.0,0.0,3.0,0.35604831480848614,2.952840885437981,30.356048314808486,0.17111296793590391
3025.0,0.0,3.0,0.35249921714838933,2.952903557833695,30.352499217148388,0.1711266036959004
3050.0,0.0,3.0,0.34730466318237035,2.953694312797096,30.34730466318237,0.17118707869255528
3075.0,0.0,3.0,0.3437270561367728,2.953772441731832,30.34372705613677,0.17120169848442265
3100.0,0.0,3.0,0.3385470949991953,2.9545530729739355,30.338547094999196,0.1712615627561332
3125.0,0.0,3.0,0.3349449164183264,2.954643881217966,30.334944916418326,0.17127699487807468
3150.0,0.0,3.0,0.3297844262329448,2.9554119882070107,30.329784426232944,0.17133609528765487
3175.0,0.0,3.0,0.32616260969315986,2.9555131165037527,30.32616260969316,0.17135218934156626
3200.0,0.0,3.0,0.32102319927322653,2.956267832293077,30.321023199273228,0.17141047078480043
3225.0,0.0,3.0,0.31738220850435167,2.956379812248057,30.317382208504352,0.17142725653328067
3250.0,0.0,3.0,0.3122587856379947,2.957123397601356,30.312258785637994,0.17148486420162684
3275.0,0.0,3.0,0.3085948885331254,2.957248712264907,30.308594888533126,0.17150249647359225
3300.0,0.0,3.0,0.30348129819370556,2.9579836716538646,30.303481298193706,0.17155959282557504
3325.0,0.0,3.0,0.2997924552749303,2.958123176668626,30.29979245527493,0.17157812737419287
3350.0,0.0,3.0,0.29468815514302205,2.9588491498692697,30.29468815514302,0.17163469292446248
3375.0,0.0,3.0,0.29097672012352493,2.9590008749267507,30.290976720123524,0.17165400915856407
3400.0,0.0,3.0,0.28588581439429195,2.9597156996074174,30.28588581439429,0.17170990667894356
3425.0,0.0,3.0,0.2821560112012736,2.9598768903392174,30.282156011201273,0.17172983313143958
3450.0,0.0,3.0,0.27708143187184575,2.9605797798836333,30.277081431871846,0.17178500842751981
3475.0,0.0,3.0,0.27333499707583175,2.960749688948978,30.273334997075832,0.1718054970394132
3500.0,0.0,3.0,0.2682747706886658,2.9614426415892563,30.268274770688667,0.17186007140272597
3525.0,0.0,3.0,0.2645091868353484,2.9616232628719827,30.264509186835348,0.17188124526013968
3550.0,0.0,3.0,0.25945865530573997,2.9623089993226297,30.25945865530574,0.17193538963111973
3575.0,0.0,3.0,0.25567120779145397,2.96250227243566,30.255671207791455,0.1719573693191199
3600.0,0.0,3.0,0.25062847817771,2.963180938035779,30.25062847817771,0.17201109740775572
3625.0,0.0,3.0,0.24682103661292648,2.963385780133663,30.246821036612925,0.1720338150897731
3650.0,0.0,3.0,0.2417882704331304,2.964054895845445,30.24178827043313,0.1720869767149502
3675.0,0.0,3.0,0.23796529166658517,2.9642684937248234,30.237965291666587,0.17211025666968374
3700.0,0.0,3.0,0.23294424775005293,2.9649265031671184,30.23294424775005,0.17216275626065178
3725.0,0.0,3.0,0.2291070740995236,2.9651478989039637,30.229107074099524,0.17218653925345612
3750.0,0.0,3.0,0.2240958699632151,2.965796432415172,30.224095869963215,0.17223847661622402
3775.0,0.0,3.0,0.22024159407849533,2.966027342140165,30.220241594078495,0.1722628708002046
3800.0,0.0,3.0,0.21523718043896972,2.966669240766161,30.21523718043897,0.1723144194655736
3825.0,0.0,3.0,0.21136340395451675,2.966911212563332,30.21136340395452,0.1723395218647832
3850.0,0.0,3.0,0.2063657091070825,2.9675471171452235,30.206365709107082,0.1723907191723662
3875.0,0.0,3.0,0.20247458361841097,2.967799016257848,30.20247458361841,0.17241645802788771
3900.0,0.0,3.0,0.19748612156933001,2.9684269694602534,30.19748612156933,0.17246718298933741
3925.0,0.0,3.0,0.19358188188062422,2.968686308516643,30.193581881880625,0.17249340194178245
3950.0,0.0,3.0,0.18860308946149787,2.9693047177207865,30.1886030894615,0.17254356060160944
3975.0,0.0,3.0,0.18468620683356424,2.9695710759254212,30.184686206833565,0.1725702340351938
4000.0,0.0,3.0,0.17971321368786017,2.9701810722906026,30.17971321368786,0.1726199030007753
4025.0,0.0,3.0,0.1757800598127261,2.9704565020827713,30.175780059812727,0.17264716076707284
4050.0,0.0,3.0,0.17080937334171756,2.971060148012199,30.17080937334172,0.17269646977257186
4075.0,0.0,3.0,0.16685884168882306,2.971345513543644,30.166858841688825,0.17272436552645337
4100.0,0.0,3.0,0.16189240569924224,2.9719427365245337,30.16189240569924,0.1727733047175769
4125.0,0.0,3.0,0.1579282342777962,2.972236215905866,30.157928234277797,0.17280172210436018
4150.0,0.0,3.0,0.15297001498141186,2.9728257656432424,30.152970014981413,0.17285020731897613
4175.0,0.0,3.0,0.14899525331857985,2.973125712258643,30.14899525331858,0.17287904206102875
4200.0,0.0,3.0,0.14404503606641442,2.9737077376117433,30.144045036066416,0.1729270824122041
4225.0,0.0,3.0,0.14005834179335888,2.974014693632405,30.14005834179336,0.17295637005399062
4250.0,0.0,3.0,0.1351119031515472,2.9745905896152993,30.135111903151547,0.1730040586493642
4275.0,0.0,3.0,0.13111003726255907,2.9749060870214956,30.13111003726256,0.1730338977881341
4300.0,0.0,3.0,0.12616429307074317,2.975476411996052,30.126164293070744,0.1730812758814681
4325.0,0.0,3.0,0.12214729596979479,2.9758004526410082,30.122147295969796,0.1731116667535029
4350.0,0.0,3.0,0.11720375280714258,2.9763639165271902,30.117203752807143,0.17315865490334317
4375.0,0.0,3.0,0.11317576323915954,2.9766946740686517,30.11317576323916,0.17318947958602662
4400.0,0.0,3.0,0.10823755675130915,2.977250143073319,30.10823755675131,0.173236002692685
4425.0,0.0,3.0,0.10420116575049003,2.9775868146628635,30.10420116575049,0.17326720718327515
4450.0,0.0,3.0,0.0992679390885937,2.9781356655311306,30.099267939088595,0.173313346237239
4475.0,0.0,3.0,0.09522091970147306,2.9784797138350942,30.09522091970147,0.17334502222240597
4500.0,0.0,3.0,0.09028968689882223,2.9790242912631704,30.09028968689882,0.17339092218235994
4525.0,0.0,3.0,0.08622927694193215,2.9793767981335275,30.086229276941932,0.17342314079743157
4550.0,0.0,3.0,0.08129902810276088,2.979917095097956,30.081299028102762,0.1734688041282483
4575.0,0.0,3.0,0.07722628372482027,2.980276787666133,30.07722628372482,0.17350148846618604
4600.0,0.0,3.0,0.0722984758138749,2.98081058988653,30.072298475813874,0.17354678200521337
4625.0,0.0,3.0,0.06821651690009675,2.981175631769211,30.068216516900097,0.17357981633573322
4650.0,0.0,3.0,0.06329147691403002,2.981701766442429,30.06329147691403,0.1736246707360912
4675.0,0.0,3.0,0.05920134873277136,2.98207232283197,30.05920134873277,0.17365806179829807
4700.0,0.0,3.0,0.05427694483779427,2.982592238305569,30.054276944837795,0.1737025674318135
4725.0,0.0,3.0,0.050177072227223,2.9829701714279255,30.05017707222722,0.17373642838496733
4750.0,0.0,3.0,0.04525171794641233,2.983485992240542,30.045251717946414,0.17378071350467195
4775.0,0.0,3.0,0.041141124788990714,2.983872168899416,30.04114112478899,0.17381509786855912
4800.0,0.0,3.0,0.036216435971067745,2.984384008278196,30.036216435971067,0.17385916437123966
4825.0,0.0,3.0,0.03209696709679465,2.9847767873895834,30.032096967096795,0.17389397142140348
4850.0,0.0,3.0,0.02717553308970009,2.9852829985701486,30.0271755330897,0.17393771581907416
4875.0,0.0,3.0,0.023048870999262294,2.9856805060444374,30.02304887099926,0.17397283165208852
4900.0,0.0,3.0,0.018129359550841863,2.986180578974678,30.01812935955084,0.17401622798182279
4925.0,0.0,3.0,0.013993901358763109,2.986583382938304,30.013993901358763,0.17405169047732752
4950.0,0.0,3.0,0.00907190016004192,2.9870784697203625,30.00907190016004,0.17409481858418502
4975.0,0.0,3.0,0.004925987678048607,2.9874881596975573,30.00492598767805,0.17413072535478494
5000.0,0.0,3.0,0.0,2.987978704026324,30.0,0.17417361540567006
0.0,0.35,0.5,0.018748725933061983,0.4996877163984376,30.01874872593306,0.029118424766629788
25.0,0.35,0.5,0.018748725933061983,0.4995729675009023,30.01874872593306,0.029111737975999794
50.0,0.35,0.5,0.018497528587527765,0.4995967273222634,30.018497528587528,0.029113244348183687
75.0,0.35,0.5,0.018490578622498043,0.49948587345741213,30.018490578622497,0.02910678787616179
100.0,0.35,0.5,0.01824034918736698,0.49951016037000845,30.018240349187366,0.02910832448092681
125.0,0.35,0.5,0.018227748615895992,0.4994042840560126,30.018227748615896,0.029102160780305822
150.0,0.35,0.5,0.017978761237420652,0.49943020008415884,30.01797876123742,0.0291037917059974
175.0,0.35,0.5,0.017962749752014655,0.4993285985899024,30.017962749752016,0.029097878741643466
200.0,0.35,0.5,0.017715529432490915,0.4993556203374544,30.01771552943249,0.02909957323577115
225.0,0.35,0.5,0.01769800477854207,0.499256292562613,30.01769800477854,0.02909379347702209
250.0,0.35,0.5,0.017452919511853304,0.49928254384332976,30.017452919511854,0.029095442029017864
275.0,0.35,0.5,0.01743420056286994,0.4991833155563594,30.01743420056287,0.029089668620116794
300.0,0.35,0.5,0.017191474423942345,0.4992064462067906,30.017191474423942,0.029091134165888266
325.0,0.35,0.5,0.01717052854294309,0.4991059797455103,30.017170528542945,0.029085289655110168
350.0,0.35,0.5,0.01693053415408046,0.49912427615994814,30.01693053415408,0.029086472151430776
375.0,0.35,0.5,0.016906324851391007,0.4990223959570389,30.01690632485139,0.029080546808641042
400.0,0.35,0.5,0.016669615667842988,0.4990355945263076,30.016669615667844,0.0290814306220081
425.0,0.35,0.5,0.01664192311615953,0.4989331540828269,30.01664192311616,0.02907547429031946
450.0,0.35,0.5,0.016408968353163526,0.4989425278682544,30.016408968353165,0.02907613337841035
475.0,0.35,0.5,0.01637837415734353,0.4988409911086697,30.016378374157345,0.029070231086235927
500.0,0.35,0.5,0.016149520374701954,0.49884861363607746,30.0161495203747,0.0290707861155464
525.0,0.35,0.5,0.01611738083808045,0.4987493120665502,30.01611738083808,0.02906501480087337
550.0,0.35,0.5,0.015893083177643624,0.4987569427294004,30.015893083177644,0.02906556808135807
575.0,0.35,0.5,0.015861417072309387,0.4986603595757866,30.01586141707231,0.02905995492866448
600.0,0.35,0.5,0.015642227359340066,0.498668645120713,30.01564222735934,0.029060543884441094
625.0,0.35,0.5,0.015612830124710361,0.49857429288997274,30.01561283012471,0.029055059617485137
650.0,0.35,0.5,0.015398992350050157,0.4985826664994872,30.01539899235005,0.029055651099957055
675.0,0.35,0.5,0.015372194812273633,0.4984896093951446,30.015372194812272,0.029050241025855118
700.0,0.35,0.5,0.015163118652401759,0.4984968991197844,30.015163118652403,0.029050767024370226
725.0,0.35,0.5,0.015137374631332561,0.4984044236072928,30.015137374631333,0.029045390310425852
750.0,0.35,0.5,0.014931281876290193,0.49840982049191374,30.01493128187629,0.029045804542011746
775.0,0.35,0.5,0.014903661581880993,0.49831786568477066,30.01490366158188,0.029040459058034963
800.0,0.35,0.5,0.014697715742685503,0.4983215233300777,30.014697715742685,0.029040771845659164
825.0,0.35,0.5,0.014664624414226257,0.4982307258130021,30.014664624414227,0.029035496428525816
850.0,0.35,0.5,0.014455865903201538,0.4982334352778502,30.0144558659032,0.029035755303744252
875.0,0.35,0.5,0.014414213352480111,0.4981446502635422,30.01441421335248,0.029030601286474347
900.0,0.35,0.5,0.01420114474438816,0.49814693728030945,30.014201144744387,0.029030837611328488
925.0,0.35,0.5,0.014150145166173071,0.49806048449960044,30.014150145166173,0.029025824005691567
950.0,0.35,0.5,0.013933924059361103,0.4980621029894699,30.013933924059362,0.02902602287909425
975.0,0.35,0.5,0.013876123462638045,0.4979774793032407,30.013876123462637,0.029021119131099782
1000.0,0.35,0.5,0.013660233550375506,0.4979777652411407,30.013660233550375,0.02902124017010853
1025.0,0.35,0.5,0.013600403908374905,0.4978941378279413,30.013600403908374,0.0290163954371324
1050.0,0.35,0.5,0.013388958484546114,0.4978927109730905,30.013388958484548,0.029016414492850067
1075.0,0.35,0.5,0.013331632599089626,0.49780963978824605,30.01333163259909,0.029011600939362513
1100.0,0.35,0.5,0.01312748086136483,0.4978068065837278,30.013127480861364,0.029011534493349443
1125.0,0.35,0.5,0.0130751167040237,0.4977245250251787,30.013075116704023,0.029006764535110204
1150.0,0.35,0.5,0.012878765773772977,0.49772124767149534,30.012878765773774,0.029006668418598773
1175.0,0.35,0.5,0.012831419530293006,0.49764039411922384,30.012831419530293,0.02900197923477095
1200.0,0.35,0.5,0.012641267387407784,0.4976377895296113,30.01264126738741,0.02900191931572227
1225.0,0.35,0.5,0.01259715244362044,0.49755886700539087,30.01259715244362,0.028997341087497814
1250.0,0.35,0.5,0.012410682607774491,0.4975572877926545,30.012410682607776,0.028997339133348614
1275.0,0.35,0.5,0.012366933081378161,0.49748013323201196,30.012366933081378,0.02899286374367894
1300.0,0.35,0.5,0.012181750034243826,0.49747853046313373,30.012181750034244,0.028992859781573177
1325.0,0.35,0.5,0.012135226161034338,0.4974021774966256,30.012135226161035,0.028988432428143224
1350.0,0.35,0.5,0.011949305741901376,0.49739859394774244,30.0119493057419,0.028988313369255288
1375.0,0.35,0.5,0.01189736030206866,0.4973218313709397,30.01189736030207,0.02898386474112744
1400.0,0.35,0.5,0.011709053180057945,0.49731474392592406,30.01170905318006,0.028983542613108176
1425.0,0.35,0.5,0.01165011288281932,0.4972369769390189,30.01165011288282,0.028979038803086898
1450.0,0.35,0.5,0.011458497684319623,0.49722620843963794,30.01145849768432,0.028978503723060135
1475.0,0.35,0.5,0.011392313388441745,0.49714781998973206,30.01139231338844,0.028973967167104125
1500.0,0.35,0.5,0.011197603307376168,0.49713436941685757,30.011197603307377,0.02897327725013044
1525.0,0.35,0.5,0.01112515831961529,0.49705635131744036,30.011125158319615,0.028968765274715993
1550.0,0.35,0.5,0.010928677972111321,0.4970416743246717,30.01092867797211,0.028968004715812904
1575.0,0.35,0.5,0.010852073571006156,0.49696494596187574,30.010852073571005,0.028963569888127264
1600.0,0.35,0.5,0.010656061051121801,0.49695029481728975,30.010656061051122,0.028962810589902164
1625.0,0.35,0.5,0.010578442582393622,0.4968752467710929,30.010578442582393,0.028958474155697876
1650.0,0.35,0.5,0.01038587786086209,0.49686122236549723,30.010385877860863,0.028957749701574022
1675.0,0.35,0.5,0.010310825999804056,0.49678777047429495,30.010310825999802,0.02895350502957085
1700.0,0.35,0.5,0.010124653515354498,0.49677424529302305,30.01012465351535,0.028952806568779483
1725.0,0.35,0.5,0.010054862109618782,0.49670218701214863,30.010054862109588,0.02894864055704406
1750.0,0.35,0.5,0.009876512675115714,0.49668874188781637,30.009876512674904,0.028947942971324095
1775.0,0.35,0.5,0.009812584955893603,0.4966180627188257,30.009812584954542,0.028943854486442794
1800.0,0.35,0.5,0.009641086337274434,0.4966046490148879,30.00964108632926,0.028943155411605696
1825.0,0.35,0.5,0.009581410453496688,0.4965356960911923,30.009581410408796,0.02893916546492354
1850.0,0.35,0.5,0.00941403825842583,0.4965229421810841,30.00941403802422,0.0289385028391271
1875.0,0.35,0.5,0.009355727570552398,0.49645638382068913,30.009355726417752,0.028934651775920205
1900.0,0.35,0.5,0.00918949925827203,0.49644517593692533,30.00918949392778,0.02893407869214175
1925.0,0.35,0.5,0.009129621297400777,0.4963815015664935,30.009129598142795,0.02893039646033228
1950.0,0.35,0.5,0.00896247189952362,0.496372025972944,30.008962377414274,0.028929924801891927
1975.0,0.35,0.5,0.008899043973674636,0.4963107314324263,30.0088986817747,0.028926383086664197
2000.0,0.35,0.5,0.008730226085528033,0.49630175546126387,30.00872892175692,0.02892594175884675
2025.0,0.35,0.5,0.008662596075943869,0.49624109431488606,30.00865818358913,0.028922440335672372
2050.0,0.35,0.5,0.00849223791070397,0.49623035816995376,30.008478215056616,0.028921901326127
2075.0,0.35,0.5,0.008420399148193905,0.4961684566355389,30.00837853463894,0.028918341535276528
2100.0,0.35,0.5,0.008248521399777086,0.4961545652834916,30.00813110948001,0.028917651117445993
2125.0,0.35,0.5,0.008171893505052229,0.49609225774187327,30.007862554297628,0.028914148995146067
2150.0,0.35,0.5,0.007997581555545988,0.4960792244470872,30.007231959664182,0.028913693167317324
2175.0,0.35,0.5,0.007914401129145373,0.4960271281091297,30.00613427689829,0.02891118556132672
2200.0,0.35,0.5,0.007735409990177721,0.49603619993516557,30.003847261201795,0.028912816180613334
2225.0,0.35,0.5,0.0076427321490794365,0.496032143463445,29.999664768839814,0.028914595134493366
2250.0,0.35,0.5,0.007455239641547114,0.49612474623218916,29.992077312873356,0.028923651002092453
2275.0,0.35,0.5,0.007348885182642722,0.4962576142955735,29.979503057131264,0.028937463786337065
2300.0,0.35,0.5,0.007147726358473386,0.4965487355383867,29.95978037722566,0.028963968327663164
2325.0,0.35,0.5,0.007023304366395333,0.4969447302550706,29.931330495975935,0.029000839828194958
2350.0,0.35,0.5,0.0068049683055673785,0.4975422419207396,29.893176604730144,0.029054233408028308
2375.0,0.35,0.5,0.006662940810257544,0.49824635289626396,29.846421264190194,0.029118130792448946
2400.0,0.35,0.5,0.006432900872522457,0.49908406430094027,29.7941471699731,0.029192663422251557
2425.0,0.35,0.5,0.0062862464025353814,0.4998843708579685,29.742092385706382,0.02926505169996228
2450.0,0.35,0.5,0.006064207780441139,0.5006054759525296,29.69719029187583,0.02932941571570962
2475.0,0.35,0.5,0.005937555593422693,0.5010500253344756,29.666705923526703,0.02937053932343905
2500.0,0.35,0.5,0.005748269562498553,0.5012033359874839,29.655748269562498,0.029384953378227788
2525.0,0.35,0.5,0.0056605620300453135,0.5009570801223009,29.666428929963324,0.029365228152719157
2550.0,0.35,0.5,0.005512916097597164,0.5004189679524575,29.696639000192988,0.02931876074114204
2575.0,0.35,0.5,0.005459980734115373,0.49960630865578526,29.741266120037963,0.029249179214756175
2600.0,0.35,0.5,0.0053393538639546975,0.49871244335357306,29.793053622964536,0.02917146174340906
2625.0,0.35,0.5,0.005300027568485455,0.4977852538979145,29.84505835094842,0.029091847834532676
2650.0,0.35,0.5,0.0051844814800462114,0.4969881403799913,29.891556117904624,0.029022663024597214
2675.0,0.35,0.5,0.005141488009354375,0.49630406640675045,29.929448679618893,0.02896436231310245
2700.0,0.35,0.5,0.00501957295120658,0.4958167550358909,29.957652223818393,0.028922298738211595
2725.0,0.35,0.5,0.004969176588195485,0.495443689944292,29.977123348536814,0.028891149419827393
2750.0,0.35,0.5,0.004841648030480424,0.4952233261576571,29.98946372126229,0.028872357013418493
2775.0,0.35,0.5,0.004788236435626411,0.4950561039701573,29.99681027312636,0.028859073074266748
2800.0,0.35,0.5,0.004660402272787627,0.4949790714299976,30.000772253484403,0.02885267712827968
2825.0,0.35,0.5,0.004608946842579489,0.4949053892233706,30.002828822611725,0.02884739340554495
2850.0,0.35,0.5,0.004485244027381168,0.4948845961302408,30.003719622136018,0.028845753183612127
2875.0,0.35,0.5,0.004438649524566248,0.49484416170141393,30.00412931031714,0.02884319942796316
2900.0,0.35,0.5,0.004321597791130777,0.4948418064669419,30.004204185871362,0.028843026158391613
2925.0,0.35,0.5,0.004281047472925442,0.4948121818153739,30.004239182963673,0.028841282595121042
2950.0,0.35,0.5,0.004171647237540861,0.49481578301801926,30.004157624383453,0.028841531698680672
2975.0,0.35,0.5,0.004137183619498139,0.4947900396221797,30.004132771132685,0.028840043127240204
3000.0,0.35,0.5,0.004035128975555837,0.49479566602061004,30.004033824646946,0.0288404186300387
3025.0,0.35,0.5,0.0040058652065330025,0.4947719289452525,30.00400550300756,0.028839048665471396
3050.0,0.35,0.5,0.003909561524098009,0.49477835155351674,30.00390946703885,0.028839469177952055
3075.0,0.35,0.5,0.003883710416384327,0.49475645105281046,30.00388368726178,0.028838205038249062
3100.0,0.35,0.5,0.0037905710542163744,0.49476356024238427,30.003790565723726,0.028838664168993812
3125.0,0.35,0.5,0.0037658066389378315,0.49474365882534627,30.00376580548614,0.028837516058687136
3150.0,0.35,0.5,0.0036733718501653885,0.49475163662061417,30.00367337161596,0.028838025488064235
3175.0,0.35,0.5,0.003647975820820161,0.4947335642266606,30.00364797577612,0.028836984290646194
3200.0,0.35,0.5,0.003555443766965542,0.4947423510426846,30.003555443758952,0.028837540923657812
3225.0,0.35,0.5,0.0035294704164241285,0.4947256560836013,30.003529470415074,0.028836580289488125
3250.0,0.35,0.5,0.003438102392043367,0.4947350331526386,30.00343810239183,0.028837170768423865
3275.0,0.35,0.5,0.0034131754358494855,0.4947194696485796,30.003413175435817,0.028836275579803405
3300.0,0.35,0.5,0.003324909893865795,0.4947294365624704,30.003324909893863,0.02883689894957999
3325.0,0.35,0.5,0.00330267342616552,0.49471521256044787,30.003302673426166,0.028836080543494288
3350.0,0.35,0.5,0.003218357910494411,0.49472598514046545,30.003218357910495,0.028836748976913625
3375.0,0.35,0.5,0.0031991159817676695,0.49471342686700326,30.00319911598177,0.028836026222878276
3400.0,0.35,0.5,0.003118108814865855,0.4947250831334291,30.003118108814867,0.028836744576265817
3425.0,0.35,0.5,0.0031008084876879716,0.49471417090560804,30.003100808487687,0.028836116833430195
3450.0,0.35,0.5,0.003021972013792049,0.49472646433777073,30.00302197201379,0.028836871284465552
3475.0,0.35,0.5,0.0030052629198908934,0.4947167857201578,30.003005262919892,0.028836315161881423
3500.0,0.35,0.5,0.0029278657930272515,0.49472924400037194,30.002927865793026,0.028837078531493917
3525.0,0.35,0.5,0.002910949340611844,0.4947202808683051,30.002910949340613,0.028836564212424216
3550.0,0.35,0.5,0.002834395738033161,0.4947323823620736,30.002834395738034,0.02883730638162074
3575.0,0.35,0.5,0.002816737448095776,0.49472377019463987,30.002816737448097,0.02883681287560772
3600.0,0.35,0.5,0.002739850160809634,0.49473509309089053,30.00273985016081,0.028837509823200345
3625.0,0.35,0.5,0.002720536546110795,0.49472663120636173,30.00272053654611,0.028837025871799416
3650.0,0.35,0.5,0.0026419380966025306,0.4947369041391808,30.002641938096602,0.02883766244200524
3675.0,0.35,0.5,0.0026201077567766192,0.4947283424851275,30.002620107756776,0.028837173883904343
3700.0,0.35,0.5,0.002539589174243381,0.4947373996529113,30.002539589174244,0.028837740512519375
3725.0,0.35,0.5,0.0025155371596792234,0.4947283511917742,30.002515537159677,0.028837224645823317
3750.0,0.35,0.5,0.002434531867676826,0.4947362009386429,30.002434531867678,0.028837721130007512
3775.0,0.35,0.5,0.002409720731162402,0.4947264729348858,30.002409720731162,0.02883716601730586
3800.0,0.35,0.5,0.0023300072281945304,0.49473348432462866,30.002330007228196,0.02883761301437769
3825.0,0.35,0.5,0.0023058021205809706,0.49472352524932145,30.00230580212058,0.028837044140460913
3850.0,0.35,0.5,0.0022278975470539208,0.4947304031691441,30.002227897547055,0.02883748248899292
3875.0,0.35,0.5,0.0022046320853608384,0.49472128253743913,30.002204632085363,0.02883696203479904
3900.0,0.35,0.5,0.0021277308087626684,0.49472875729153126,30.002127730808763,0.02883743469095507
3925.0,0.35,0.5,0.0021050692718302248,0.49472154944862523,30.00210506927183,0.02883702544098105
3950.0,0.35,0.5,0.0020285346215636007,0.4947300472965168,30.002028534621562,0.028837557557472374
3975.0,0.35,0.5,0.0020064738331037643,0.4947250624566213,30.002006473833102,0.028837277595913077
4000.0,0.35,0.5,0.0019310127357794655,0.4947345132351932,30.00193101273578,0.028837864743636893
4025.0,0.35,0.5,0.001910156891480883,0.4947310393802573,30.00191015689148,0.028837672277364078
4050.0,0.35,0.5,0.0018370756597816075,0.49474089426951345,30.001837075659783,0.028838281838279013
4075.0,0.35,0.5,0.0018176568653885039,0.4947377901501618,30.001817656865388,0.028838110232982127
4100.0,0.35,0.5,0.001746989900151823,0.4947473442436123,30.001746989900152,0.02883870110177236
4125.0,0.35,0.5,0.0017279066040995674,0.49474396254456643,30.0017279066041,0.028838513155064867
4150.0,0.35,0.5,0.001657813253506657,0.4947527690454845,30.001657813253505,0.02883906017252084
4175.0,0.35,0.5,0.001637219228556019,0.4947492581321298,30.001637219228556,0.028838865419866758
4200.0,0.35,0.5,0.0015654502058814028,0.49475723371432556,30.00156545020588,0.028839364809798526
4225.0,0.35,0.5,0.0015422731692712663,0.49475400157243893,30.00154227316927,0.028839187548008273
4250.0,0.35,0.5,0.0014678898795653997,0.4947611672216233,30.001467889879564,0.028839640984670227
4275.0,0.35,0.5,0.0014423543600038304,0.49475817378239945,30.001442354360005,0.028839478770275276
4300.0,0.35,0.5,0.0013659351207971026,0.49476437035086457,30.0013659351208,0.028839876698843362
4325.0,0.35,0.5,0.001338696291041235,0.49476098853220063,30.00133869629104,0.02883969266427758
4350.0,0.35,0.5,0.001261229693041976,0.494765917237174,30.001261229693043,0.028840017193230226
4375.0,0.35,0.5,0.0012324928935445658,0.49476154887054796,30.001232492893546,0.028839776372288965
4400.0,0.35,0.5,0.0011543627391121085,0.49476513841779773,30.00115436273911,0.028840023160982747
4425.0,0.35,0.5,0.0011240640004448097,0.49475997412985334,30.001124064000443,0.028839736695838634
4450.0,0.35,0.5,0.0010452055676693115,0.4947626869452433,30.00104520556767,0.028839932729958957
4475.0,0.35,0.5,0.0010138745320487363,0.4947577107681858,30.00101387453205,0.028839657725513747
4500.0,0.35,0.5,0.0009347201214844496,0.4947603648242521,30.000934720121485,0.0288398504771085
4525.0,0.35,0.5,0.0009037404764821666,0.494756538734795,30.00090374047648,0.0288396423425132
4550.0,0.35,0.5,0.0008254552916264493,0.494759736841806,30.000825455291626,0.028839866389800253
4575.0,0.35,0.5,0.0007961247112892272,0.4947573052121082,30.00079612471129,0.028839738746246023
4600.0,0.35,0.5,0.0007196703518510436,0.49476108085709586,30.000719670351852,0.028839995579256768
4625.0,0.35,0.5,0.0006922271319882513,0.4947596868817782,30.00069222713199,0.02883992751408135
4650.0,0.35,0.5,0.0006176548481561837,0.49476370972930517,30.000617654848156,0.02884019785284928
4675.0,0.35,0.5,0.0005916464457008883,0.49476300947223434,30.000591646445702,0.028840169535459394
4700.0,0.35,0.5,0.0005186206101728874,0.49476703578154263,30.000518620610173,0.028840439333507245
4725.0,0.35,0.5,0.0004940540904421983,0.4947670618322277,30.000494054090442,0.028840452660317133
4750.0,0.35,0.5,0.000422750221100968,0.4947710948361772,30.0004227502211,0.02884072202174226
4775.0,0.35,0.5,0.0004003772241634217,0.4947719986808368,30.000400377224164,0.0288407854618853
4800.0,0.35,0.5,0.00033148606321831636,0.49477605072605746,30.000331486063217,0.028841054774379052
4825.0,0.35,0.5,0.000311810998362213,0.494777624401928,30.00031181099836,0.028841155963146736
4850.0,0.35,0.5,0.00024560035957306913,0.4947814901841318,30.000245600359573,0.02884141313052434
4875.0,0.35,0.5,0.00022791560519560788,0.4947831756011601,30.000227915605194,0.028841519876378553
4900.0,0.35,0.5,0.00016347327863357747,0.49478647780148804,30.000163473278633,0.02884174334262931
4925.0,0.35,0.5,0.00014628616644569138,0.4947878394392741,30.000146286166444,0.02884183097600846
4950.0,0.35,0.5,8.206842822645159e-05,0.4947901762130594,30.000082068428227,0.028841998058942567
4975.0,0.35,0.5,6.45455329876733e-05,0.4947911105546566,30.000064545532986,0.028842060946247604
5000.0,0.35,0.5,0.0,0.4947921751065215,30.0,0.028842154027607488
0.0,0.35,1.0,0.08440539331591923,0.9971943805366128,30.08440539331592,0.05804630809865697
25.0,0.35,1.0,0.08440539331591923,0.9968269391275846,30.08440539331592,0.058024919473076086
50.0,0.35,1.0,0.0834307946908276,0.9969960171248188,30.083430794690827,0.05803570149410192
75.0,0.35,1.0,0.08342785833947998,0.9966365620583616,30.08342785833948,0.05801478024290127
100.0,0.35,1.0,0.08246691125262517,0.9968028448455253,30.082466911252624,0.058025386410660004
125.0,0.35,1.0,0.08245434353082746,0.9964528235430022,30.082454343530827,0.05800502326299221
150.0,0.35,1.0,0.0814969052600289,0.9966190783278702,30.08149690526003,0.058015624447863574
175.0,0.35,1.0,0.08146461813078201,0.996280202874479,30.08146461813078,0.05799592880633385
200.0,0.35,1.0,0.08050428673714793,0.9964460376221286,30.08050428673715,0.05800650837378064
225.0,0.35,1.0,0.08044534836284856,0.9961182052576226,30.080445348362847,0.05798748094737538
250.0,0.35,1.0,0.07948286376986073,0.9962803781196797,30.07948286376986,0.05799784947633958
275.0,0.35,1.0,0.07939875989254416,0.9959607953363335,30.079398759892545,0.05797932621789643
300.0,0.35,1.0,0.07844080630351596,0.9961150982099382,30.078440806303515,0.05798923229067057
325.0,0.35,1.0,0.07833973188117326,0.995799801799923,30.078339731881172,0.05797097458791703
350.0,0.35,1.0,0.07739423891636615,0.9959433959952488,30.077394238916366,0.057980245287262734
375.0,0.35,1.0,0.07728458596590382,0.9956301076399265,30.077284585965902,0.05796211242124823
400.0,0.35,1.0,0.07635628148095042,0.9957630226110556,30.07635628148095,0.057970744877942945
425.0,0.35,1.0,0.07624266549430064,0.9954524098211301,30.076242665494302,0.057952771266431204
450.0,0.35,1.0,0.07533185485805233,0.9955774297234214,30.075331854858053,0.05796092724855458
475.0,0.35,1.0,0.07521583273974108,0.9952720074369762,30.07521583273974,0.057943257815486704
500.0,0.35,1.0,0.07432006747477461,0.9953931438388272,30.074320067474776,0.057951173217006796
525.0,0.35,1.0,0.07420174621689828,0.9950954474504334,30.074201746216897,0.05793395548214795
550.0,0.35,1.0,0.07331853382593777,0.9952156500776957,30.073318533825937,0.057941804435717566
575.0,0.35,1.0,0.073197461953511,0.9949265852071215,30.073197461953512,0.057925091577641294
600.0,0.35,1.0,0.07232625690649257,0.9950458921752411,30.072326256906493,0.057932876834065006
625.0,0.35,1.0,0.07220251468775318,0.9947636892566457,30.072202514687753,0.05791656576829142
650.0,0.35,1.0,0.07134459775997216,0.9948792469292362,30.07134459775997,0.057924119953426285
675.0,0.35,1.0,0.07121888032770246,0.9946002208936253,30.071218880327702,0.057907995472872786
700.0,0.35,1.0,0.07037562471977403,0.9947079483883229,30.070375624719773,0.05791507965594941
725.0,0.35,1.0,0.07024710417906146,0.9944289305733058,30.07024710417906,0.05789895807591832
750.0,0.35,1.0,0.06941807258141179,0.9945254226315736,30.069418072581414,0.057905374390477965
775.0,0.35,1.0,0.06928258462811761,0.994245533642842,30.069282584628116,0.05788920851835676
800.0,0.35,1.0,0.0684644276886078,0.9943294682447821,30.068464427688607,0.05789488318633712
825.0,0.35,1.0,0.06831585397826274,0.9940499567823028,30.068315853978262,0.057878751612264016
850.0,0.35,1.0,0.06750276829997075,0.9941229884772849,30.06750276829997,0.05788378652793804
875.0,0.35,1.0,0.06733606014507228,0.9938465846454156,30.067336060145074,0.057867853066900725
900.0,0.35,1.0,0.06652208337471785,0.9939133721618315,30.066522083374718,0.05787252520824558
925.0,0.35,1.0,0.06633555438136979,0.9936437670611175,30.06633555438137,0.05785700639982797
950.0,0.35,1.0,0.06551802667676816,0.9937102653527978,30.065518026676767,0.057861665061088086
975.0,0.35,1.0,0.06531484506463099,0.9934505657175299,30.06531484506463,0.05784673875923102
1000.0,0.35,1.0,0.06449671306770727,0.9935210753915003,30.064496713067708,0.0578516315330746
1025.0,0.35,1.0,0.06428476272003797,0.9932719063225528,30.06428476272004,0.05783732656698267
1050.0,0.35,1.0,0.06347332139621546,0.9933471581744345,30.063473321396216,0.057842489010090314
1075.0,0.35,1.0,0.06326192142847871,0.9931066483615699,30.063261921428477,0.05782868747166537
1100.0,0.35,1.0,0.06246485031859652,0.9931841691787555,30.062464850318598,0.057833968200448754
1125.0,0.35,1.0,0.06225971851528079,0.9929498530536061,30.062259718515282,0.05782052104104677
1150.0,0.35,1.0,0.06148115682966865,0.9930257843334238,30.061481156829668,0.05782569139850302
1175.0,0.35,1.0,0.06128137123579822,0.9927960633867803,30.061281371235797,0.0578125064397674
1200.0,0.35,1.0,0.060519589673065775,0.992867065840666,30.060519589673067,0.05781737363345435
1225.0,0.35,1.0,0.06031853753503594,0.9926410114743477,30.060318537535036,0.05780440317276498
1250.0,0.35,1.0,0.05956659549854223,0.9927051143287605,30.05956659549854,0.05780885910299886
1275.0,0.35,1.0,0.059355835385519674,0.9924816547630393,30.05935583538552,0.05779604884946365
1300.0,0.35,1.0,0.05860622751321186,0.9925375957694269,30.058606227513213,0.05780002721198932
1325.0,0.35,1.0,0.05838035672093382,0.9923149773445168,30.058380356720935,0.05778728023490001
1350.0,0.35,1.0,0.057630414168355404,0.9923612586870839,30.057630414168354,0.05779069635031355
1375.0,0.35,1.0,0.057389940897484226,0.992137196471367,30.057389940897483,0.0577778790893369
1400.0,0.35,1.0,0.05664212672449222,0.9921727395711778,30.05664212672449,0.05778066775214024
1425.0,0.35,1.0,0.056391148617603,0.9919458831684026,30.056391148617603,0.05776769761482449
1450.0,0.35,1.0,0.05564807697646913,0.9919717925152076,30.055648076976468,0.057769920606057415
1475.0,0.35,1.0,0.05538910547438723,0.9917434639335281,30.055389105474386,0.057756872157428245
1500.0,0.35,1.0,0.054649789554504835,0.9917634817773289,30.054649789554503,0.057758748343035855
1525.0,0.35,1.0,0.05438185282250542,0.9915375930524575,30.054381852822505,0.05774585034054079
1550.0,0.35,1.0,0.0536431519098075,0.9915565719440312,30.053643151909807,0.0577476653351011
1575.0,0.35,1.0,0.05336470456674483,0.9913375566177065,30.053364704566746,0.057735177471841106
1600.0,0.35,1.0,0.05262505718851852,0.9913594469696007,30.052625057188518,0.05773716285171903
1625.0,0.35,1.0,0.052337953225972476,0.9911496997374862,30.052337953225972,0.05772522282666563
1650.0,0.35,1.0,0.05159969248110641,0.9911759745597387,30.051599692481105,0.05772746215590463
1675.0,0.35,1.0,0.051310264497547345,0.9909745468883444,30.05131026449755,0.05771600866231459
1700.0,0.35,1.0,0.05057967292838407,0.9910035867889622,30.050579672928382,0.057718401608408104
1725.0,0.35,1.0,0.050295867403226016,0.99080739569705,30.050295867403193,0.0577072474752474
1750.0,0.35,1.0,0.04958062070315646,0.9908359940960142,30.049580620702944,0.05770959991777195
1775.0,0.35,1.0,0.049307644080828696,0.9906427145510838,30.04930764407948,0.0576986047447287
1800.0,0.35,1.0,0.04861258454418661,0.9906688760765885,30.048612584536173,0.05770079581819322
1825.0,0.35,1.0,0.048350444371518024,0.990478775308929,30.048350444326818,0.05768997517626365
1850.0,0.35,1.0,0.04767496992656527,0.9905027425126206,30.04767496969236,0.05769201958503772
1875.0,0.35,1.0,0.047418793200640574,0.9903178151915883,30.047418792047843,0.057681494346503326
1900.0,0.35,1.0,0.04675742540126875,0.9903404517718023,30.046757420070776,0.057683447661009114
1925.0,0.35,1.0,0.04649904335918901,0.9901621364934594,30.046499020204585,0.05767330948892213
1950.0,0.35,1.0,0.04584357021611116,0.9901831087511135,30.045843475730862,0.05767516021805643
1975.0,0.35,1.0,0.045573779554951496,0.9900107031715207,30.04557341735598,0.057665377271276956
2000.0,0.35,1.0,0.0449161135197947,0.9900280931544454,30.044914809191184,0.05766702223239614
2025.0,0.35,1.0,0.04462808528748031,0.9898585674475592,30.044623672800668,0.05765742707401999
2050.0,0.35,1.0,0.04396309461560619,0.9898697118836679,30.043949071761517,0.057658723534798596
2075.0,0.35,1.0,0.043654648528951345,0.989699383951884,30.043612784019697,0.05764912477686523
2100.0,0.35,1.0,0.04298061269274007,0.9897034307081393,30.042863200772974,0.05765007968141906
2125.0,0.35,1.0,0.04265264020249632,0.9895332995138694,30.04234330099507,0.05764066831004929
2150.0,0.35,1.0,0.041968852546768944,0.9895391164115238,30.041203230655405,0.057642100880555935
2175.0,0.35,1.0,0.041621532814858586,0.9893896644088053,30.039841408584003,0.057634701440230425
2200.0,0.35,1.0,0.040924606652859116,0.9894393834345296,30.037036457864474,0.05764028883697344
2225.0,0.35,1.0,0.040553439547061296,0.989386152572081,30.032575476237795,0.05764146834648137
2250.0,0.35,1.0,0.03983293838908596,0.9896019129474467,30.024455011620894,0.05766183458614484
2275.0,0.35,1.0,0.03942439574538582,0.9898230131056884,30.011578567694006,0.05768708890447659
2300.0,0.35,1.0,0.038660635714304004,0.9904344008998787,29.99129328658149,0.05774223843692387
2325.0,0.35,1.0,0.03819393730004272,0.9911821172118314,29.962501128909583,0.057813587915345
2350.0,0.35,1.0,0.03736915584469452,0.9924047103267815,29.92374079226927,0.05792237635890355
2375.0,0.35,1.0,0.036838087248524394,0.9937680659948909,29.876596410628462,0.05804769417828271
2400.0,0.35,1.0,0.035967913446211065,0.9954695989855994,29.82368218254679,0.058198644076139366
2425.0,0.35,1.0,0.03541563642289077,0.9970241369525625,29.771221775726737,0.05834086172774269
2450.0,0.35,1.0,0.034572309590459184,0.998492128636597,29.72569839368585,0.058471482930796764
2475.0,0.35,1.0,0.03409063416708056,0.9993351185318885,29.69485900210036,0.05855122856305306
2500.0,0.35,1.0,0.033366388059948626,0.9996692566623612,29.683366388059948,0.05858214321345023
2525.0,0.35,1.0,0.033026829694707674,0.9991329809440858,29.69379519762799,0.058540433885832216
2550.0,0.35,1.0,0.032450972766886736,0.9980872805727443,29.72357705686228,0.05844986075316488
2575.0,0.35,1.0,0.032235317003019126,0.9964219211962614,29.768041456306864,0.05830873758327281
2600.0,0.35,1.0,0.031747168423815954,0.9946667968089962,29.819461437524396,0.05815582479215364
2625.0,0.35,1.0,0.03157230576301604,0.9927753782806186,29.871330629142953,0.05799482063852894
2650.0,0.35,1.0,0.031088450438437623,0.9912136338001946,29.917460086863016,0.05785893070197188
2675.0,0.35,1.0,0.03088881447238942,0.9898097822501655,29.95519600608193,0.05774058173747742
2700.0,0.35,1.0,0.030371552121843455,0.988866224631865,29.98300420298903,0.0576587824026993
2725.0,0.35,1.0,0.030135166604079784,0.9880849873328864,30.0022893385527,0.05759471049549449
2750.0,0.35,1.0,0.029593190516539192,0.9876744874550404,30.014215263748348,0.057559343977214766
2775.0,0.35,1.0,0.029337325185378352,0.9873063889603142,30.02135936187611,0.05753104559131113
2800.0,0.35,1.0,0.028791041280285947,0.9871831848724891,30.0249028924919,0.05752047182602729
2825.0,0.35,1.0,0.028531901086433838,0.9870050671537026,30.02675177685558,0.057508322785410966
2850.0,0.35,1.0,0.027993236207270036,0.9869956566510958,30.027227614315905,0.05750731881716022
2875.0,0.35,1.0,0.02773859510096754,0.9868874906537363,30.02742925589354,0.057500823456410895
2900.0,0.35,1.0,0.027211801314070545,0.9869156045220832,30.027094389394303,0.05750278214292053
2925.0,0.35,1.0,0.026965448964417063,0.9868318252131107,30.026923584455165,0.05749806426431405
2950.0,0.35,1.0,0.02645227527886681,0.9868714583415671,30.02643825242478,0.05750083820238655
2975.0,0.35,1.0,0.02621606049542783,0.9867970217243247,30.026211648008616,0.057496718053981176
3000.0,0.35,1.0,0.025716931985352343,0.9868398881654097,30.025715627656744,0.05749969064743846
3025.0,0.35,1.0,0.02548996349961122,0.9867700584127982,30.025489601300638,0.05749583832108792
3050.0,0.35,1.0,0.02500319769179738,0.9868138119883697,30.02500310320655,0.05749885352184223
3075.0,0.35,1.0,0.02478222474431837,0.9867477492673423,30.024782201589712,0.05749521573756813
3100.0,0.35,1.0,0.024304366746026294,0.9867922643055965,30.024304361415535,0.057498267052879755
3125.0,0.35,1.0,0.0240860719357564,0.9867304048002723,30.024086070782957,0.05749487163987371
3150.0,0.35,1.0,0.023614137608430806,0.9867759911668738,30.023614137374224,0.05749797976185171
3175.0,0.35,1.0,0.02339742931843174,0.9867187942918684,30.023397429273732,0.05749485448146954
3200.0,0.35,1.0,0.02293115409408036,0.9867655410117048,30.022931154086066,0.05749802483885057
3225.0,0.35,1.0,0.022717143507297814,0.9867135128411892,30.022717143505947,0.057495198119781404
3250.0,0.35,1.0,0.022258422752173858,0.9867618264506928,30.02225842275196,0.057498452589123214
3275.0,0.35,1.0,0.022048163835625873,0.9867158238929653,30.022048163835596,0.05749597336248913
3300.0,0.35,1.0,0.021598354255478187,0.9867667775159212,30.021598354255474,0.05749937318013978
3325.0,0.35,1.0,0.02139118631708931,0.986727327114884,30.02139118631709,0.05749727277040012
3350.0,0.35,1.0,0.02094969746068888,0.9867815170269637,30.02094969746069,0.05750085325329884
3375.0,0.35,1.0,0.02074415133791583,0.9867476243402693,30.020744151337915,0.05749907513027191
3400.0,0.35,1.0,0.02030940802859759,0.9868036969107639,30.0203094080286,0.057502758914920495
3425.0,0.35,1.0,0.02010497504072731,0.9867729001307318,30.020104975040727,0.05750116011994875
3450.0,0.35,1.0,0.019675627794346968,0.9868279125687103,30.019675627794346,0.05750477701866276
3475.0,0.35,1.0,0.019472722203143365,0.9867978641118521,30.019472722203144,0.057503220359559785
3500.0,0.35,1.0,0.019047379295904956,0.9868494003026763,30.019047379295905,0.05750663090871847
3525.0,0.35,1.0,0.018845414674023977,0.9868192970040307,30.018845414674026,0.05750507014454597
3550.0,0.35,1.0,0.018421464620048268,0.9868671910019255,30.018421464620047,0.057508267168948544
3575.0,0.35,1.0,0.01821726172633853,0.9868377417056639,30.01821726172634,0.05750674665116283
3600.0,0.35,1.0,0.017790968069366708,0.9868836627652926,30.017790968069367,0.05750983099876392
3625.0,0.35,1.0,0.017580020094134653,0.9868557490372605,30.017580020094133,0.05750840641785289
3650.0,0.35,1.0,0.01714911606630059,0.9869010293845131,30.0171491160663,0.057511457893559
3675.0,0.35,1.0,0.01692952011818178,0.9868743739943121,30.016929520118182,0.057510114919356266
3700.0,0.35,1.0,0.01649588763238121,0.9869184575552142,30.01649588763238,0.05751309931555517
3725.0,0.35,1.0,0.016270949961751553,0.9868918060550836,30.01627094996175,0.057511761679150626
3750.0,0.35,1.0,0.015839644398442793,0.9869331277118697,30.015839644398444,0.05751458294226484
3775.0,0.35,1.0,0.015615522237583161,0.9869060477510989,30.01561552223758,0.0575132195487541
3800.0,0.35,1.0,0.015190477000797242,0.9869443110805838,30.015190477000797,0.05751585663032105
3825.0,0.35,1.0,0.014970851992117023,0.9869185115865053,30.014970851992118,0.057514563542081926
3850.0,0.35,1.0,0.01455197486879432,0.9869556190290493,30.014551974868795,0.057517127393856234
3875.0,0.35,1.0,0.014335561230251636,0.9869338440198511,30.01433556123025,0.05751606575884482
3900.0,0.35,1.0,0.013920248204416584,0.9869723512659586,30.013920248204418,0.05751870781502451
3925.0,0.35,1.0,0.013703488021352727,0.9869560066880634,30.013703488021353,0.057517962984226303
3950.0,0.35,1.0,0.013290211548219978,0.986996862050722,30.01329021154822,0.05752073997882546
3975.0,0.35,1.0,0.013071700355391638,0.9869849637993083,30.013071700355393,0.05752025595400776
4000.0,0.35,1.0,0.012661416341985803,0.987026890139568,30.012661416341984,0.05752309254574737
4025.0,0.35,1.0,0.012442982107566511,0.9870171790514316,30.012442982107565,0.0575227359193569
4050.0,0.35,1.0,0.012036994881394057,0.9870581283581001,30.012036994881395,0.057525511502659964
4075.0,0.35,1.0,0.01182026287762344,0.9870490648575471,30.011820262877624,0.057525190993550475
4100.0,0.35,1.0,0.01141731920762264,0.9870879899508945,30.011417319207624,0.05752784573735575
4125.0,0.35,1.0,0.011200458642731947,0.9870794787060293,30.011200458642733,0.05752755754450558
4150.0,0.35,1.0,0.01079696260836919,0.9871164157270779,30.01079696260837,0.05753009699826491
4175.0,0.35,1.0,0.010576147430806275,0.987108588728853,30.010576147430807,0.057529852481884754
4200.0,0.35,1.0,0.010169302331163478,0.9871434225443526,30.010169302331164,0.05753227261361953
4225.0,0.35,1.0,0.009942483366521251,0.9871355077600358,30.009942483366522,0.057532028743495424
4250.0,0.35,1.0,0.00953201846698225,0.987167554181891,30.00953201846698,0.057534289934186356
4275.0,0.35,1.0,0.009299844760522044,0.9871586303272154,30.009299844760523,0.057533992393418776
4300.0,0.35,1.0,0.008886450768988098,0.9871875162756242,30.008886450768987,0.05753607223264336
4325.0,0.35,1.0,0.008650238724767606,0.9871778534037094,30.00865023872477,0.05753573549715098
4350.0,0.35,1.0,0.008233862665276767,0.9872040795371484,30.00823386266528,0.057537663210890294
4375.0,0.35,1.0,0.007994082164258797,0.9871949245759749,30.00799408216426,0.057537359504450256
4400.0,0.35,1.0,0.007574781614449074,0.9872193411865207,30.007574781614448,0.0575391845923383
4425.0,0.35,1.0,0.0073316881119326735,0.987211488779617,30.007331688111933,0.05753895998599888
4450.0,0.35,1.0,0.006911450719571777,0.9872346007249037,30.00691145071957,0.05754070996581456
4475.0,0.35,1.0,0.00666662635935074,0.9872277739431556,30.00666662635935,0.057540546803822416
4500.0,0.35,1.0,0.006248943711032542,0.9872498176212832,30.006248943711032,0.057542232104662146
4525.0,0.35,1.0,0.006005188809908562,0.9872438840829802,30.006005188809908,0.05754211998747326
4550.0,0.35,1.0,0.005592125942946666,0.9872655186115368,30.005592125942947,0.05754377704471404
4575.0,0.35,1.0,0.005351308634183819,0.9872618737713605,30.005351308634182,0.057543795517941775
4600.0,0.35,1.0,0.004941841924184545,0.9872842343758967,30.004941841924186,0.057545491481150526
4625.0,0.35,1.0,0.004703865435313837,0.9872848321468068,30.004703865435314,0.05754575452835251
4650.0,0.35,1.0,0.004296261751590918,0.9873083328981983,30.00429626175159,0.05754751519690157
4675.0,0.35,1.0,0.004060834864291788,0.9873132561915614,30.00406083486429,0.05754802793626507
4700.0,0.35,1.0,0.00365594341583204,0.9873367850122124,30.003655943415833,0.057549787678250905
4725.0,0.35,1.0,0.0034241199106186024,0.9873438767677718,30.00342411991062,0.05755042337413854
4750.0,0.35,1.0,0.003024945863005884,0.9873659570347719,30.003024945863007,0.05755209323744627
4775.0,0.35,1.0,0.002798031037062224,0.9873731310900866,30.002798031037063,0.057552729040386386
4800.0,0.35,1.0,0.0024063651571897037,0.987393554574263,30.00240636515719,0.05755429516649007
4825.0,0.35,1.0,0.002184201146000512,0.9874007528992291,30.002184201146,0.057554927844334795
4850.0,0.35,1.0,0.0017985549932047497,0.9874203704721072,30.001798554993204,0.05755644125409666
4875.0,0.35,1.0,0.0015796031328662403,0.9874289339164112,30.001579603132868,0.05755715043994276
4900.0,0.35,1.0,0.001196605859187848,0.9874478886100955,30.00119660585919,0.057558622702548794
4925.0,0.35,1.0,0.000979464905843397,0.9874581645451233,30.000979464905843,0.05755942999033046
4950.0,0.35,1.0,0.0005969733324819405,0.9874748959928584,30.00059697333248,0.05756077220581058
4975.0,0.35,1.0,0.00038109712028407903,0.9874849972020179,30.000381097120282,0.0575615681132347
5000.0,0.35,1.0,0.0,0.9874975414583098,30.0,0.05756266494411036
0.0,0.35,1.5,0.2036383518081693,1.4898867307258046,30.20363835180817,0.08655439354677681
25.0,0.35,1.5,0.2036383518081693,1.4892007952891206,30.20363835180817,0.0865145443928042
50.0,0.35,1.5,0.20142409595745359,1.4897115119528432,30.201424095957453,0.08654738677137902
75.0,0.35,1.5,0.20139765080552052,1.4890376574851922,30.20139765080552,0.08650827589604565
100.0,0.35,1.5,0.19921499800427533,1.489527767114412,30.199214998004276,0.08653987685344453
125.0,0.35,1.5,0.19916406157065702,1.4888627959746903,30.199164061570656,0.08650131573317615
150.0,0.35,1.5,0.19701400575453107,1.4893300249785497,30.197014005754532,0.08653154163131092
175.0,0.35,1.5,0.19693615223398547,1.4886741800349599,30.196936152233985,0.08649354789229902
200.0,0.35,1.5,0.19481547466323818,1.4891197569524248,30.194815474663237,0.08652247459726964
225.0,0.35,1.5,0.19470459629935602,1.4884769837442284,30.194704596299356,0.08648528627251334
250.0,0.35,1.5,0.19260697195214338,1.4889058142915257,30.192606971952145,0.08651320778847525
275.0,0.35,1.5,0.1924586128033985,1.4882814178940698,30.1924586128034,0.08647713955923239
300.0,0.35,1.5,0.19037681655368652,1.4887010471182123,30.190376816553687,0.0865045046015278
325.0,0.35,1.5,0.19019147024048952,1.4880993420171034,30.19019147024049,0.08646980653011123
350.0,0.35,1.5,0.18812142151605227,1.4885165500733675,30.18812142151605,0.08649701493617987
375.0,0.35,1.5,0.18790523180335944,1.4879385834107484,30.18790523180336,0.08646373916012351
400.0,0.35,1.5,0.18584985340107776,1.4883553383257944,30.185849853401077,0.0864909011506476
425.0,0.35,1.5,0.18561389895893102,1.4877973837476517,30.18561389895893,0.08645881535874292
450.0,0.35,1.5,0.18358197531313153,1.4882101246386095,30.183581975313132,0.08648571145083446
475.0,0.35,1.5,0.18333729581220212,1.4876657786598875,30.1833372958122,0.08645442779362267
500.0,0.35,1.5,0.1813371903052032,1.4880685227886585,30.181337190305204,0.08648069830388652
525.0,0.35,1.5,0.1810862005716819,1.4875337301667118,30.18108620057168,0.08644997771928091
550.0,0.35,1.5,0.1791197644322179,1.487921584134182,30.17911976443222,0.08647533554051634
575.0,0.35,1.5,0.17885299920101763,1.4873968492835419,30.178852999201016,0.0864452209541971
600.0,0.35,1.5,0.17691396042261973,1.487767517818555,30.17691396042262,0.0864695415869405
625.0,0.35,1.5,0.17661683676938647,1.487255098052065,30.176616836769387,0.0864401851287539
650.0,0.35,1.5,0.17469425352089168,1.4876086480141923,30.17469425352089,0.08646348805365738
675.0,0.35,1.5,0.1743574494242757,1.4871089464050464,30.174357449424274,0.08643492654850002
700.0,0.35,1.5,0.1724433817720298,1.4874461502538876,30.17244338177203,0.08645726796894478
725.0,0.35,1.5,0.17206958853908272,1.4869563384340438,30.17206958853908,0.08642933320387954
750.0,0.35,1.5,0.17016604610258232,1.4872768034450108,30.170166046102583,0.08645068734248713
775.0,0.35,1.5,0.16976966871277072,1.4867916688516662,30.16976966871277,0.08642305572340939
800.0,0.35,1.5,0.1678873508217378,1.4870943507161039,30.167887350821736,0.08644334645600209
825.0,0.35,1.5,0.16748622528192686,1.486609407823021,30.167486225281927,0.08641573171062746
850.0,0.35,1.5,0.16563575173133185,1.4868952771994335,30.165635751731333,0.0864350001316015
875.0,0.35,1.5,0.1652401494200401,1.4864106667298893,30.16524014942004,0.08640739573533604
900.0,0.35,1.5,0.16342486214896032,1.486684081518874,30.16342486214896,0.08642589028080097
925.0,0.35,1.5,0.1630328150980757,1.4862056186839816,30.163032815098077,0.0863986371268818
950.0,0.35,1.5,0.16124863981360868,1.486472614580825,30.161248639813607,0.0864167144450604
975.0,0.35,1.5,0.16085034827452854,1.4860083860255393,30.16085034827453,0.08639029673292413
1000.0,0.35,1.5,0.1590895501281898,1.4862737613085024,30.15908955012819,0.08640824684373082
1025.0,0.35,1.5,0.15867448654102712,1.4858294084271988,30.158674486541027,0.08638300770013925
1050.0,0.35,1.5,0.15692897868101727,1.4860948203971815,30.156928978681016,0.08640093856596688
1075.0,0.35,1.5,0.15648968018350362,1.4856712657593798,30.156489680183505,0.08637694240675581
1100.0,0.35,1.5,0.15475393473087945,1.4859345578950662,30.15475393473088,0.08639473660153837
1125.0,0.35,1.5,0.1542870554198544,1.485528520374997,30.154287055419854,0.08637179753680273
1150.0,0.35,1.5,0.15255999861897973,1.4857846823271452,30.15255999861898,0.08638916530140561
1175.0,0.35,1.5,0.1520661404365295,1.4853907326357263,30.152066140436528,0.08636696685989086
1200.0,0.35,1.5,0.15034936588775988,1.4856348835015618,30.15034936588776,0.08638362209117362
1225.0,0.35,1.5,0.1498308318817925,1.4852481503930788,30.149830831881793,0.08636187777574386
1250.0,0.35,1.5,0.1481249638153489,1.4854780915735173,30.14812496381535,0.08637769168057455
1275.0,0.35,1.5,0.14758321069781505,1.4850958521613895,30.147583210697814,0.08635624109638741
1300.0,0.35,1.5,0.14588666641130021,1.48531184716915,30.1458866664113,0.08637123119218712
1325.0,0.35,1.5,0.14532252224748002,1.4849329232721122,30.14532252224748,0.0863500046512173
1350.0,0.35,1.5,0.14363276561231714,1.4851361820213556,30.143632765612317,0.0863642448569327
1375.0,0.35,1.5,0.14304832486398164,1.48475976357191,30.143048324863983,0.08634319225563965
1400.0,0.35,1.5,0.1413639863538853,1.4849516372380738,30.141363986353884,0.08635676304232184
1425.0,0.35,1.5,0.14076427772507566,1.4845767303552824,30.140764277725076,0.08633581937988079
1450.0,0.35,1.5,0.1390877119527825,1.4847582125946623,30.139087711952783,0.08634877509955599
1475.0,0.35,1.5,0.1384809517120938,1.4843837140156355,30.138480951712094,0.08632786444428894
1500.0,0.35,1.5,0.136819457020574,1.4845549577000057,30.136819457020575,0.08634020347148862
1525.0,0.35,1.5,0.1362137722616594,1.4841810520453134,30.13621377226166,0.08631932491968712
1550.0,0.35,1.5,0.13457570212773784,1.4843427809766307,30.134575702127737,0.08633107732203195
1575.0,0.35,1.5,0.1339734887000347,1.483973358139773,30.133973488700036,0.08631045369063707
1600.0,0.35,1.5,0.1323614799950854,1.4841296496593415,30.132361479995087,0.08632185278825034
1625.0,0.35,1.5,0.13175768595325504,1.4837726376363223,30.131757685953254,0.0863019524630751
1650.0,0.35,1.5,0.13016776653357742,1.4839304313985209,30.130167766533578,0.08631340757645876
1675.0,0.35,1.5,0.1295546180014669,1.4835942506502224,30.129554618001468,0.08629473154147062
1700.0,0.35,1.5,0.127981744513237,1.4837588498898702,30.127981744513235,0.0863065584087323
1725.0,0.35,1.5,0.1273545608730792,1.483447586044277,30.127354560873048,0.08628935112665065
1750.0,0.35,1.5,0.1257970860448752,1.4836185626611915,30.125797086044663,0.08630152728093717
1775.0,0.35,1.5,0.12515668124795443,1.4833290894946658,30.125156681246605,0.08628560585810557
1800.0,0.35,1.5,0.12361634080883618,1.4834997842988498,30.123616340800822,0.08629774150440883
1825.0,0.35,1.5,0.12296726604904631,1.483222678966682,30.122967266004345,0.08628255138107088
1850.0,0.35,1.5,0.1214455928401219,1.4833837712729647,30.121445592605916,0.08629410211695293
1875.0,0.35,1.5,0.12079043186416526,1.4831084416045188,30.120790430711367,0.0862790234568549
1900.0,0.35,1.5,0.11928429289733611,1.4832532947401442,30.119284287566845,0.08628960762448462
1925.0,0.35,1.5,0.11861835911227017,1.4829737538825667,30.118618335957663,0.08627429886922655
1950.0,0.35,1.5,0.11711939609820382,1.4831009425363366,30.117119301612956,0.08628384551068723
1975.0,0.35,1.5,0.11643297737159343,1.4828166341419544,30.11643261517262,0.086268288504317
2000.0,0.35,1.5,0.11493220780301051,1.482927950259773,30.114930903474402,0.08627691578985247
2025.0,0.35,1.5,0.11421850661757009,1.4826401240607812,30.114214094130755,0.08626119664937161
2050.0,0.35,1.5,0.11271071037921246,1.4827379309003348,30.112696687525123,0.08626906063676702
2075.0,0.35,1.5,0.11196971531087813,1.4824481065148407,30.111927850801624,0.08625329911144271
2100.0,0.35,1.5,0.1104538008899795,1.4825366398414692,30.11033638897021,0.08626072978366416
2125.0,0.35,1.5,0.10968939721298661,1.4822522529648445,30.10938005800556,0.08624555248919549
2150.0,0.35,1.5,0.10816512034831988,1.4823487407033964,30.107399498456957,0.08625400356418739
2175.0,0.35,1.5,0.10737824840109567,1.4821042950994936,30.10559812417024,0.08624235996098108
2200.0,0.35,1.5,0.10583794777619951,1.4822748606529872,30.101949798987814,0.08625751170770608
2225.0,0.35,1.5,0.10501536392641972,1.4821852339549233,30.097037400617154,0.08625933479732005
2250.0,0.35,1.5,0.10343131431492113,1.4826151070224045,30.08805338754673,0.0862972331857883
2275.0,0.35,1.5,0.10253389627296954,1.4829466129018487,30.07468806822159,0.08633570643382892
2300.0,0.35,1.5,0.10085388835084638,1.4839796958450828,30.053486539218035,0.08642632054667239
2325.0,0.35,1.5,0.09982492869043084,1.485107556092119,30.02413212029997,0.08653427766395194
2350.0,0.35,1.5,0.0980024780541044,1.4870634592756218,29.984374114478683,0.08670567118561794
2375.0,0.35,1.5,0.09682341111878343,1.4891172533920072,29.93658173449872,0.0868946997787632
2400.0,0.35,1.5,0.09489355218162478,1.4917919927444305,29.882607821282203,0.08712935929128383
2425.0,0.35,1.5,0.093665301482704,1.4941316123873587,29.829471440786552,0.08734369729167954
2450.0,0.35,1.5,0.091798268398669,1.4964505166865556,29.78292435249406,0.08754758844298396
2475.0,0.35,1.5,0.09073613790399386,1.497718924188481,29.751504505837275,0.0876680501409942
2500.0,0.35,1.5,0.08914914451823466,1.4983272123697136,29.739149144518233,0.08772187260501799
2525.0,0.35,1.5,0.08841734289589659,1.49752238530406,29.749185710829178,0.0876599619794523
2550.0,0.35,1.5,0.0871765136844967,1.4960524701854219,29.778302597779888,0.08753109319122153
2575.0,0.35,1.5,0.08672370761665164,1.4935545567850252,29.8225298469205,0.08732012456267024
2600.0,0.35,1.5,0.08567882059927977,1.4910198586984793,29.87339308969986,0.08709769210435879
2625.0,0.35,1.5,0.0852994312434777,1.4881905877459187,29.925057754623413,0.08685734522961938
2650.0,0.35,1.5,0.08424495872277339,1.4859527926336238,29.97061659514735,0.0866607952098386
2675.0,0.35,1.5,0.08377840589702529,1.483865347115151,30.008085597506565,0.08648501083208697
2700.0,0.35,1.5,0.08262010614546283,1.4825616409449063,30.03525275701265,0.08636993843009959
2725.0,0.35,1.5,0.08203969044202344,1.4814139969984796,30.054193862390644,0.08627588011558171
2750.0,0.35,1.5,0.08079959762866835,1.4809087618720371,30.065421670860477,0.08623035009526864
2775.0,0.35,1.5,0.08015455172866646,1.4803776183408628,30.0721765884194,0.08618974091990464
2800.0,0.35,1.5,0.07888698053747824,1.4802924024145567,30.074998831749095,0.08618073563204796
2825.0,0.35,1.5,0.07822344528276906,1.48003574837755,30.076443321051915,0.08616372438283271
2850.0,0.35,1.5,0.07696020094087577,1.4801061394623676,30.07619457904951,0.08616817868381671
2875.0,0.35,1.5,0.07629523797181038,1.4799436140716278,30.075985898764383,0.08615901575378135
2900.0,0.35,1.5,0.0750438049241198,1.480059027311078,30.074926393004354,0.08616725260261306
2925.0,0.35,1.5,0.07437774334340719,1.4799279707810442,30.074335878834155,0.08616046852391278
2950.0,0.35,1.5,0.07313855848413099,1.480056244557607,30.073124535630043,0.0861696719434282
2975.0,0.35,1.5,0.07247085268117918,1.4799401655658957,30.072466440194365,0.08616385653650997
3000.0,0.35,1.5,0.07124650124948162,1.480072891166677,30.071245196920874,0.08617333374494053
3025.0,0.35,1.5,0.07058017976398238,1.4799674376032683,30.070579817565008,0.08616814730623669
3050.0,0.35,1.5,0.06937311833941633,1.4801017182096332,30.06937302385417,0.08617769478696546
3075.0,0.35,1.5,0.06871131973770986,1.4800059314204221,30.068711296583103,0.08617306587766713
3100.0,0.35,1.5,0.067520352727253,1.480141471786499,30.067520347396762,0.08618266445060302
3125.0,0.35,1.5,0.06686392511515928,1.480055849530123,30.066863923962362,0.08617861972781912
3150.0,0.35,1.5,0.06568663735254684,1.4801933702503283,30.06568663711834,0.08618831448693949
3175.0,0.35,1.5,0.06503594738289091,1.4801178619857442,30.065035947338192,0.08618485043440399
3200.0,0.35,1.5,0.06387291680676321,1.4802570756443565,30.063872916798747,0.08619462380374318
3225.0,0.35,1.5,0.06322927328054538,1.4801898519805476,30.063229273279195,0.08619163205562161
3250.0,0.35,1.5,0.06208305394879507,1.4803293479109467,30.06208305394858,0.08620139823432203
3275.0,0.35,1.5,0.06144619055236508,1.4802679475364424,30.06144619055233,0.08619873587733022
3300.0,0.35,1.5,0.06031573797694753,1.4804068387141798,30.060315737976943,0.08620844470496407
3325.0,0.35,1.5,0.05968071428800147,1.4803503363792798,30.059680714288003,0.08620606496348653
3350.0,0.35,1.5,0.05855861285002719,1.4804891185832962,30.058558612850028,0.08621575593898705
3375.0,0.35,1.5,0.057917264834315085,1.480438519726653,30.057917264834316,0.08621372909226734
3400.0,0.35,1.5,0.0567946082851198,1.480577555947236,30.05679460828512,0.08622343613153015
3425.0,0.35,1.5,0.05614180936822633,1.480533353418887,30.056141809368228,0.08622179826161429
3450.0,0.35,1.5,0.05501625158662984,1.4806704900504901,30.05501625158663,0.08623139931943634
3475.0,0.35,1.5,0.05435450830407334,1.480630142483799,30.054354508304073,0.08622999885452681
3500.0,0.35,1.5,0.053231410328316756,1.4807610577144799,30.053231410328316,0.08623923453695281
3525.0,0.35,1.5,0.05256694170045243,1.4807204368890312,30.05256694170045,0.08623782214047761
3550.0,0.35,1.5,0.051451452508328645,1.4808423731439035,30.051451452508328,0.08624652442388088
3575.0,0.35,1.5,0.050785917781276176,1.4807999235675948,30.050785917781276,0.08624500711382176
3600.0,0.35,1.5,0.04967652572712248,1.480914331025475,30.049676525727122,0.08625326258377514
3625.0,0.35,1.5,0.04900541804977735,1.4808725517824235,30.049005418049777,0.08625179237276552
3650.0,0.35,1.5,0.047896838147620885,1.480983637347813,30.047896838147622,0.08625985361044512
3675.0,0.35,1.5,0.047216014075513735,1.4809465588702657,30.047216014075513,0.0862586712038163
3700.0,0.35,1.5,0.04610641696053712,1.4810578749603152,30.046106416960537,0.08626674774339987
3725.0,0.35,1.5,0.045418188418286376,1.4810277360624726,30.045418188418285,0.0862659802508341
3750.0,0.35,1.5,0.04431207159128866,1.4811400307893148,30.04431207159129,0.08627410922182877
3775.0,0.35,1.5,0.0436240645500379,1.4811161443199465,30.043624064550038,0.08627370570056384
3800.0,0.35,1.5,0.042527925878867744,1.4812280092727363,30.04252792587887,0.08628179574092076
3825.0,0.35,1.5,0.04184586886054748,1.4812085389616378,30.04184586886055,0.08628164102559738
3850.0,0.35,1.5,0.040761704112443974,1.4813187641277301,30.040761704112445,0.08628961877898571
3875.0,0.35,1.5,0.04008439061034543,1.4813029803283018,30.040084390610346,0.08628967211259189
3900.0,0.35,1.5,0.039008534070861516,1.4814116755294067,30.039008534070863,0.08629754923037436
3925.0,0.35,1.5,0.03833082124180683,1.4813999209668516,30.038330821241807,0.08629783797711289
3950.0,0.35,1.5,0.03725853441575297,1.4815074603845457,30.037258534415752,0.08630564305726444
3975.0,0.35,1.5,0.03657732332419906,1.4814997532557859,30.0365773233242,0.08630617274506189
4000.0,0.35,1.5,0.035506286541235534,1.481605774304482,30.035506286541235,0.08631388799503695
4025.0,0.35,1.5,0.03482140921889799,1.4816014438083682,30.0348214092189,0.08631461980304783
4050.0,0.35,1.5,0.033751029513422647,1.4817049955018153,30.03375102951342,0.08632219066847252
4075.0,0.35,1.5,0.033062070037945035,1.4817029875846242,30.033062070037946,0.08632306379983863
4100.0,0.35,1.5,0.03199152522839577,1.4818028666361933,30.031991525228396,0.08633042135028389
4125.0,0.35,1.5,0.031296020011203074,1.4818018821464,30.031296020011204,0.08633136366517623
4150.0,0.35,1.5,0.030223436490745624,1.4818970213581686,30.030223436490747,0.08633844840278093
4175.0,0.35,1.5,0.029518458119721234,1.48189578734924,30.02951845811972,0.08633938994848821
4200.0,0.35,1.5,0.028442356107638195,1.4819854865338982,30.02844235610764,0.08634616318659069
4225.0,0.35,1.5,0.02772785271047856,1.4819831498586813,30.027727852710477,0.0863470543294856
4250.0,0.35,1.5,0.026649145329466047,1.4820671088893576,30.026649145329465,0.08635349724601395
4275.0,0.35,1.5,0.025928571877326636,1.4820639576043866,30.025928571877326,0.086354349797898
4300.0,0.35,1.5,0.02484950974190983,1.4821427874870299,30.02484950974191,0.08636049473345714
4325.0,0.35,1.5,0.024126128900395234,1.4821409056867119,30.024126128900395,0.08636142543386441
4350.0,0.35,1.5,0.02304742208542427,1.4822164799959126,30.023047422085423,0.08636738051728463
4375.0,0.35,1.5,0.022321261695069643,1.4822188103875844,30.02232126169507,0.08636856080140176
4400.0,0.35,1.5,0.021242099027071634,1.4822934023147958,30.02124209902707,0.08637445965021615
4425.0,0.35,1.5,0.020511920140868847,1.4823013965704532,30.02051192014087,0.08637597590993638
4450.0,0.35,1.5,0.019433215535623192,1.4823761824868886,30.019433215535624,0.08638188576178608
4475.0,0.35,1.5,0.01870043610778904,1.482388745729928,30.01870043610779,0.08638367218081806
4500.0,0.35,1.5,0.017626376182725712,1.4824633160159446,30.017626376182726,0.08638956314677167
4525.0,0.35,1.5,0.016895357227250926,1.4824785798104319,30.016895357227252,0.08639150458636617
4550.0,0.35,1.5,0.01583021405083377,1.4825520944059964,30.015830214050833,0.08639732156159365
4575.0,0.35,1.5,0.01510444877605379,1.4825701120977839,30.015104448776054,0.08639941611207522
4600.0,0.35,1.5,0.014047929642483432,1.4826428149455049,30.014047929642484,0.08640517372651224
4625.0,0.35,1.5,0.013326771390811029,1.4826659802349014,30.013326771390812,0.08640756182772011
4650.0,0.35,1.5,0.012274184839623512,1.4827390315527424,30.012274184839622,0.08641333444828111
4675.0,0.35,1.5,0.01155449216464118,1.4827692190614543,30.01155449216464,0.0864161298953317
4700.0,0.35,1.5,0.01050256870788355,1.4828427232031216,30.010502568707885,0.0864219283177147
4725.0,0.35,1.5,0.009783307273894263,1.4828783853772038,30.009783307273896,0.08642504243411538
4750.0,0.35,1.5,0.008734196101001018,1.4829504707222458,30.008734196101003,0.08643075448688381
4775.0,0.35,1.5,0.008017556549599927,1.4829877337608381,30.0080175565496,0.08643395835959963
4800.0,0.35,1.5,0.006975548746866854,1.4830563075001932,30.006975548746865,0.08643945587676514
4825.0,0.35,1.5,0.006263106431773559,1.4830928604748779,30.006263106431774,0.08644261254544051
4850.0,0.35,1.5,0.0052285737455174015,1.483157525780939,30.005228573745516,0.0864478718407864
4875.0,0.35,1.5,0.004518545416103725,1.4831940755398614,30.004518545416104,0.08645102506604041
4900.0,0.35,1.5,0.0034871280930848475,1.4832553089289433,30.003487128093084,0.08645608017432171
4925.0,0.35,1.5,0.002776636627155381,1.4832930233181585,30.002776636627157,0.08645930217005693
4950.0,0.35,1.5,0.0017441820432734865,1.4833500888051239,30.001744182043275,0.08646411615917944
4975.0,0.35,1.5,0.0010325963389864025,1.4833881360115333,30.001032596338987,0.08646735935033686
5000.0,0.35,1.5,0.0,1.4834391940501515,30.0,0.08647182368268712
0.0,0.35,2.0,0.37773208437342337,1.9751309884935266,30.377732084373424,0.1144152003423788
25.0,0.35,2.0,0.37773208437342337,1.9740407034561616,30.377732084373424,0.11435204241426813
50.0,0.35,2.0,0.3738179049174425,1.9750430640992784,30.37381790491744,0.11441747866628778
75.0,0.35,2.0,0.3737406844192074,1.9739908912168624,30.373740684419207,0.11435666993508815
100.0,0.35,2.0,0.36986818788370446,1.9749697493495835,30.369868187883704,0.11442067111917677
125.0,0.35,2.0,0.3697285924204997,1.973953368847084,30.3697285924205,0.11436204953730146
150.0,0.35,2.0,0.3659036265275488,1.9749103663391827,30.365903626527547,0.11442469963273716
175.0,0.35,2.0,0.3657239015884291,1.9739223891449136,30.365723901588428,0.11436779548959214
200.0,0.35,2.0,0.3619540953577198,1.9748572684798846,30.36195409535772,0.11442906501713125
225.0,0.35,2.0,0.3617510860727879,1.9738914746600704,30.361751086072786,0.11437348643833765
250.0,0.35,2.0,0.3580401358537926,1.9748038881220378,30.35804013585379,0.11443334804065063
275.0,0.35,2.0,0.357817087798128,1.9738584698376134,30.35781708779813,0.11437898436689112
300.0,0.35,2.0,0.35416461883088163,1.9747470619914453,30.354164618830882,0.11443735994245231
325.0,0.35,2.0,0.3539116649004956,1.9738239446075758,30.353911664900494,0.11438434153842394
350.0,0.35,2.0,0.35031330191317406,1.9746863968286392,30.350313301913175,0.11444110470993153
375.0,0.35,2.0,0.3500133156766467,1.9737891737506494,30.350013315676648,0.11438967230714032
400.0,0.35,2.0,0.346459043858677,1.9746247838663522,30.346459043858676,0.11444480102695669
425.0,0.35,2.0,0.346096560836196,1.9737561937210835,30.346096560836195,0.11439514271701538
450.0,0.35,2.0,0.34257399448908504,1.9745666136761313,30.342573994489086,0.11444875589365083
475.0,0.35,2.0,0.34214269501408356,1.9737267022451186,30.342142695014083,0.1144008864732828
500.0,0.35,2.0,0.3386436361798725,1.9745142398598121,30.33864363617987,0.11445313318797973
525.0,0.35,2.0,0.33814701039040346,1.9737009631243185,30.338147010390404,0.11440692782192215
550.0,0.35,2.0,0.33466956669380077,1.9744677262012942,30.3346695666938,0.11445793370176788
575.0,0.35,2.0,0.33411743133771754,1.973678321561138,30.334117431337717,0.11441321394721282
600.0,0.35,2.0,0.3306649643071471,1.9744257723035477,30.330664964307147,0.11446305729085038
625.0,0.35,2.0,0.3300708026380229,1.9736569063828726,30.330070802638023,0.11441960466978962
650.0,0.35,2.0,0.3266509966160745,1.9743850984337323,30.326650996616074,0.11446827394178787
675.0,0.35,2.0,0.32602814849686207,1.9736337731124898,30.326028148496864,0.1144258896456218
700.0,0.35,2.0,0.322649391061893,1.974342450522051,30.322649391061894,0.11447335399401794
725.0,0.35,2.0,0.3220042510718211,1.973608882659873,30.32200425107182,0.11443203869136483
750.0,0.35,2.0,0.31866913535584,1.9743003060138016,30.31866913535584,0.11447842409781486
775.0,0.35,2.0,0.31799861498666904,1.9735885561840305,30.31799861498667,0.11443841923435469
800.0,0.35,2.0,0.3147025824309481,1.974267384316022,30.314702582430947,0.11448400429946647
825.0,0.35,2.0,0.31399981244259634,1.9735816714853207,30.313999812442596,0.11444556769254857
850.0,0.35,2.0,0.3107382047840656,1.974250399001815,30.310738204784066,0.1144905057940818
875.0,0.35,2.0,0.3099990503882878,1.973591613186795,30.30999905038829,0.11445369709789514
900.0,0.35,2.0,0.30677370741024423,1.9742470198415913,30.306773707410244,0.11449779795306098
925.0,0.35,2.0,0.3059999566460027,1.9736116311400058,30.305999956646,0.11446240931093553
950.0,0.35,2.0,0.3028190652670299,1.974245676744372,30.30281906526703,0.11450519102646466
975.0,0.35,2.0,0.30201876477319856,1.973626193523692,30.302018764773198,0.11447077293400067
1000.0,0.35,2.0,0.2988905238193776,1.9742303382356639,30.298890523819377,0.1145117244504383
1025.0,0.35,2.0,0.298071751611933,1.9736189957356653,30.298071751611932,0.11447781140188666
1050.0,0.35,2.0,0.29499503858646314,1.9741897661727812,30.294995038586464,0.11451673300331254
1075.0,0.35,2.0,0.2941564224039742,1.9735837244738559,30.294156422403976,0.11448316292473412
1100.0,0.35,2.0,0.29111668390210904,1.9741252380048775,30.29111668390211,0.11452032058125604
1125.0,0.35,2.0,0.2902469149893647,1.9735270633837207,30.290246914989364,0.11448726375901602
1150.0,0.35,2.0,0.28722312837155217,1.9740478604243443,30.28722312837155,0.11452319237622079
1175.0,0.35,2.0,0.28631120917614883,1.9734608762672654,30.286311209176148,0.11449086246337796
1200.0,0.35,2.0,0.28328855652249246,1.9739681058816454,30.283288556522493,0.11452600466482166
1225.0,0.35,2.0,0.2823326107983396,1.9733931342631656,30.28233261079834,0.11449445299186885
1250.0,0.35,2.0,0.27931015744238225,1.9738892116993105,30.27931015744238,0.11452895060827768
1275.0,0.35,2.0,0.27831692081758985,1.9733258524058828,30.27831692081759,0.11449814131660188
1300.0,0.35,2.0,0.2753049324208282,1.9738097598798712,30.275304932420827,0.11453191581724345
1325.0,0.35,2.0,0.2742838652017551,1.9732590308117937,30.274283865201756,0.1145018901813585
1350.0,0.35,2.0,0.27129435127653706,1.9737304622748864,30.271294351276538,0.11453490100142878
1375.0,0.35,2.0,0.270251812075427,1.9731962206189426,30.270251812075426,0.11450587094175423
1400.0,0.35,2.0,0.2672914226796257,1.9736582455278253,30.267291422679627,0.11453828353127136
1425.0,0.35,2.0,0.2662279533428979,1.9731467770029216,30.2662279533429,0.11451061296173894
1450.0,0.35,2.0,0.26329883737517157,1.9736041581534662,30.26329883737517,0.11454269961576072
1475.0,0.35,2.0,0.2622125576815012,1.9731208137995568,30.2622125576815,0.11451670287040162
1500.0,0.35,2.0,0.259317383488939,1.9735758449755358,30.259317383488938,0.11454859167599368
1525.0,0.35,2.0,0.2582104656348426,1.9731204631769463,30.258210465634843,0.11452425552571689
1550.0,0.35,2.0,0.25535422169319627,1.9735705432495567,30.255354221693196,0.11455578607647152
1575.0,0.35,2.0,0.2542334379999868,1.973136851146589,30.254233437999986,0.11453273384704826
1600.0,0.35,2.0,0.251420530191879,1.9735755558347017,30.25142053019188,0.11456352484091693
1625.0,0.35,2.0,0.25029119765633995,1.9731552870216549,30.25029119765634,0.11454126679808353
1650.0,0.35,2.0,0.24752182149913066,1.9735754824136356,30.24752182149913,0.11457090358709594
1675.0,0.35,2.0,0.24638332073842312,1.9731625561602384,30.246383320738424,0.11454908800789589
1700.0,0.35,2.0,0.24365131374266724,1.9735598999239652,30.243651313742664,0.11457732994343145
1725.0,0.35,2.0,0.242497147398879,1.973152171793884,30.242497147398847,0.11455584468592417
1750.0,0.35,2.0,0.23978962914371796,1.9735275631437748,30.239789629143505,0.11458276812314075
1775.0,0.35,2.0,0.2386094864038177,1.9731265737056243,30.238609486402467,0.11456172219919109
1800.0,0.35,2.0,0.23591004365902496,1.9734854453471793,30.23591004365101,0.1145876734639402
1825.0,0.35,2.0,0.23469364879843513,1.9730940560220116,30.234693648753733,0.11456725254142308
1850.0,0.35,2.0,0.2319895361816838,1.9734420676081859,30.231989535947477,0.11459258430090291
1875.0,0.35,2.0,0.23073196425937115,1.9730609644826949,30.23073196310657,0.11457283763809259
1900.0,0.35,2.0,0.2280189850362746,1.9734003566243552,30.228018979705784,0.11459768791650919
1925.0,0.35,2.0,0.22672354695188948,1.973026519839436,30.226723523797283,0.11457843399360083
1950.0,0.35,2.0,0.22400463702472,1.9733561686894037,30.224004542539472,0.11460273204124032
1975.0,0.35,2.0,0.2226809777946126,1.972984379980875,30.22268061559564,0.11458365002676733
2000.0,0.35,2.0,0.21996272606589923,1.9733014102839375,30.21996142173729,0.11460721781060362
2025.0,0.35,2.0,0.2186210790859763,1.9729274741334344,30.218616666599164,0.1145880495518783
2050.0,0.35,2.0,0.21590926120112786,1.973229902902117,30.215895238347038,0.11461077560437932
2075.0,0.35,2.0,0.21455368008646472,1.9728546981000943,30.21451181557721,0.11459160594353736
2100.0,0.35,2.0,0.21184863965116732,1.9731465559121488,30.2117312277314,0.11461383223411946
2125.0,0.35,2.0,0.21047484948459821,1.9727825795555662,30.21016551027717,0.11459565948873032
2150.0,0.35,2.0,0.20777084972461932,1.9730871266618224,30.207005227833253,0.11461934543972392
2175.0,0.35,2.0,0.2063681837077057,1.9727815755943083,30.20458805947685,0.1146061810501282
2200.0,0.35,2.0,0.20365058987434315,1.9731849986955987,30.19976244108596,0.11463877535508192
2225.0,0.35,2.0,0.20219330292443205,1.9730887843995903,30.194215339615166,0.1146437148436683
2250.0,0.35,2.0,0.199420238022186,1.9738340886718373,30.184042311253993,0.11470634480896671
2275.0,0.35,2.0,0.19784350933431924,1.9743012460015064,30.16999768128294,0.11476019499814881
2300.0,0.35,2.0,0.19492709096983335,1.9758472150641246,30.14755974183702,0.11489278933676188
2325.0,0.35,2.0,0.19312964051128303,1.9773834816462792,30.117436832120823,0.11503960825573975
2350.0,0.35,2.0,0.18997791200269,1.9801644073753453,30.076349548427267,0.11528005752239077
2375.0,0.35,2.0,0.18791527689597595,1.9829526965354947,30.02767360027591,0.11553591477366648
2400.0,0.35,2.0,0.1845700539468398,1.986707324316759,29.97228432304742,0.11586158550998885
2425.0,0.35,2.0,0.1824060050031622,1.9899003812701395,29.91821214430701,0.11615262065282994
2450.0,0.35,2.0,0.1791546798498426,1.9931979807691704,29.87028076394523,0.11643841431040743
2475.0,0.35,2.0,0.1772659556750582,1.9949800843930272,29.838034323608337,0.11660547871528028
2500.0,0.35,2.0,0.17449820120383314,1.9960019206271566,29.82449820120383,0.11669167625999764
2525.0,0.35,2.0,0.17318690311481144,1.9950194193825759,29.83395527104809,0.11661574916016042
2550.0,0.35,2.0,0.17103700103888073,1.9932569394214412,29.86216308513427,0.11645768415167042
2575.0,0.35,2.0,0.17022645142824874,1.9900011306306413,29.906032590732096,0.11618215249316026
2600.0,0.35,2.0,0.16843680604599612,1.9867956661999158,29.956151075146575,0.11589793398445711
2625.0,0.35,2.0,0.16776085091065437,1.9830798903719922,30.00751917429059,0.11558212125465701
2650.0,0.35,2.0,0.16595508822005453,1.98025005372665,30.052326724644633,0.11533111192920956
2675.0,0.35,2.0,0.165107621214367,1.9775140036469885,30.089414812823907,0.11510076050410752
2700.0,0.35,2.0,0.1630936968392439,1.975918631671484,30.11572634770643,0.1149576511529384
2725.0,0.35,2.0,0.16200252875073914,1.9744362008932281,30.13415670069936,0.11483627067638276
2750.0,0.35,2.0,0.15980042457774632,1.9739019241162288,30.144422497809554,0.11478564597410376
2775.0,0.35,2.0,0.15854386687928876,1.9732459215257931,30.150565903570023,0.11473580741293965
2800.0,0.35,2.0,0.15624989967491681,1.9732702949178804,30.152361750886534,0.11473380774801223
2825.0,0.35,2.0,0.15492242014454213,1.9729821607508875,30.153142295913685,0.11471556968402827
2850.0,0.35,2.0,0.1526102083407706,1.9732104407128372,30.151844586449407,0.11473131150879737
2875.0,0.35,2.0,0.15126526546491184,1.973045234116081,30.150955926257485,0.1147233962797937
2900.0,0.35,2.0,0.14896772012361895,1.9733270995325796,30.14885030820385,0.11474379212761997
2925.0,0.35,2.0,0.14762240932374388,1.9731994679849798,30.147580544814492,0.11473878691031317
2950.0,0.35,2.0,0.14534818855882747,1.9734919685710834,30.14533416570474,0.1147600710337899
2975.0,0.35,2.0,0.1440042777503201,1.9733810512270753,30.143999865263506,0.11475616081647566
3000.0,0.35,2.0,0.14175400218514866,1.9736755097344123,30.14175269785654,0.11477756246772994
3025.0,0.35,2.0,0.14041194597649215,1.973576845736693,30.140411583777517,0.11477437812888455
3050.0,0.35,2.0,0.13818519350448455,1.973871087611673,30.138185099019235,0.11479572999920072
3075.0,0.35,2.0,0.136846153480513,1.9737833265515485,30.136846130325907,0.1147931760447798
3100.0,0.35,2.0,0.1346410692547229,1.9740759131131842,30.13464106392423,0.11481439304608972
3125.0,0.35,2.0,0.1333030459042218,1.973999279696297,30.133303044751422,0.11481248490734178
3150.0,0.35,2.0,0.1311144199151099,1.97428956011391,30.131114419680905,0.11483353864376332
3175.0,0.35,2.0,0.1297709454802623,1.9742249885671226,30.129770945435563,0.11483234295104086
3200.0,0.35,2.0,0.12759137699013628,1.9745129619637924,30.12759137698212,0.11485324742977945
3225.0,0.35,2.0,0.1262355011805662,1.9744600508824086,30.126235501179217,0.11485275417579056
3250.0,0.35,2.0,0.12405972154925742,1.9747450809442026,30.124059721549045,0.11487348242166684
3275.0,0.35,2.0,0.12268927377321,1.9747007095010685,30.12268927377318,0.11487351430394055
3300.0,0.35,2.0,0.12051836406615714,1.9749800477867276,30.120518364066154,0.11489390435837073
3325.0,0.35,2.0,0.11913723794128536,1.974939251876919,30.119137237941285,0.11489416523822503
3350.0,0.35,2.0,0.11697691547283069,1.9752090115534386,30.11697691547283,0.11491398001941666
3375.0,0.35,2.0,0.11559010749854662,1.9751684370813543,30.115590107498548,0.11491426525328735
3400.0,0.35,2.0,0.11344287728922925,1.9754274040236923,30.11344287728923,0.11493342924247156
3425.0,0.35,2.0,0.1120506449668392,1.9753881591010176,30.11205064496684,0.11493380280524663
3450.0,0.35,2.0,0.10991190683917275,1.975639555262409,30.109911906839173,0.11495251214215615
3475.0,0.35,2.0,0.10851009114288644,1.9756060146590184,30.108510091142886,0.11495323653159084
3500.0,0.35,2.0,0.10637325127394705,1.97585476418318,30.106373251273947,0.11497179027074766
3525.0,0.35,2.0,0.10495890728362073,1.9758306554762424,30.10495890728362,0.11497308807166223
3550.0,0.35,2.0,0.10282305129017974,1.9760793530777176,30.10282305129018,0.11499163894969067
3575.0,0.35,2.0,0.10139943862201937,1.9760647759525483,30.101399438622018,0.11499350982986424
3600.0,0.35,2.0,0.09927129562911483,1.9763121478004786,30.099271295629116,0.11501197088188182
3625.0,0.35,2.0,0.09784652445095474,1.976304276166087,30.097846524450954,0.11501423496416556
3650.0,0.35,2.0,0.09573387777885584,1.9765476195254672,30.095733877778855,0.11503243401067112
3675.0,0.35,2.0,0.09431328670131815,1.9765444920470907,30.09431328670132,0.1150349669913037
3700.0,0.35,2.0,0.09221654322438731,1.9767832456426349,30.09221654322439,0.11505287053540375
3725.0,0.35,2.0,0.09079742229088615,1.97678594049955,30.090797422290887,0.11505574037446431
3750.0,0.35,2.0,0.08870985762208197,1.9770216387398833,30.08870985762208,0.11507345053204662
3775.0,0.35,2.0,0.08728528843223429,1.9770319287194034,30.087285288432234,0.11507677368894834
3800.0,0.35,2.0,0.08520097620401215,1.9772652193781957,30.08520097620401,0.11509433947907018
3825.0,0.35,2.0,0.08376691416624403,1.9772825061989339,30.083766914166244,0.11509808893039176
3850.0,0.35,2.0,0.08168523235048893,1.9775120601243497,30.081685232350488,0.11511543416262499
3875.0,0.35,2.0,0.08024213775902325,1.9775337364184702,30.080242137759022,0.11511945730757374
3900.0,0.35,2.0,0.07816496643048935,1.9777577944044031,30.07816496643049,0.11513647594622983
3925.0,0.35,2.0,0.07671411723963545,1.977781776671641,30.076714117239636,0.11514064908316776
3950.0,0.35,2.0,0.07464110489493082,1.9779996097840065,30.07464110489493,0.11515729931611718
3975.0,0.35,2.0,0.07318125357609587,1.9780257490120725,30.073181253576095,0.11516161617809773
4000.0,0.35,2.0,0.07110904279157379,1.9782372414600171,30.071109042791573,0.11517789764053683
4025.0,0.35,2.0,0.06963810113231465,1.9782659836997791,30.069638101132316,0.11518238821859668
4050.0,0.35,2.0,0.06756423023712829,1.9784701398144129,30.067564230237128,0.11519824760531258
4075.0,0.35,2.0,0.0660829363276828,1.978500749752759,30.066082936327682,0.11520286769619993
4100.0,0.35,2.0,0.06400833783475879,1.9786962045709335,30.06400833783476,0.11521822368507731
4125.0,0.35,2.0,0.06251931853192416,1.9787278876530665,30.062519318531923,0.1152229220040404
4150.0,0.35,2.0,0.06044575183605089,1.9789156936935783,30.060445751836053,0.11523783244312782
4175.0,0.35,2.0,0.05894961754702139,1.9789498628488422,30.05894961754702,0.1152426901089237
4200.0,0.35,2.0,0.05687722148417196,1.979134021809652,30.05687722148417,0.11525738771444538
4225.0,0.35,2.0,0.05537279121114271,1.9791734754213308,30.05537279121114,0.11526256998786095
4250.0,0.35,2.0,0.053302222150555564,1.9793571254038036,30.053302222150556,0.11527723624308384
4275.0,0.35,2.0,0.05179068980103647,1.979402912631137,30.051790689801038,0.11528280199273214
4300.0,0.35,2.0,0.049725037746506634,1.9795851974208434,30.049725037746505,0.11529738110956025
4325.0,0.35,2.0,0.04821104096329652,1.9796358013360316,30.048211040963295,0.11530323314446668
4350.0,0.35,2.0,0.04615333221179184,1.9798137130339786,30.04615333221179,0.11531754410676945
4375.0,0.35,2.0,0.04464104987069467,1.979867693734813,30.044641049870695,0.11532359057126852
4400.0,0.35,2.0,0.04259089659866774,1.9800404162020118,30.042590896598668,0.11533758653898529
4425.0,0.35,2.0,0.04108014282969209,1.980099091832316,30.041080142829692,0.11534390459110072
4450.0,0.35,2.0,0.03903412408342345,1.980269653919905,30.03903412408342,0.11535776852612001
4475.0,0.35,2.0,0.037521391485082815,1.9803362707418217,30.037521391485082,0.11536455404590396
4500.0,0.35,2.0,0.035477357977128816,1.980508437484623,30.03547735797713,0.11537850940762097
4525.0,0.35,2.0,0.033960918419312175,1.980584385458537,30.03396091841931,0.11538584676303641
4550.0,0.35,2.0,0.0319213022950891,1.9807583876969532,30.03192130229509,0.11539990235903859
4575.0,0.35,2.0,0.0304035793890312,1.9808412480635018,30.03040357938903,0.11540764605679608
4600.0,0.35,2.0,0.028372268607151512,1.9810138477618897,30.02837226860715,0.1154216057784223
4625.0,0.35,2.0,0.026855977457941247,1.9811001573404006,30.02685597745794,0.11542954887228915
4650.0,0.35,2.0,0.024832180426310604,1.981268577861751,30.024832180426312,0.11544325243562747
4675.0,0.35,2.0,0.023316156239975214,1.9813575276733364,30.023316156239975,0.11545135004615246
4700.0,0.35,2.0,0.02129426413975976,1.981521697451807,30.021294264139758,0.11546480402416173
4725.0,0.35,2.0,0.01977479951253449,1.9816149714854803,30.019774799512536,0.1154731614268442
4750.0,0.35,2.0,0.017750385614432807,1.9817760625837595,30.017750385614434,0.11548644260569026
4775.0,0.35,2.0,0.01622573143189462,1.9818746074879288,30.016225731431895,0.11549511836958103
4800.0,0.35,2.0,0.014199700795927597,1.9820326412462852,30.014199700795928,0.11550822624066123
4825.0,0.35,2.0,0.012671705292064997,1.982134741299219,30.012671705292064,0.11551711686582923
4850.0,0.35,2.0,0.01064789803409766,1.9822881713529923,30.010647898034097,0.11552995389778846
4875.0,0.35,2.0,0.009118937910373458,1.9823911559016927,30.009118937910372,0.11553889918389718
4900.0,0.35,2.0,0.0070986399548753215,1.982538494603226,30.007098639954876,0.11555137615228443
4925.0,0.35,2.0,0.0055686001558432775,1.9826413381314003,30.005568600155843,0.11556031654682976
4950.0,0.35,2.0,0.0035497188945988736,1.9827819847167416,30.0035497188946,0.11557240240595376
4975.0,0.35,2.0,0.0020177759134534724,1.9828849994242372,30.002017775913455,0.11558135768355969
5000.0,0.35,2.0,0.0,1.9830183666772703,30.0,0.11559301874361151
0.0,0.35,2.5,0.6055702200985519,2.4505343132194874,30.605570220098553,0.14142495416520365
25.0,0.35,2.5,0.6055702200985519,2.449035437898819,30.605570220098553,0.1413384512452562
50.0,0.35,2.5,0.5994935949497708,2.450755420046408,30.59949359494977,0.14145175772118773
75.0,0.35,2.5,0.599428158468665,2.449293191345199,30.599428158468665,0.14136751252406807
100.0,0.35,2.5,0.5934501894790387,2.450959109052925,30.59345018947904,0.1414774857691237
125.0,0.35,2.5,0.5933151271248253,2.4495321908054284,30.593315127124825,0.1413954314299241
150.0,0.35,2.5,0.5874303133116513,2.4511437832638805,30.58743031331165,0.14150206814961738
175.0,0.35,2.5,0.5872149652403524,2.449755650830408,30.587214965240353,0.14142243049564487
200.0,0.35,2.5,0.581409715609431,2.451318410484596,30.581409715609432,0.14152607834881648
225.0,0.35,2.5,0.5811013269833217,2.4499745373871686,30.581101326983323,0.1414492034705203
250.0,0.35,2.5,0.5753621156112018,2.451495136926137,30.575362115611203,0.1415502783608747
275.0,0.35,2.5,0.5749522832084155,2.450199399658242,30.574952283208415,0.14147641016800525
300.0,0.35,2.5,0.569270872881894,2.4516826914089136,30.569270872881894,0.1415752108827159
325.0,0.35,2.5,0.5687628987785187,2.450433540603206,30.56876289877852,0.1415042529493967
350.0,0.35,2.5,0.5631401196148901,2.4518804043281928,30.56314011961489,0.14160082797473414
375.0,0.35,2.5,0.5625501553520259,2.4506705708170595,30.562550155352024,0.14153232376826122
400.0,0.35,2.5,0.5569956215480876,2.452077841856917,30.556995621548086,0.14162646757689937
425.0,0.35,2.5,0.5563446219797106,2.450898709295804,30.55634462197971,0.1415598714829816
450.0,0.35,2.5,0.5508675933580471,2.452263838578863,30.550867593358046,0.14165141472357656
475.0,0.35,2.5,0.5501702942467314,2.4511108410732785,30.55017029424673,0.14158642932579066
500.0,0.35,2.5,0.5447699619288539,2.4524368582807945,30.544769961928854,0.141675548131471
525.0,0.35,2.5,0.544028951809773,2.451311878139793,30.54402895180977,0.14161227657535358
550.0,0.35,2.5,0.5386962652961214,2.452606083100414,30.53869626529612,0.14169941299096428
575.0,0.35,2.5,0.5379032304406484,2.4515161987389056,30.537903230440648,0.1416382839363887
600.0,0.35,2.5,0.5326299345678844,2.452784905966307,30.532629934567886,0.141723821486109
625.0,0.35,2.5,0.5317718479342414,2.4517386263118492,30.53177184793424,0.14166535732311636
650.0,0.35,2.5,0.5265547445745323,2.452984304127806,30.526554744574533,0.141749445773708
675.0,0.35,2.5,0.5256225426879807,2.45198623963889,30.52562254268798,0.1416939345916677
700.0,0.35,2.5,0.5204630285088175,2.453206999949481,30.520463028508818,0.14177646137414346
725.0,0.35,2.5,0.5194564085909568,2.452254597212887,30.51945640859096,0.14172375700655354
750.0,0.35,2.5,0.5143579473309986,2.4534450661026868,30.514357947331,0.14180440320957563
775.0,0.35,2.5,0.5132820286741167,2.4525305170182015,30.513282028674116,0.14175404313744533
800.0,0.35,2.5,0.5082442691050402,2.453685526841077,30.50824426910504,0.14183251045522274
825.0,0.35,2.5,0.5071035904609162,2.4528003325290078,30.507103590460915,0.14178399342079234
850.0,0.35,2.5,0.5021180395034235,2.4539189277822993,30.502118039503422,0.14186024582072915
875.0,0.35,2.5,0.5009147484741073,2.4530568897744027,30.500914748474106,0.14181320893951174
900.0,0.35,2.5,0.4959682714892527,2.4541423692023403,30.495968271489254,0.14188746713175676
925.0,0.35,2.5,0.4947038098231479,2.4533003000929576,30.494703809823147,0.1418417231247319
950.0,0.35,2.5,0.48978584513067536,2.454357432425953,30.489785845130676,0.14191428694077732
975.0,0.35,2.5,0.48846111265029685,2.4535355677372412,30.488461112650295,0.14186984764856206
1000.0,0.35,2.5,0.4835670720597361,2.4545687380309333,30.483567072059735,0.1419409809755676
1025.0,0.35,2.5,0.48218241365157727,2.453770206335904,30.48218241365158,0.14189802683821068
1050.0,0.35,2.5,0.4773146453291918,2.4547821582760627,30.47731464532919,0.1419678826117092
1075.0,0.35,2.5,0.47587425940643746,2.454009598231434,30.47587425940644,0.1419265568294096
1100.0,0.35,2.5,0.4710432463979914,2.454999866417903,30.47104324639799,0.14199508347458129
1125.0,0.35,2.5,0.4695582569120518,2.4542528390929794,30.46955825691205,0.14195533515541583
1150.0,0.35,2.5,0.4647800839155493,2.455218226844486,30.46478008391555,0.1420223099731668
1175.0,0.35,2.5,0.4632642649414746,2.454494637244672,30.463264264941476,0.1419839862231114
1200.0,0.35,2.5,0.4585539518439173,2.4554317315939733,30.458553951843918,0.14204917631542813
1225.0,0.35,2.5,0.45701754647112514,2.4547300556826466,30.457017546471125,0.14201216543259915
1250.0,0.35,2.5,0.45238274336037976,2.455637452783119,30.45238274336038,0.14207547117828404
1275.0,0.35,2.5,0.45082797238491107,2.4549582402631183,30.45082797238491,0.1420398000995107
1300.0,0.35,2.5,0.4462647295259527,2.4558381677991585,30.446264729525954,0.14210135902094798
1325.0,0.35,2.5,0.4446830953574007,2.4551853809795428,30.4446830953574,0.14206727716161552
1350.0,0.35,2.5,0.4401775554037131,2.456043059626909,30.440177555403714,0.1421274232100495
1375.0,0.35,2.5,0.4385547181754518,2.455422003580906,30.438554718175453,0.14209527142120332
1400.0,0.35,2.5,0.4340930731596446,2.4562613389645853,30.434093073159644,0.14215426253807475
1425.0,0.35,2.5,0.43242030741291915,2.455673202073976,30.43242030741292,0.1421241304384141
1450.0,0.35,2.5,0.4279968620957922,2.4564936475928945,30.427996862095792,0.1421819480715894
1475.0,0.35,2.5,0.42627603303704653,2.4559334628229985,30.42627603303705,0.1421535442975129
1500.0,0.35,2.5,0.4218902871923461,2.456732298025471,30.421890287192348,0.14221003190337408
1525.0,0.35,2.5,0.42012718071049227,2.4561930480552734,30.42012718071049,0.14218293714105262
1550.0,0.35,2.5,0.4157758908388017,2.4569695692666467,30.415775890838802,0.14223806125027677
1575.0,0.35,2.5,0.41397169141986995,2.456447134051134,30.41397169141987,0.14221203452628825
1600.0,0.35,2.5,0.4096449813169944,2.4572042166847616,30.409644981316994,0.14226598438372892
1625.0,0.35,2.5,0.40779493134403183,2.4566983189369727,30.407794931344032,0.14224102103555183
1650.0,0.35,2.5,0.40347848248685264,2.457440967907604,30.403478482486854,0.14229411969280753
1675.0,0.35,2.5,0.4015776879020634,2.4569521395963365,30.401577687902062,0.14227026225066225
1700.0,0.35,2.5,0.39726117410047196,2.4576831370088796,30.397261174100468,0.14232269486500473
1725.0,0.35,2.5,0.39531199037288134,2.4572086581954884,30.39531199037285,0.14229978059671516
1750.0,0.35,2.5,0.39099818235812966,2.4579240639903377,30.390998182357915,0.14235131242365176
1775.0,0.35,2.5,0.3890114347470359,2.457457113397313,30.389011434745687,0.1423289211614515
1800.0,0.35,2.5,0.3847132252304171,2.4581483972333484,30.384713225222402,0.14237902772577996
1825.0,0.35,2.5,0.382700894595871,2.4576819702177817,30.38270089455117,0.14235672579653855
1850.0,0.35,2.5,0.3784283319846547,2.4583436282150246,30.37842833175045,0.1424050643214587
1875.0,0.35,2.5,0.37639534163059274,2.457875328010009,30.376395340477792,0.14238270134408296
1900.0,0.35,2.5,0.3721484894157757,2.4585092234334214,30.372148484085283,0.14242937910157985
1925.0,0.35,2.5,0.3700914530938667,2.4580426784289537,30.37009142993926,0.14240717322266996
1950.0,0.35,2.5,0.3658645662738138,2.4586559143667874,30.365864471788566,0.142452614901091
1975.0,0.35,2.5,0.36377763185063544,2.4581983520517325,30.36377726965166,0.14243099918768606
2000.0,0.35,2.5,0.35956689491693344,2.4587986657919134,30.359565590588325,0.14247566364866668
2025.0,0.35,2.5,0.35744886028893635,2.4583570803497667,30.357444447802123,0.14245505244331075
2050.0,0.35,2.5,0.3532554639948523,2.458950660202697,30.353241441140764,0.14249931366811938
2075.0,0.35,2.5,0.3511116763791693,2.458530745357595,30.351069811869916,0.1424800760447531
2100.0,0.35,2.5,0.34693989173639966,2.459125338413039,30.346822479816634,0.14252450749670886
2125.0,0.35,2.5,0.344775963773227,2.458740374560892,30.3444666245658,0.14250772761185876
2150.0,0.35,2.5,0.3406261278473048,2.4593634324666707,30.33986050595594,0.142554659735635
2175.0,0.35,2.5,0.3384334688643472,2.459069882396173,30.336653344633493,0.14254517865635352
2200.0,0.35,2.5,0.3342841999951151,2.4598279760227912,30.33039605120673,0.14260383077582467
2225.0,0.35,2.5,0.33201669502607617,2.459814718798835,30.32403873171681,0.1426180095252583
2250.0,0.35,2.5,0.3277941190359275,2.4610109871422243,30.312416192267737,0.14271472050129735
2275.0,0.35,2.5,0.3253401434428777,2.4617190707460437,30.297494315391496,0.14279093260328232
2300.0,0.35,2.5,0.3208992385195104,2.463922820241118,30.273531889386696,0.14297531121973367
2325.0,0.35,2.5,0.3180967759366131,2.465977984496489,30.242403967546153,0.14316819058460437
2350.0,0.35,2.5,0.31329434569490383,2.469723139731411,30.19966598211948,0.14348704685560734
2375.0,0.35,2.5,0.3100770270831587,2.4733443231538015,30.149835350463096,0.14381613205214314
2400.0,0.35,2.5,0.3049838634813787,2.4782930932229705,30.09269813258196,0.14424062599771562
2425.0,0.35,2.5,0.30161041966458935,2.4824110221068967,30.037416558968435,0.14461318741715987
2450.0,0.35,2.5,0.29667291661768885,2.4867662830234485,29.98779900071308,0.14498670196884877
2475.0,0.35,2.5,0.29372273393942744,2.489105317445295,29.95449110187271,0.1452037378054318
2500.0,0.35,2.5,0.289527345111051,2.4905937216069938,29.93952734511105,0.1453268684565624
2525.0,0.35,2.5,0.2874477719830993,2.489465462388234,29.94821613991638,0.14523996057905036
2550.0,0.35,2.5,0.2841727946280034,2.4874614927966414,29.975298878723393,0.145057471047125
2575.0,0.35,2.5,0.2828226768386002,2.4834906507227554,30.018628816142446,0.1447213484154403
2600.0,0.35,2.5,0.28005309889798596,2.4796822704166903,30.067767367998567,0.14438129819473577
2625.0,0.35,2.5,0.278864481049843,2.475141857730836,30.11862280442978,0.14399520691299536
2650.0,0.35,2.5,0.2760301155577984,2.471804762400972,30.162401751982376,0.14369666894986927
2675.0,0.35,2.5,0.27455274314092065,2.468490373924837,30.19885993475046,0.1434173390533208
2700.0,0.35,2.5,0.2713855490317332,2.4666918661203283,30.22401819989892,0.14325318843957233
2725.0,0.35,2.5,0.26953599066848805,2.464937035174124,30.241690162617108,0.14310944470766232
2750.0,0.35,2.5,0.2660889927017194,2.4644536275354465,30.250711065933526,0.1430600436430064
2775.0,0.35,2.5,0.2639978467446111,2.463721094530252,30.256019883435346,0.14300497283976749
2800.0,0.35,2.5,0.26041985162508524,2.4639248339919884,30.2565317028367,0.14301558911375561
2825.0,0.35,2.5,0.2582191698261367,2.4636473707040656,30.256439045595283,0.14299970304737625
2850.0,0.35,2.5,0.25460752509770923,2.4641005975502295,30.253841903206343,0.14303214900669314
2875.0,0.35,2.5,0.25236146508449964,2.4639795370860598,30.252052125877075,0.14302935265991584
2900.0,0.35,2.5,0.24875310988334612,2.4644977838270794,30.24863569796358,0.1430675145890598
2925.0,0.35,2.5,0.24648307553770848,2.4644270498213174,30.246441211028454,0.14306859816745401
2950.0,0.35,2.5,0.24288867517043017,2.464954104451723,30.242874652316342,0.14310763316403738
2975.0,0.35,2.5,0.2406014684794371,2.4649029470249433,30.240597055992623,0.14311005204494062
3000.0,0.35,2.5,0.23702339440114306,2.465423856323847,30.237022090072532,0.1431487571609241
3025.0,0.35,2.5,0.23471942405604115,2.4653834554927787,30.234719061857067,0.1431518631311164
3050.0,0.35,2.5,0.23115542666877906,2.4658948235856837,30.23115533218353,0.14318999465353757
3075.0,0.35,2.5,0.22883136973053236,2.46586362674865,30.228831346575927,0.14319368714188851
3100.0,0.35,2.5,0.2252772518520414,2.4663661695355734,30.22527724652155,0.1432312903297224
3125.0,0.35,2.5,0.22293176842541973,2.4663445389761858,30.22293176727262,0.14323559180405304
3150.0,0.35,2.5,0.21938640739534956,2.4668390358118977,30.219386407161146,0.14327271392503574
3175.0,0.35,2.5,0.21702445882876661,2.4668257341583093,30.217024458784067,0.14327754077039004
3200.0,0.35,2.5,0.21349229294160102,2.467310546945728,30.213492292933587,0.14331407601063187
3225.0,0.35,2.5,0.21112178420051514,2.4673030684334143,30.211121784199165,0.14331926404590908
3250.0,0.35,2.5,0.20760761762102645,2.4677763079653907,30.207607617620813,0.14335509110396474
3275.0,0.35,2.5,0.2052308220810725,2.4677747196029833,30.20523082208104,0.14336063889788966
3300.0,0.35,2.5,0.20173266883931507,2.468238361136861,30.201732668839313,0.14339587704503437
3325.0,0.35,2.5,0.19934391025089368,2.4682466578920486,30.199343910250892,0.14340203024829107
3350.0,0.35,2.5,0.19585483266002962,2.4687059300956156,30.19585483266003,0.14343699961403852
3375.0,0.35,2.5,0.19344835759452716,2.4687281653722404,30.193448357594526,0.14344400756827963
3400.0,0.35,2.5,0.18996539880568838,2.4691863918148536,30.18996539880569,0.1434789082760689
3425.0,0.35,2.5,0.18754296163971926,2.4692226440877305,30.187542961639718,0.1434867716060207
3450.0,0.35,2.5,0.18407091792471647,2.4696782397528754,30.184070917924718,0.14352150017087806
3475.0,0.35,2.5,0.1816399306551498,2.4697250766664833,30.181639930655148,0.14353000200476765
3500.0,0.35,2.5,0.17818583404639265,2.4701737861053172,30.178185834046392,0.14356429434926768
3525.0,0.35,2.5,0.17575184818313858,2.470227623611639,30.17575184818314,0.14357321331760373
3550.0,0.35,2.5,0.1723173524165781,2.4706667856911344,30.172317352416577,0.1436069106989232
3575.0,0.35,2.5,0.1698790125104756,2.470726529722911,30.169879012510474,0.14361618650916735
3600.0,0.35,2.5,0.1664583257790052,2.471157122851684,30.166458325779004,0.14364935941680423
3625.0,0.35,2.5,0.164008601315757,2.471224240888731,30.164008601315757,0.14365909418837844
3650.0,0.35,2.5,0.16059392635108555,2.4716488485038735,30.160593926351087,0.14369191125486538
3675.0,0.35,2.5,0.15812655712574122,2.471724854586774,30.15812655712574,0.1437022080433649
3700.0,0.35,2.5,0.15471452496236004,2.4721442716527346,30.15471452496236,0.14373472345847382
3725.0,0.35,2.5,0.152228682680629,2.4722285762628737,30.15222868268063,0.14374555011945298
3750.0,0.35,2.5,0.1488200532173792,2.4726412737915355,30.148820053217378,0.1437776731252231
3775.0,0.35,2.5,0.14631882713966016,2.472731690839803,30.14631882713966,0.14378889531971462
3800.0,0.35,2.5,0.14291447832729684,2.473135441686125,30.142914478327295,0.1438204942321857
3825.0,0.35,2.5,0.14040090350101775,2.473229889833643,30.140400903501018,0.1438319837822597
3850.0,0.35,2.5,0.1370002271795014,2.4736232363679234,30.137000227179502,0.1438629751599284
3875.0,0.35,2.5,0.13447480046709306,2.473721090537361,30.134474800467093,0.1438746945889554
3900.0,0.35,2.5,0.1310767103950496,2.4741042540313734,30.13107671039505,0.14390509375465393
3925.0,0.35,2.5,0.1285382576880989,2.4742062485325493,30.1285382576881,0.14391708863506397
3950.0,0.35,2.5,0.12514350652331083,2.4745807134237867,30.12514350652331,0.1439469800090875
3975.0,0.35,2.5,0.12259244045145876,2.4746874253190665,30.12259244045146,0.14395928299653268
4000.0,0.35,2.5,0.11920391550574065,2.4750549257101624,30.11920391550574,0.1439887604496672
4025.0,0.35,2.5,0.11664254565496143,2.475166611728978,30.116642545654962,0.14400138104111618
4050.0,0.35,2.5,0.11326143618146878,2.4755291790744653,30.113261436181467,0.14403055982762297
4075.0,0.35,2.5,0.11069064237947926,2.4756473218650092,30.110690642379478,0.14404358226961633
4100.0,0.35,2.5,0.10731442715350345,2.476006969240169,30.107314427153504,0.14407258549284974
4125.0,0.35,2.5,0.10473347336310698,2.476133852736211,30.10473347336311,0.14408614455761765
4150.0,0.35,2.5,0.10136013679561863,2.476490753667637,30.10136013679562,0.14411498712120038
4175.0,0.35,2.5,0.09877101165740056,2.4766266224372186,30.0987710116574,0.1441290924247157
4200.0,0.35,2.5,0.09540345402517907,2.476978474312702,30.095403454025178,0.14415763336134932
4225.0,0.35,2.5,0.09281179924703323,2.4771209806096715,30.092811799247034,0.14417213488246686
4250.0,0.35,2.5,0.08945525156806709,2.477465831012857,30.08945525156807,0.1442002479513565
4275.0,0.35,2.5,0.08686451814904017,2.477613531800688,30.08686451814904,0.14421505350367672
4300.0,0.35,2.5,0.0835197353071498,2.4779532158465503,30.08351973530715,0.1442428435994664
4325.0,0.35,2.5,0.08092652856471294,2.4781081816038144,30.080926528564714,0.14425808190534906
4350.0,0.35,2.5,0.07758852183617636,2.4784471416278087,30.077588521836176,0.1442858195252381
4375.0,0.35,2.5,0.07498691024078216,2.4786122201291825,30.07498691024078,0.14430167071407535
4400.0,0.35,2.5,0.07165174267081625,2.478951992235526,30.071651742670817,0.1443294547505361
4425.0,0.35,2.5,0.06904121842780743,2.479126206781715,30.069041218427806,0.14434586334180072
4450.0,0.35,2.5,0.06571044723965282,2.4794629674398276,30.065710447239653,0.14437346746229798
4475.0,0.35,2.5,0.06309551436793631,2.47964215273697,30.063095514367937,0.14439018023998476
4500.0,0.35,2.5,0.05977117485737852,2.4799713748358525,30.059771174857378,0.1444173358897712
4525.0,0.35,2.5,0.05715328642766996,2.4801534272191863,30.05715328642767,0.1444342269159799
4550.0,0.35,2.5,0.053832230700876914,2.4804751383645205,30.053832230700877,0.14446094315124827
4575.0,0.35,2.5,0.05120707668177203,2.480661933592817,30.051207076681774,0.14447813206438154
4600.0,0.35,2.5,0.04788437071514365,2.4809794355706547,30.047884370715142,0.1445046129640312
4625.0,0.35,2.5,0.04524811887361766,2.4811731619320283,30.04524811887362,0.1445222365232457
4650.0,0.35,2.5,0.04192320412489189,2.481488223730171,30.041923204124892,0.14454858645177332
4675.0,0.35,2.5,0.03927728463771762,2.481688307210362,30.039277284637716,0.14456660790456577
4700.0,0.35,2.5,0.03595336139925618,2.481999538936208,30.035953361399255,0.14459273818936402
4725.0,0.35,2.5,0.03330165343836072,2.4822038551886405,30.03330165343836,0.14461102454408714
4750.0,0.35,2.5,0.029980107263478595,2.4825091466019247,30.02998010726348,0.1446368088615003
4775.0,0.35,2.5,0.027323418727915796,2.482716860124297,30.027323418727917,0.14465530955424766
4800.0,0.35,2.5,0.024001285200651954,2.4830158403796325,30.02400128520065,0.14468073335999665
4825.0,0.35,2.5,0.021337144155591372,2.4832275387824168,30.02133714415559,0.14469948863747126
4850.0,0.35,2.5,0.018011716909276776,2.4835206453667715,30.018011716909278,0.14472458387859385
4875.0,0.35,2.5,0.015339202268657105,2.4837361048645676,30.015339202268656,0.14474358298752227
4900.0,0.35,2.5,0.0120122754107833,2.484022976363937,30.012012275410783,0.14476832421730576
4925.0,0.35,2.5,0.009333265457072847,2.484241162422146,30.009333265457073,0.14478750239649538
4950.0,0.35,2.5,0.006007757344964193,2.4845217425267916,30.006007757344964,0.1448118792184988
4975.0,0.35,2.5,0.003323878778281072,2.4847427696312296,30.003323878778282,0.14483123925805486
5000.0,0.35,2.5,0.0,2.4850180690899455,30.0,0.14485530999888943
0.0,0.35,3.0,0.885485391596339,2.913990143230457,30.88548539159634,0.16740805829246613
25.0,0.35,3.0,0.885485391596339,2.9120018844903277,30.88548539159634,0.16729383328870578
50.0,0.35,3.0,0.8768568241037925,2.9145250644759964,30.876856824103793,0.167462183225581
75.0,0.35,3.0,0.8767013993844194,2.9126139493083487,30.87670139938442,0.16735279596445637
100.0,0.35,3.0,0.8681811760064161,2.915075885036691,30.868181176006416,0.1675173679730242
125.0,0.35,3.0,0.8678846569505408,2.9132376633417993,30.86788465695054,0.16741253704898748
150.0,0.35,3.0,0.8594724813335906,2.9156415410120524,30.85947248133359,0.16757351391589181
175.0,0.35,3.0,0.8590568860420256,2.913867659099382,30.859056886042026,0.1674726895786133
200.0,0.35,3.0,0.8507547603400547,2.9162159150164726,30.850754760340056,0.16763020469565035
225.0,0.35,3.0,0.8502407648313042,2.914498401047877,30.850240764831305,0.16753287400614594
250.0,0.35,3.0,0.8420507181947491,2.9167930876865666,30.84205071819475,0.1676870385541909
275.0,0.35,3.0,0.8414489692964351,2.915128396636748,30.841448969296437,0.16759297005411522
300.0,0.35,3.0,0.8333743754141342,2.917369289684325,30.833374375414135,0.16774376063464644
325.0,0.35,3.0,0.8326841870394974,2.9157581084112465,30.832684187039497,0.16765299687941823
350.0,0.35,3.0,0.8247285357275008,2.9179425390658404,30.824728535727502,0.1678002491806687
375.0,0.35,3.0,0.8239420173009603,2.9163871895233813,30.82394201730096,0.16771294637345546
400.0,0.35,3.0,0.8161028692514282,2.918513399310635,30.816102869251427,0.16785656452176573
425.0,0.35,3.0,0.8152084552164934,2.9170165350108346,30.815208455216492,0.16777290801915165
450.0,0.35,3.0,0.8074757734060429,2.9190854680445377,30.807475773406043,0.16791297232703026
475.0,0.35,3.0,0.80646254046274,2.9176489684854716,30.80646254046274,0.16783310131106333
500.0,0.35,3.0,0.798823236658801,2.9196630550732947,30.7988232366588,0.16796978606759597
525.0,0.35,3.0,0.797687473710499,2.9182855384844344,30.7976874737105,0.16789363251821907
550.0,0.35,3.0,0.7901295916933978,2.920247562848868,30.790129591693397,0.1680271294637387
575.0,0.35,3.0,0.788878069656323,2.9189231205547883,30.788878069656324,0.16795433627262193
600.0,0.35,3.0,0.781394188142428,2.9208350608907123,30.78139418814243,0.16808477849601788
625.0,0.35,3.0,0.7800411440044406,2.91955499884582,30.78004114400444,0.16801480770888613
650.0,0.35,3.0,0.7726322448367926,2.921416151113902,30.772632244836792,0.16814215098027396
675.0,0.35,3.0,0.7711935944616622,2.9201722256115077,30.77119359446166,0.1680744856975298
700.0,0.35,3.0,0.7638672205732439,2.921980178614998,30.763867220573243,0.16819856944837128
725.0,0.35,3.0,0.7623547844300391,2.9207679286580857,30.762354784430038,0.16813292143376887
750.0,0.35,3.0,0.755114693896548,2.9225239727565175,30.755114693896548,0.168253808358188
775.0,0.35,3.0,0.7535312938269274,2.921345327193117,30.753531293826928,0.16819028169847366
800.0,0.35,3.0,0.7463706508195599,2.9230574913913836,30.74637065081956,0.16830845151821894
825.0,0.35,3.0,0.7447101379123746,2.921920001416439,30.744710137912374,0.16824749862732769
850.0,0.35,3.0,0.7376179242939485,2.9235982852472504,30.73761792429395,0.1683635563695871
875.0,0.35,3.0,0.7358725794705141,2.922509836909619,30.735872579470513,0.16830565347565074
900.0,0.35,3.0,0.7288431161788842,2.924159854512943,30.728843116178883,0.16841993742119038
925.0,0.35,3.0,0.7270112957050189,2.923123565886124,30.72701129570502,0.1683652697368224
950.0,0.35,3.0,0.7200466071483511,2.924745005412159,30.72004660714835,0.16847775591787822
975.0,0.35,3.0,0.7181339562982556,2.923758503895473,30.718133956298256,0.16842617247859257
1000.0,0.35,3.0,0.7112426444124523,2.925346325553576,30.71124264441245,0.16853654642959734
1025.0,0.35,3.0,0.7092575166852043,2.9244048401397786,30.709257516685206,0.1684877505743168
1050.0,0.35,3.0,0.7024501174047202,2.925952678759172,30.70245011740472,0.16859561587085536
1075.0,0.35,3.0,0.7003963792194443,2.9250535604296686,30.700396379219445,0.16854944536102837
1100.0,0.35,3.0,0.6936753989254182,2.926559650388232,30.693675398925418,0.1686546924002336
1125.0,0.35,3.0,0.6915490000553954,2.9257043532792184,30.691549000055396,0.16861124311981165
1150.0,0.35,3.0,0.6849046506997488,2.9271735611157434,30.68490465069975,0.16871417830293492
1175.0,0.35,3.0,0.6826982995436827,2.9263647752551796,30.682698299543684,0.16867362634419883
1200.0,0.35,3.0,0.676115997969344,2.9278037458760915,30.676115997969344,0.16877467203556384
1225.0,0.35,3.0,0.6738272325710979,2.9270407413108788,30.6738272325711,0.16873698317264804
1250.0,0.35,3.0,0.6672964398923776,2.928452646620297,30.66729643989238,0.1688363506858046
1275.0,0.35,3.0,0.6649308624526329,2.927729657734118,30.664930862452632,0.1688011781648751
1300.0,0.35,3.0,0.6584469244105841,2.929113550068788,30.658446924410583,0.16889882518720972
1325.0,0.35,3.0,0.6560156335970405,2.928421581043465,30.65601563359704,0.16886562066704283
1350.0,0.35,3.0,0.649577872037724,2.929774143313355,30.649577872037725,0.16896135720368738
1375.0,0.35,3.0,0.6470928041380888,2.9291038053218763,30.64709280413809,0.1689295470613199
1400.0,0.35,3.0,0.640702283669441,2.93042106603935,30.64070228366944,0.16902314038348834
1425.0,0.35,3.0,0.6381703507752973,2.929765860446995,30.638170350775297,0.1689923312331087
1450.0,0.35,3.0,0.6318260550889128,2.9310455518479284,30.63182605508891,0.16908365245369364
1475.0,0.35,3.0,0.6292463598515404,2.9304034793309124,30.62924635985154,0.16905373180196095
1500.0,0.35,3.0,0.6229430647806308,2.93164647676434,30.62294306478063,0.16914284492728648
1525.0,0.35,3.0,0.6203109445206958,2.9310181962605597,30.620310944520696,0.1691138640025448
1550.0,0.35,3.0,0.6140422360813772,2.932227264340974,30.614042236081378,0.1692009454251792
1575.0,0.35,3.0,0.6113545468471718,2.931613902073546,30.61135454684717,0.169172978269681
1600.0,0.35,3.0,0.6051167027960375,2.9327920908020095,30.60511670279604,0.16925821355452142
1625.0,0.35,3.0,0.6023735001749225,2.9321950179787755,30.602373500174924,0.16923133955612263
1650.0,0.35,3.0,0.5961667032062353,2.933345213687542,30.596166703206237,0.169314894144725
1675.0,0.35,3.0,0.5933717820679572,2.9327658802549292,30.59337178206796,0.16928918693600128
1700.0,0.35,3.0,0.5871995770986582,2.9338906167788137,30.587199577098655,0.16937119670008155
1725.0,0.35,3.0,0.5843601177166503,2.9333301119552844,30.584360117716617,0.1693466997445975
1750.0,0.35,3.0,0.5782266317560727,2.9344321469981867,30.57822663175586,0.16942731191452137
1775.0,0.35,3.0,0.5753485037829584,2.9338928004517015,30.57534850378161,0.16940414393306708
1800.0,0.35,3.0,0.5692540563180187,2.934976686317977,30.569254056310005,0.16948361998435013
1825.0,0.35,3.0,0.5663363942490169,2.934464191989779,30.566336394204317,0.1694621126994545
1850.0,0.35,3.0,0.5602772382850973,2.9355360288137375,30.56027723805089,0.16954081495582699
1875.0,0.35,3.0,0.5573146220873956,2.9350577212918094,30.557314620934598,0.16952140766877172
1900.0,0.35,3.0,0.5512882043826426,2.9361221560464457,30.551288199052152,0.1695996114785243
1925.0,0.35,3.0,0.5482787577128562,2.935682236653885,30.548278734558252,0.16958255295433614
1950.0,0.35,3.0,0.5422882762677534,2.936739832912225,30.542288181782506,0.1696602821399752
1975.0,0.35,3.0,0.5392385674107443,2.936336487741639,30.53923820521177,0.16964545090178182
2000.0,0.35,3.0,0.5332940065625854,2.9373829938123435,30.533292702233975,0.1697224342254632
2025.0,0.35,3.0,0.5302171280854049,2.937009668123948,30.53021271559859,0.16970942318084492
2050.0,0.35,3.0,0.5243313221057321,2.938038653115684,30.524317299251642,0.1697852747378816
2075.0,0.35,3.0,0.5212382673996806,2.93769061583544,30.52119640289043,0.16977384144617083
2100.0,0.35,3.0,0.5154155020584551,2.9387037706858203,30.51529809013869,0.16984880597477067
2125.0,0.35,3.0,0.5123037143655172,2.9383932931886085,30.511994375158093,0.16984005529888133
2150.0,0.35,3.0,0.5065276151150473,2.939425116950198,30.505761993223683,0.16991704955639023
2175.0,0.35,3.0,0.5033704740175505,2.939221173696941,30.501590349786696,0.1699168787776532
2200.0,0.35,3.0,0.49759052980071283,2.9404046753528275,30.49370238101233,0.17000728129133086
2225.0,0.35,3.0,0.4943137662021761,2.9405349620835617,30.48633580289291,0.17003535372221387
2250.0,0.35,3.0,0.4884123312514918,2.9422368568518715,30.4730344044833,0.17017089257862028
2275.0,0.35,3.0,0.4848525884416611,2.943231069332516,30.457006760390282,0.17027317955708487
2300.0,0.35,3.0,0.4786175316183848,2.946136092412285,30.431250182485574,0.17051335657753494
2325.0,0.35,3.0,0.47453974038956465,2.948746807711353,30.398846931999103,0.17075539134204545
2350.0,0.35,3.0,0.4677629958425396,2.9534997039680015,30.35413463226712,0.1711565405854771
2375.0,0.35,3.0,0.46306705809050724,2.9579941938812473,30.302825381470445,0.17156205983686676
2400.0,0.35,3.0,0.45584454277168807,2.9641973383009534,30.24355881187227,0.1720902090939624
2425.0,0.35,3.0,0.45089354008581767,2.9692989742262768,30.186699679389665,0.17254866658818732
2450.0,0.35,3.0,0.4438617959581997,2.9748005143652207,30.13498788005359,0.1730166240359822
2475.0,0.35,3.0,0.4394851177534542,2.97777880907583,30.100253485686732,0.1732897418791809
2500.0,0.35,3.0,0.4334957431747682,2.979842148364948,30.083495743174765,0.17345810792711186
2525.0,0.35,3.0,0.4303515495274736,2.978658521969876,30.09111991746075,0.17336724127361164
2550.0,0.35,3.0,0.4256834745552407,2.976514391100724,30.11680955865063,0.17316854247739985
2575.0,0.35,3.0,0.42359379508061074,2.971902759494268,30.159399934384457,0.1727781196923797
2600.0,0.35,3.0,0.4196670148681888,2.9675643014603392,30.20738128396877,0.17238881950659765
2625.0,0.35,3.0,0.4178257815926134,2.9622474179628377,30.25758410497255,0.17193714115686135
2650.0,0.35,3.0,0.4138156798252884,2.9584475970095325,30.300187316249865,0.17159582642181404
2675.0,0.35,3.0,0.41156116588253067,2.954588003374563,30.33586835749207,0.17127114885460193
2700.0,0.35,3.0,0.4070597114266321,2.9526199168897023,30.35969236229382,0.17108989430986032
2725.0,0.35,3.0,0.4042448046245732,2.9506303992901075,30.376398976573192,0.17092758814364023
2750.0,0.35,3.0,0.3993044739112393,2.9502392666382344,30.383926547143048,0.17088375812455225
2775.0,0.35,3.0,0.3961003844067743,2.9494819344636514,30.38812242109751,0.17082809706887409
2800.0,0.35,3.0,0.39092878533226183,2.9499194973361287,30.387040636543876,0.17085648101644543
2825.0,0.35,3.0,0.38753245360837973,2.9497101259655465,30.385752329377524,0.17084797615431196
2850.0,0.35,3.0,0.382283349036905,2.9504466093821256,30.38151772714554,0.17090254249219936
2875.0,0.35,3.0,0.37880658404030887,2.9504193282999585,30.378497244832882,0.17090945823954534
2900.0,0.35,3.0,0.37355079733941987,2.9512269138623486,30.373433385419652,0.1709704897100253
2925.0,0.35,3.0,0.3700376975657704,2.9512523116212286,30.369995833056517,0.17098163686013224
2950.0,0.35,3.0,0.3647985338755209,2.9520626998614055,30.364784511021433,0.1710432625968045
2975.0,0.35,3.0,0.3612624203546097,2.952108036959003,30.361258007867796,0.17105582276257505
3000.0,0.35,3.0,0.3560442699010947,2.952907063957826,30.356042965572485,0.17111681796466735
3025.0,0.35,3.0,0.3524882546038019,2.9529662133427323,30.352487892404827,0.1711302666316089
3050.0,0.35,3.0,0.34729075760356787,2.953752898525255,30.34729066311832,0.17119051362948126
3075.0,0.35,3.0,0.3437148225321996,2.9538253880103427,30.343714799377594,0.1712048018469369
3100.0,0.35,3.0,0.3385377551320584,2.954600964549262,30.338537749801567,0.17126436518311175
3125.0,0.35,3.0,0.3349413197304343,2.9546874553117792,30.334941318577634,0.17127953097077028
3150.0,0.35,3.0,0.3297851580087573,2.9554529216658656,30.329785157774552,0.17133846628440588
3175.0,0.35,3.0,0.3261685852944989,2.9555538476330843,30.3261685852498,0.17135453393373742
3200.0,0.35,3.0,0.3210325468971215,2.956309995938311,30.321032546889107,0.1714128890971185
3225.0,0.35,3.0,0.3173951423161443,2.9564260474922244,30.317395142314794,0.17142990094134816
3250.0,0.35,3.0,0.31227473515358434,2.9571744559194872,30.31227473515337,0.17148777997938833
3275.0,0.35,3.0,0.3086133449411866,2.957306722349318,30.308613344941154,0.1715058084875994
3300.0,0.35,3.0,0.30350328829810685,2.9580484908317626,30.303503288298103,0.17156329001354614
3325.0,0.35,3.0,0.29981601241582195,2.9581962793897825,30.29981601241582,0.17158230080466771
3350.0,0.35,3.0,0.2947158973969597,2.9589295874731794,30.29471589739696,0.17163928029939055
3375.0,0.35,3.0,0.2910057660198191,2.959088920660166,30.29100576601982,0.1716590344604712
3400.0,0.35,3.0,0.2859203787174086,2.9598095331878658,30.28592037871741,0.17171525251096803
3425.0,0.35,3.0,0.2821934565822939,2.9599751650680792,30.282193456582295,0.17173542877772913
3450.0,0.35,3.0,0.27712679948786434,2.960680007180086,30.277126799487863,0.17179069532046784
3475.0,0.35,3.0,0.27338539550878777,2.960849905423093,30.27338539550879,0.17181116935717425
3500.0,0.35,3.0,0.2683343073227622,2.961540375383409,30.26833430732276,0.17186557411743564
3525.0,0.35,3.0,0.2645727947284449,2.961717970014235,30.264572794728444,0.1718865610694553
3550.0,0.35,3.0,0.2595278876888387,2.962398967248298,30.25952788768884,0.1719404147637413
3575.0,0.35,3.0,0.2557386386825826,2.9625892277525265,30.255738638682583,0.1719622249827149
3600.0,0.35,3.0,0.2506934268574719,2.963263873286542,30.25069342685747,0.17201572709507684
3625.0,0.35,3.0,0.24687653950810945,2.9634673479680202,30.246876539508108,0.17203839251263972
3650.0,0.35,3.0,0.24183370246002167,2.9641338865164375,30.24183370246002,0.17209143348623449
3675.0,0.35,3.0,0.23799688553770146,2.9643467157249153,30.2379968855377,0.17211470845016635
3700.0,0.35,3.0,0.2329632549028759,2.9650019687035383,30.232963254902877,0.17216708415657925
3725.0,0.35,3.0,0.2291126344659837,2.965221293995208,30.229112634465984,0.17219078547986902
3750.0,0.35,3.0,0.22409106673957643,2.965865360205206,30.224091066739575,0.1722424932805348
3775.0,0.35,3.0,0.2202262341095995,2.966092246512167,30.2202262341096,0.17226668413745114
3800.0,0.35,3.0,0.21521522299146795,2.9667280386589803,30.215215222991468,0.17231789726255217
3825.0,0.35,3.0,0.2113337260607449,2.9669648158899973,30.211333726060744,0.17234272018093527
3850.0,0.35,3.0,0.2063322595792841,2.9675943310083897,30.206332259579284,0.17239355737114145
3875.0,0.35,3.0,0.20243501309065193,2.967841376079263,30.202435013090653,0.17241903190233654
3900.0,0.35,3.0,0.19744376261572785,2.9684644923356047,30.197443762615727,0.1724694840525167
3925.0,0.35,3.0,0.19353370182031793,2.9687209461122963,30.193533701820318,0.17249555216068208
3950.0,0.35,3.0,0.1885518871628064,2.969337476546101,30.188551887162806,0.17254561051243564
3975.0,0.35,3.0,0.1846295051527636,2.9696038106816296,30.184629505152763,0.1725722984330083
4000.0,0.35,3.0,0.1796540307775957,2.9702149291796514,30.179654030777595,0.17262203994053787
4025.0,0.35,3.0,0.17571767734734484,2.970492763723975,30.175717677347343,0.17264944680469138
4050.0,0.35,3.0,0.17074748483510194,2.9710992300693384,30.1707474848351,0.17269891859071426
4075.0,0.35,3.0,0.1667984620821564,2.9713882139748673,30.166798462082156,0.1727270205617316
4100.0,0.35,3.0,0.16183749197350883,2.971988440125499,30.161837491973507,0.17277611896839537
4125.0,0.35,3.0,0.1578800674469306,2.972285859212057,30.157880067446932,0.17280474629572445
4150.0,0.35,3.0,0.15293168503911772,2.9728782179144866,30.152931685039118,0.1728533669366991
4175.0,0.35,3.0,0.14896660804700798,2.9731824850220936,30.148966608047008,0.17288242537015083
4200.0,0.35,3.0,0.14402760899390024,2.973768028324913,30.144027608993902,0.17293063842626888
4225.0,0.35,3.0,0.1400501196468854,2.974080177606047,30.140050119646887,0.17296020192212427
4250.0,0.35,3.0,0.13511371052040203,2.9746611271802084,30.1351137105204,0.17300815597035576
4275.0,0.35,3.0,0.1311187187178567,2.9749826995186477,30.131118718717858,0.17303832898689214
4300.0,0.35,3.0,0.1261813495293507,2.9755594844742004,30.12618134952935,0.17308605914860914
4325.0,0.35,3.0,0.12216927581386583,2.9758900008501703,30.122169275813867,0.173116812893491
4350.0,0.35,3.0,0.11723340412160212,2.976460474588868,30.117233404121603,0.17316418720759005
4375.0,0.35,3.0,0.11321019558012178,2.976797449009746,30.113210195580123,0.1731953601995211
4400.0,0.35,3.0,0.1082803882686395,2.977359157321792,30.10828038826864,0.17324222263311892
4425.0,0.35,3.0,0.10425066762732363,2.977701010257635,30.104250667627323,0.17327370981844403
4450.0,0.35,3.0,0.09932729975246297,2.978254113483729,30.099327299752463,0.17332006843768655
4475.0,0.35,3.0,0.09528895547230971,2.978601963788314,30.09528895547231,0.1733519411203604
4500.0,0.35,3.0,0.09036749974134477,2.97914882853861,30.090367499741344,0.17339794653972132
4525.0,0.35,3.0,0.08631470001043844,2.9795044192084164,30.086314700010437,0.17343032313881593
4550.0,0.35,3.0,0.08139066059806822,2.9800465361629604,30.081390660598068,0.173476075014891
4575.0,0.35,3.0,0.07732044731155854,2.98040958100802,30.077320447311557,0.17350894763453423
4600.0,0.35,3.0,0.07239301386505287,2.9809461548977327,30.072393013865053,0.17355440198100486
4625.0,0.35,3.0,0.06830762516766549,2.981314693368248,30.068307625167666,0.1735876502480674
4650.0,0.35,3.0,0.06337883942348263,2.981844149088943,30.063378839423482,0.17363270940198838
4675.0,0.35,3.0,0.059282522056996405,2.9822170034481545,30.059282522056996,0.17366625264409172
4700.0,0.35,3.0,0.054354331942284666,2.9827390711779227,30.054354331942285,0.1737108951558985
4725.0,0.35,3.0,0.05024899072910801,2.983117348591585,30.05024899072911,0.1737447924799248
4750.0,0.35,3.0,0.045321559947703746,2.983633479718107,30.045321559947705,0.17378910229560388
4775.0,0.35,3.0,0.04120623321338958,2.984019154882844,30.04120623321339,0.17382347166148035
4800.0,0.35,3.0,0.03627905945950808,2.9845307172468796,30.03627905945951,0.17386752984169956
4825.0,0.35,3.0,0.032153404668463066,2.9849238005292382,30.032153404668463,0.17390237304782946
4850.0,0.35,3.0,0.027226790952628158,2.985430436291245,30.02722679095263,0.17394615782061307
4875.0,0.35,3.0,0.023091864778174705,2.985829212128539,30.023091864778173,0.17398137204471648
4900.0,0.35,3.0,0.01816490693059727,2.9863302728008594,30.018164906930597,0.1740248481770126
4925.0,0.35,3.0,0.014020254859558505,2.9867343965902147,30.01402025485956,0.17406041481387738
4950.0,0.35,3.0,0.00908993965468874,2.9872304643552763,30.00908993965469,0.17410362490288933
4975.0,0.35,3.0,0.004934626938961201,2.9876412010696676,30.00493462693896,0.17413962055632484
5000.0,0.35,3.0,0.0,2.988132630894826,30.0,0.17418258802624428
0.0,0.7,0.5,0.018838551829830345,0.4996862211741253,30.01883855182983,0.029118294069368333
25.0,0.7,0.5,0.018838551829830345,0.4995715573660774,30.01883855182983,0.029111612247175983
50.0,0.7,0.5,0.01858564724947003,0.49959588491434853,30.01858564724947,0.0291131525276463
75.0,0.7,0.5,0.018576678952150788,0.499485613896151,30.01857667895215,0.02910673100805894
100.0,0.7,0.5,0.018323205166455348,0.4995108493771655,30.018323205166457,0.029108324459757248
125.0,0.7,0.5,0.018306881653897714,0.49940627889235895,30.0183068816539,0.029102238667757897
150.0,0.7,0.5,0.018053106788411936,0.4994336901375229,30.01805310678841,0.02910395904446425
175.0,0.7,0.5,0.018031987801528586,0.49933386380310235,30.01803198780153,0.02909815200851065
200.0,0.7,0.5,0.017778365489842362,0.49936280163480423,30.017778365489843,0.029099961263027888
225.0,0.7,0.5,0.017754342476091804,0.4992653618644472,30.017754342476092,0.029094294681613328
250.0,0.7,0.5,0.01750129968816435,0.4992936121772048,30.017501299688163,0.02909606358311088
275.0,0.7,0.5,0.017474515130270266,0.49919618568687474,30.01747451513027,0.02909039908605291
300.0,0.7,0.5,0.017222733974988722,0.4992210499426131,30.01722273397499,0.02909197004702515
325.0,0.7,0.5,0.01719241747754142,0.49912225936666155,30.017192417477542,0.029086227741364743
350.0,0.7,0.5,0.01694331579688859,0.4991417747451651,30.01694331579689,0.0290874856887229
375.0,0.7,0.5,0.01690961717075069,0.4990413626348561,30.01690961717075,0.02908165049755578
400.0,0.7,0.5,0.01666530152487568,0.49905508634567153,30.016665301524874,0.02908256860285674
425.0,0.7,0.5,0.016629921184999365,0.49895363930349085,30.016629921185,0.02907667388554278
450.0,0.7,0.5,0.016392348377567287,0.49896275518096717,30.01639234837757,0.029077320185504452
475.0,0.7,0.5,0.01635759111338898,0.49886138062944146,30.01635759111339,0.029071429361077067
500.0,0.7,0.5,0.01612769995897383,0.49886804279684044,30.016127699958975,0.029071928931819462
525.0,0.7,0.5,0.01609540930405074,0.49876784402442387,30.01609540930405,0.029066105403599427
550.0,0.7,0.5,0.015873002455334236,0.4987739831353349,30.015873002455333,0.029066570851157335
575.0,0.7,0.5,0.015844144885009508,0.49867546515674793,30.01584414488501,0.029060843583541315
600.0,0.7,0.5,0.01562837998609912,0.4986817705734718,30.0156283799861,0.029061315490299257
625.0,0.7,0.5,0.015602863350657095,0.49858468849113374,30.015602863350658,0.02905567025855502
650.0,0.7,0.5,0.015392724509307206,0.49859048038922893,30.015392724509308,0.02905610949983722
675.0,0.7,0.5,0.015369351166865294,0.49849425240489226,30.015369351166864,0.029050512980435497
700.0,0.7,0.5,0.015163623719981856,0.4984983634699599,30.01516362371998,0.029050852117483133
725.0,0.7,0.5,0.015140403808357832,0.49840265252067617,30.015140403808356,0.029045285631603784
750.0,0.7,0.5,0.01493719791863194,0.49840462605049096,30.01493719791863,0.029045498963323126
775.0,0.7,0.5,0.014911518335038499,0.49830976487731093,30.014911518335037,0.029039983166682815
800.0,0.7,0.5,0.014707906020588057,0.4983103847400336,30.01470790602059,0.029040117790371626
825.0,0.7,0.5,0.014676300319589606,0.49821746876144923,30.01467630031959,0.029034718197204757
850.0,0.7,0.5,0.014468816472515888,0.49821822228819435,30.014468816472515,0.02903486246612693
875.0,0.7,0.5,0.014427609883576328,0.4981286017067966,30.014427609883576,0.029029659538969126
900.0,0.7,0.5,0.014213926845946946,0.49813055427169395,30.014213926845947,0.029029876666476422
925.0,0.7,0.5,0.01416147859164163,0.49804485983959956,30.014161478591642,0.029024907956360074
950.0,0.7,0.5,0.01394229233271002,0.49804785974322446,30.01394229233271,0.0290251887660448
975.0,0.7,0.5,0.013880901409274822,0.49796542220939205,30.013880901409276,0.02902041415818689
1000.0,0.7,0.5,0.013660248332651496,0.49796826542908806,30.013660248332652,0.02902068653116068
1025.0,0.7,0.5,0.013595449768937073,0.4978875655198142,30.013595449768935,0.029016014809301327
1050.0,0.7,0.5,0.013378900923277315,0.4978889247372958,30.01337890092328,0.029016198698604556
1075.0,0.7,0.5,0.013316705588200936,0.49780862054837655,30.013316705588203,0.02901154875397798
1100.0,0.7,0.5,0.01310873491851407,0.4978079909512101,30.013108734918514,0.02901161257695292
1125.0,0.7,0.5,0.013053216105044708,0.4977275844917627,30.013053216105046,0.029006953420223757
1150.0,0.7,0.5,0.012855439444617091,0.49772558363225416,30.012855439444618,0.02900693238606104
1175.0,0.7,0.5,0.01280778594111225,0.4976453584458219,30.012807785941114,0.029002279969625663
1200.0,0.7,0.5,0.012618895367391062,0.49764307609746233,30.012618895367392,0.029002238221954572
1225.0,0.7,0.5,0.012577394176359625,0.4975635333177227,30.01257739417636,0.02899762258156576
1250.0,0.7,0.5,0.012394296912092803,0.49756131242775775,30.012394296912092,0.028997581602477885
1275.0,0.7,0.5,0.012354920882281399,0.4974825044473571,30.01235492088228,0.028993007738887303
1300.0,0.7,0.5,0.01217393046292338,0.49747927304824857,30.012173930462925,0.0289929068361532
1325.0,0.7,0.5,0.012131668088887049,0.4974005956043443,30.012131668088887,0.02898834195433902
1350.0,0.7,0.5,0.011949221101769417,0.4973945990353431,30.01194922110177,0.028988080587252867
1375.0,0.7,0.5,0.011899757665505582,0.4973153884379738,30.011899757665507,0.028983488090055753
1400.0,0.7,0.5,0.011713012771694316,0.4973057141604955,30.011713012771693,0.028983014445729358
1425.0,0.7,0.5,0.011653996128286314,0.49722608643431904,30.011653996128285,0.02897840222821227
1450.0,0.7,0.5,0.01146160705095045,0.49721342763464144,30.01146160705095,0.02897775735249021
1475.0,0.7,0.5,0.011393109166554019,0.49713439712794427,30.011393109166555,0.02897318449340473
1500.0,0.7,0.5,0.01119576400006628,0.4971204524807232,30.011195764000067,0.028972467050903672
1525.0,0.7,0.5,0.011119989770706227,0.4970432233807337,30.011119989770705,0.02896800266453422
1550.0,0.7,0.5,0.010920172905123456,0.4970296139745382,30.010920172905124,0.0289673059331677
1575.0,0.7,0.5,0.010840731714022306,0.4969547863670237,30.010840731714023,0.0289629832506028
1600.0,0.7,0.5,0.010641990475717717,0.4969423595157749,30.01064199047572,0.028962354901327984
1625.0,0.7,0.5,0.010563026914117056,0.496869668527854,30.010563026914117,0.02895815648665081
1650.0,0.7,0.5,0.010369242530030265,0.4968582527515356,30.01036924253003,0.02895758465429473
1675.0,0.7,0.5,0.010294440872578173,0.49678686997666854,30.010294440872578,0.02895346045132877
1700.0,0.7,0.5,0.010108787624402487,0.49677544427382225,30.010108787624397,0.02895288410079294
1725.0,0.7,0.5,0.010040345785503562,0.496704495348401,30.01004034578544,0.02894878209225707
1750.0,0.7,0.5,0.009863925085916029,0.49669187375685026,30.00986392508549,0.02894813157359379
1775.0,0.7,0.5,0.009801927585134103,0.4966209333527302,30.009801927582433,0.02894402693194052
1800.0,0.7,0.5,0.009633170218758669,0.4966067309403862,30.00963317020273,0.028943280567986906
1825.0,0.7,0.5,0.009575724603641486,0.4965362355417335,30.009575724514246,0.02893919964680339
1850.0,0.7,0.5,0.00941121196355369,0.4965214384977486,30.00941121149514,0.028938416563819402
1875.0,0.7,0.5,0.00935517597974279,0.4964527374606622,30.00935517367414,0.02893443952390942
1900.0,0.7,0.5,0.009191133848749313,0.49643924572143605,30.00919112318776,0.02893373227876989
1925.0,0.7,0.5,0.009133043082173529,0.4963738708152671,30.009132996772962,0.028929950082229733
1950.0,0.7,0.5,0.008966619174827122,0.4963630757898501,30.00896643020433,0.028929401207146214
1975.0,0.7,0.5,0.008903770344675425,0.49630140620717667,30.00890304594673,0.028925837483019527
2000.0,0.7,0.5,0.008733840715150501,0.4962927703413702,30.008731232057933,0.028925416965897895
2025.0,0.7,0.5,0.008665176399353842,0.49623325065714863,30.00865635142573,0.028921984066350832
2050.0,0.7,0.5,0.008492306365248855,0.4962242877373378,30.008464260657075,0.02892155424627194
2075.0,0.7,0.5,0.008418116232624904,0.4961646324613031,30.00833438721412,0.02891813992148908
2100.0,0.7,0.5,0.008243365981028577,0.49615366697058794,30.008008542141496,0.028917657817304213
2125.0,0.7,0.5,0.008163813022215562,0.496095760915869,30.00754513460736,0.028914506101039142
2150.0,0.7,0.5,0.0079870093869709,0.4960907308002452,30.00645576560424,0.028914737778243545
2175.0,0.7,0.5,0.00790063028375497,0.4960551406003811,30.004340381822043,0.02891368258791994
2200.0,0.7,0.5,0.007718853776311704,0.496097812143685,29.999942556199542,0.0289182891917906
2225.0,0.7,0.5,0.007621251039631168,0.4961596147405147,29.991665324421103,0.02892588247846495
2250.0,0.7,0.5,0.00742742756898256,0.49637233110199186,29.976671574032597,0.02894552002641542
2275.0,0.7,0.5,0.007309917143791335,0.49670958445212116,29.95161826104103,0.028977298231016486
2300.0,0.7,0.5,0.007092497400680473,0.4973232075178617,29.91235779913505,0.029032129927366538
2325.0,0.7,0.5,0.00694376516441998,0.4981909225662019,29.855558148383498,0.029110435928109985
2350.0,0.7,0.5,0.006692653915144885,0.49942578863342185,29.7794359267643,0.02921986645815835
2375.0,0.7,0.5,0.006509672038820159,0.5009206321637799,29.68602631879869,0.029353397936125618
2400.0,0.7,0.5,0.006232285549646312,0.5026511313825801,29.581660823750802,0.029506716506544323
2425.0,0.7,0.5,0.0060377942169810165,0.5043516576127179,29.477650072824673,0.029658727875837204
2450.0,0.7,0.5,0.005772212415894905,0.5058563986491075,29.388024380606677,0.02979254118570203
2475.0,0.7,0.5,0.005615241180498479,0.5068380015671504,29.32715197704706,0.029881316068749494
2500.0,0.7,0.5,0.005412350472299274,0.5071846293828842,29.3054123504723,0.029912840926210722
2525.0,0.7,0.5,0.005331768131388896,0.5067500038655882,29.326868503997947,0.029876272436641534
2550.0,0.7,0.5,0.005209084993319683,0.5056792978634165,29.3874612531841,0.029782396133424635
2575.0,0.7,0.5,0.005194497225045752,0.5040868204771048,29.47680677583274,0.029643577980464526
2600.0,0.7,0.5,0.005119042924169186,0.5022952653252747,29.580547581125323,0.02948638122738824
2625.0,0.7,0.5,0.005124490833421254,0.5004765984156233,29.68464113759329,0.029328062294101648
2650.0,0.7,0.5,0.005049634211193399,0.49888852567042685,29.77779290706035,0.02918923809450821
2675.0,0.7,0.5,0.005039151670322069,0.49756549311445575,29.8536535348894,0.029074818071849428
2700.0,0.7,0.5,0.004942331668567907,0.49660386916158805,29.910207633402937,0.02899117926027548
2725.0,0.7,0.5,0.004909159613715412,0.4959048868101365,29.949217503510955,0.028931512886658208
2750.0,0.7,0.5,0.004793435307795198,0.4954768890857191,29.974037581771412,0.02889457258842917
2775.0,0.7,0.5,0.004747621688080531,0.4951865165590343,29.98879169506955,0.028870534429606808
2800.0,0.7,0.5,0.004624629191341653,0.4950418897246142,29.996848331614572,0.02885822615426318
2825.0,0.7,0.5,0.004576913636476384,0.4949339786365349,30.001016665174767,0.028849931119989194
2850.0,0.7,0.5,0.004455478923887586,0.49489781067198824,30.00292423514116,0.02884690579336924
2875.0,0.7,0.5,0.004411629173798924,0.49485183784945186,30.003792950758942,0.028843808527359693
2900.0,0.7,0.5,0.004296181613521474,0.49484884340852914,30.004061357773992,0.028843504974700864
2925.0,0.7,0.5,0.004258192126085378,0.49482081208494216,30.004174463107578,0.028841816736778825
2950.0,0.7,0.5,0.004150573433298838,0.4948269075502955,30.004122527725126,0.028842196987629305
2975.0,0.7,0.5,0.004118603503566288,0.49480377474996184,30.004109778529944,0.0288408547632168
3000.0,0.7,0.5,0.004018972725194643,0.4948118224203027,30.004016364067976,0.028841368738705728
3025.0,0.7,0.5,0.003992068589287415,0.49478986907158673,30.00399134419134,0.028840101156454818
3050.0,0.7,0.5,0.0038986763680254914,0.494797511337982,30.003898487397528,0.028840591233801154
3075.0,0.7,0.5,0.003874714810227865,0.49477592363650014,30.003874668501016,0.02883934438430836
3100.0,0.7,0.5,0.0037839985452743276,0.49478269888331144,30.003783987884287,0.028839782879002556
3125.0,0.7,0.5,0.003759993862507265,0.4947617790372258,30.003759991556905,0.028838575039922713
3150.0,0.7,0.5,0.003668198943434233,0.4947682502612263,30.003668198475022,0.02883899634816928
3175.0,0.7,0.5,0.003641848711591433,0.4947486135730839,30.003641848622195,0.028837864430103
3200.0,0.7,0.5,0.0035475793229737813,0.49475565851405817,30.003547579306943,0.028838320369028145
3225.0,0.7,0.5,0.003519132515972122,0.49473778626435566,30.003519132513272,0.028837292301773926
3250.0,0.7,0.5,0.00342448285197025,0.49474610626206594,30.003424482851543,0.028837822744276112
3275.0,0.7,0.5,0.003396798344194671,0.4947302415467374,30.00339679834413,0.028836911323849634
3300.0,0.7,0.5,0.003305644282289185,0.49474020684605685,30.003305644282282,0.028837535988776093
3325.0,0.7,0.5,0.0032820035407154532,0.4947264455309418,30.003282003540715,0.02883674522672032
3350.0,0.7,0.5,0.0031969957958060133,0.49473806613488897,30.003196995795808,0.028837463423896
3375.0,0.7,0.5,0.003178710985565273,0.4947263673925104,30.003178710985566,0.028836790310541708
3400.0,0.7,0.5,0.003099757676992789,0.4947393136155236,30.003099757676992,0.028837582867741608
3425.0,0.7,0.5,0.0030855747574461607,0.49472943234440087,30.003085574757446,0.02883701371970856
3450.0,0.7,0.5,0.0030106604047935364,0.4947431669965357,30.003010660404794,0.02883785029381426
3475.0,0.7,0.5,0.00299799865615362,0.4947346526757672,30.002997998656152,0.02883736009151431
3500.0,0.7,0.5,0.002924747007969115,0.4947485258797951,30.00292474700797,0.02883820394424446
3525.0,0.7,0.5,0.002911236426890539,0.49474077876327344,30.00291123642689,0.028837758868538833
3550.0,0.7,0.5,0.00283751615806351,0.4947540189783179,30.002837516158063,0.0288385660521432
3575.0,0.7,0.5,0.002821442249688166,0.49474640337560677,30.002821442249687,0.028838129873561793
3600.0,0.7,0.5,0.002745216045207966,0.49475823440369665,30.00274521604521,0.02883885612345321
3625.0,0.7,0.5,0.0027252478474093247,0.4947501976129191,30.00272524784741,0.02883839726532432
3650.0,0.7,0.5,0.0026450747095141634,0.49476009001862126,30.002645074709513,0.028839012413581507
3675.0,0.7,0.5,0.0026206530577377665,0.4947511284636838,30.002620653057736,0.028838501791596572
3700.0,0.7,0.5,0.002536939264891343,0.4947589228537931,30.002536939264893,0.028838996351608276
3725.0,0.7,0.5,0.002509176504329569,0.49474857378526826,30.00250917650433,0.028838406457660035
3750.0,0.7,0.5,0.002424429238833245,0.49475452576883155,30.002424429238832,0.028838794123016747
3775.0,0.7,0.5,0.0023958588342909088,0.49474277089630897,30.00239585883429,0.028838122672962856
3800.0,0.7,0.5,0.002312993626858571,0.49474769105673533,30.00231299362686,0.028838449290051922
3825.0,0.7,0.5,0.0022859454434699224,0.49473552155601835,30.00228594544347,0.028837752938685058
3850.0,0.7,0.5,0.002206220810352491,0.4947407486602357,30.002206220810354,0.028838095938118063
3875.0,0.7,0.5,0.002181601588592962,0.4947300908202889,30.002181601588592,0.028837486531741757
3900.0,0.7,0.5,0.0021043735178186574,0.49473702571412204,30.00210437351782,0.02883792787768812
3925.0,0.7,0.5,0.00208200608150117,0.49472973578985807,30.0020820060815,0.02883751370192744
3950.0,0.7,0.5,0.0020064047496201787,0.49473916887722713,30.00200640474962,0.02883809988534915
3975.0,0.7,0.5,0.00198613607241092,0.49473576215567866,30.00198613607241,0.02883791105036787
4000.0,0.7,0.5,0.0019125565512667154,0.49474741933294025,30.001912556551268,0.028838625904875882
4025.0,0.7,0.5,0.0018945941888654054,0.4947466292145624,30.001894594188865,0.02883858848213412
4050.0,0.7,0.5,0.001824136967969433,0.49475926398247394,30.00182413696797,0.028839358821404638
4075.0,0.7,0.5,0.0018081212992965467,0.4947589793177851,30.001808121299298,0.028839349925948752
4100.0,0.7,0.5,0.0017406171951316915,0.49477109974141337,30.001740617195132,0.028840088866878905
4125.0,0.7,0.5,0.0017247237710547854,0.49476990246811003,30.001724723771055,0.028840026717108936
4150.0,0.7,0.5,0.0016578167914643636,0.49478061308803195,30.001657816791464,0.028840683195629296
4175.0,0.7,0.5,0.0016393960818663882,0.49477843900107116,30.001639396081867,0.028840565322353077
4200.0,0.7,0.5,0.0015698525253338151,0.4947876157530293,30.001569852525336,0.028841133660704708
4225.0,0.7,0.5,0.0015470503585151279,0.49478505566077824,30.001547050358514,0.028840995393164412
4250.0,0.7,0.5,0.0014727567708692152,0.4947927897871912,30.00147275677087,0.028841481925461075
4275.0,0.7,0.5,0.0014452578124085872,0.4947899776009993,30.00144525781241,0.02884133122086689
4300.0,0.7,0.5,0.0013660541488189283,0.4947960329124778,30.001366054148818,0.028841722256285163
4325.0,0.7,0.5,0.0013344986302288768,0.4947922862090592,30.00133449863023,0.028841519028275364
4350.0,0.7,0.5,0.0012516662675693285,0.4947962192867077,30.00125166626757,0.028841788103461462
4375.0,0.7,0.5,0.001216915659960074,0.49479076856134746,30.00121691565996,0.028841487083024975
4400.0,0.7,0.5,0.0011321807173455551,0.4947925984804254,30.001132180717345,0.028841634479447896
4425.0,0.7,0.5,0.0010952951358872197,0.4947856786314817,30.001095295135887,0.028841248848794295
4450.0,0.7,0.5,0.001010184140533612,0.4947863776948323,30.001010184140533,0.02884133050790893
4475.0,0.7,0.5,0.0009727503337974895,0.49477946997132666,30.000972750333798,0.028840945846632063
4500.0,0.7,0.5,0.00088853307095485,0.49478059878801006,30.000888533070956,0.028841052126551754
4525.0,0.7,0.5,0.0008524838724968033,0.49477543716089395,30.000852483872496,0.028840768579872996
4550.0,0.7,0.5,0.0007702057288245036,0.49477811786416803,30.000770205728823,0.028840964388324307
4575.0,0.7,0.5,0.0007369865945258999,0.4947754945834803,30.000736986594525,0.028840827442831635
4600.0,0.7,0.5,0.0006572757786327707,0.4947797762504492,30.000657275778632,0.028841115339246153
4625.0,0.7,0.5,0.0006273360406495316,0.4947793484076643,30.00062733604065,0.02884110479121608
4650.0,0.7,0.5,0.0005504916514879097,0.49478458619298354,30.000550491651488,0.02884144704377314
4675.0,0.7,0.5,0.000523859707435968,0.49478564952277965,30.000523859707435,0.028841521827772793
4700.0,0.7,0.5,0.00045036791536042745,0.4947913271143312,30.00045036791536,0.02884188810670741
4725.0,0.7,0.5,0.0004275011738091454,0.4947935529741688,30.00042750117381,0.02884202884622479
4750.0,0.7,0.5,0.0003581940237074787,0.49479958505951127,30.000358194023708,0.028842413778698603
4775.0,0.7,0.5,0.0003398480854275579,0.4948029418524986,30.000339848085428,0.028842618268843375
4800.0,0.7,0.5,0.0002752911309162592,0.49480925958543664,30.000275291130915,0.028843017569868
4825.0,0.7,0.5,0.00026149901354001346,0.494813401893393,30.00026149901354,0.02884326566000473
4850.0,0.7,0.5,0.00020120422075944254,0.4948195136112534,30.000201204220758,0.02884365090448448
4875.0,0.7,0.5,0.00019063092596937828,0.49482359069144294,30.00019063092597,0.0288438936454921
4900.0,0.7,0.5,0.0001329087890832039,0.49482866645911816,30.000132908789084,0.02884421726741812
4925.0,0.7,0.5,0.00012354826547479822,0.4948318275288962,30.000123548265474,0.028844406030314764
4950.0,0.7,0.5,6.640538170956582e-05,0.49483508041937385,30.00006640538171,0.02884462311661388
4975.0,0.7,0.5,5.7075219044774355e-05,0.49483690321437845,30.000057075219043,0.02884473385528744
5000.0,0.7,0.5,0.0,0.4948378446451998,30.0,0.028844816171301746
0.0,0.7,1.0,0.08468608629684501,0.9971850766182527,30.084686086296845,0.05804549573419349
25.0,0.7,1.0,0.08468608629684501,0.9968156849890394,30.084686086296845,0.058023993687341305
50.0,0.7,1.0,0.0837121966194192,0.9969813486505555,30.08371219661942,0.0580345762053855
75.0,0.7,1.0,0.0837094922709697,0.9966187882641125,30.08370949227097,0.05801347406667348
100.0,0.7,1.0,0.08274748787189883,0.9967811189927454,30.0827474878719,0.058023851125093145
125.0,0.7,1.0,0.08273269780762041,0.9964271492502559,30.08273269780762,0.058003260370907
150.0,0.7,1.0,0.08177085241409085,0.9965889618273902,30.081770852414092,0.05801360713350238
175.0,0.7,1.0,0.08173047636223311,0.996246960274092,30.08173047636223,0.05799373740047366
200.0,0.7,1.0,0.08076118842615504,0.9964089176027761,30.080761188426155,0.05800409980072122
225.0,0.7,1.0,0.08068699457845407,0.9960806569695866,30.080686994578453,0.05798506222567987
250.0,0.7,1.0,0.07971083798002664,0.9962412239849807,30.079710837980027,0.057995350367760545
275.0,0.7,1.0,0.07960623981891318,0.9959247150703606,30.07960623981891,0.05797702586953382
300.0,0.7,1.0,0.07863123136409124,0.9960808511956389,30.078631231364092,0.05798705503102132
325.0,0.7,1.0,0.07850824466406835,0.9957714662031506,30.078508244664068,0.057969162632418275
350.0,0.7,1.0,0.07754462922889259,0.9959201615633957,30.077544629228893,0.057978747712231736
375.0,0.7,1.0,0.07741478794204588,0.9956141971428647,30.077414787942047,0.05796106071351438
400.0,0.7,1.0,0.07646918879762488,0.9957543093619263,30.076469188797624,0.05797012880465924
425.0,0.7,1.0,0.07633800119223572,0.995451214200245,30.076338001192237,0.05795260981130601
450.0,0.7,1.0,0.07541153454048266,0.9955840232665703,30.075411534540482,0.05796123433473799
475.0,0.7,1.0,0.07528000450036683,0.9952854966262956,30.075280004500367,0.057943981318284855
500.0,0.7,1.0,0.07437077728879485,0.9954133747072352,30.074370777288795,0.05795230218753757
525.0,0.7,1.0,0.07423900210245787,0.9951211251010706,30.07423900210246,0.05793541453687765
550.0,0.7,1.0,0.07334559687388593,0.9952454935600025,30.073345596873885,0.05794351586198637
575.0,0.7,1.0,0.07321454899982682,0.9949594818215881,30.073214548999825,0.05792699037740526
600.0,0.7,1.0,0.07233761203102632,0.9950796184220746,30.072337612031028,0.0579348294824715
625.0,0.7,1.0,0.07220934690012029,0.9947974489798668,30.07220934690012,0.057918524728337674
650.0,0.7,1.0,0.0713507365638861,0.9949108192697089,30.071350736563886,0.057925952253958454
675.0,0.7,1.0,0.07122681266282552,0.9946289614731677,30.071226812662825,0.05790966118006823
700.0,0.7,1.0,0.07038759664054803,0.9947323703544391,30.070387596640547,0.05791649005181595
725.0,0.7,1.0,0.070266050924139,0.9944484962182752,30.07026605092414,0.05790007901189101
750.0,0.7,1.0,0.06944467906521229,0.9945392420620184,30.069444679065214,0.05790615339604973
775.0,0.7,1.0,0.06931887700211273,0.9942533924603797,30.069318877002114,0.05788963115699852
800.0,0.7,1.0,0.06851042713561722,0.9943304273792622,30.068510427135617,0.057894894747518647
825.0,0.7,1.0,0.06837190892134999,0.9940444024950521,30.06837190892135,0.0578783742628746
850.0,0.7,1.0,0.0675691048522143,0.9941095774668545,30.067569104852215,0.057882941806491055
875.0,0.7,1.0,0.06741147909517198,0.9938264797964735,30.06741147909517,0.057866609864722446
900.0,0.7,1.0,0.06660695378354498,0.9938853127293554,30.066606953783545,0.057870809716125626
925.0,0.7,1.0,0.06642768928326735,0.9936097071908836,30.066427689283266,0.05785493454706646
950.0,0.7,1.0,0.06561677113533897,0.9936702039506371,30.06561677113534,0.057859237355908345
975.0,0.7,1.0,0.06541778235952629,0.9934069026969393,30.065417782359525,0.057844097321599404
1000.0,0.7,1.0,0.06460110400696137,0.9934759565992002,30.06460110400696,0.057848903883433556
1025.0,0.7,1.0,0.06438889408691048,0.9932273652000484,30.06438889408691,0.05783463281900909
1050.0,0.7,1.0,0.06357296099569139,0.9933070245932005,30.063572960995693,0.057840056186551365
1075.0,0.7,1.0,0.06335658816480345,0.9930717623551477,30.063356588164805,0.05782656501096925
1100.0,0.7,1.0,0.0625510637935914,0.9931581781100494,30.06255106379359,0.057832371792064664
1125.0,0.7,1.0,0.06233773974815833,0.9929322033009731,30.06233773974816,0.05781941824732291
1150.0,0.7,1.0,0.061550300493499896,0.9930179172406658,30.0615503004935,0.05782516678235721
1175.0,0.7,1.0,0.061341603021577,0.9927965165758054,30.061341603021578,0.05781247491240121
1200.0,0.7,1.0,0.06057311771512348,0.9928744021985472,30.060573117715123,0.05781774937239161
1225.0,0.7,1.0,0.06036452127183364,0.9926535923734305,30.060364521271833,0.05780509158283317
1250.0,0.7,1.0,0.059608591315775526,0.9927196207888047,30.059608591315776,0.057809663484824525
1275.0,0.7,1.0,0.05939263019471863,0.9924969068752872,30.05939263019472,0.05779690166523647
1300.0,0.7,1.0,0.05864108663746158,0.9925500876629989,30.05864108663746,0.05780072115649028
1325.0,0.7,1.0,0.05841281722658334,0.9923242835627691,30.058412817226582,0.0577877909778565
1350.0,0.7,1.0,0.05766257614729481,0.9923649657737559,30.057662576147294,0.05779088131610187
1375.0,0.7,1.0,0.057423324353355475,0.9921354158963801,30.057423324353355,0.05777774331054788
1400.0,0.7,1.0,0.056677413371587694,0.9921645879937042,30.056677413371588,0.05778015911571177
1425.0,0.7,1.0,0.05643201160269721,0.9919316388916422,30.0564320116027,0.05776682880627916
1450.0,0.7,1.0,0.05569380638966712,0.9919519512123034,30.055693806389666,0.057768721151620316
1475.0,0.7,1.0,0.05544375970727306,0.9917185611961927,30.055443759707273,0.05775536936632291
1500.0,0.7,1.0,0.05471161607837996,0.9917349753381264,30.05471161607838,0.05775702876574313
1525.0,0.7,1.0,0.05445259405353661,0.991506683315094,30.054452594053537,0.05774398223982349
1550.0,0.7,1.0,0.053720766429519805,0.991525066906794,30.05372076642952,0.05774575593535333
1575.0,0.7,1.0,0.053447284585806464,0.9913072021155842,30.053447284585808,0.05773333031631583
1600.0,0.7,1.0,0.0527109243789451,0.9913317822130743,30.052710924378946,0.05773546916382331
1625.0,0.7,1.0,0.05242274803284039,0.9911260937972755,30.05242274803284,0.05772376656508899
1650.0,0.7,1.0,0.05168222407991205,0.9911573750005144,30.05168222407991,0.05772629962413415
1675.0,0.7,1.0,0.05138645570780007,0.9909610339589219,30.0513864557078,0.05771514848219069
1700.0,0.7,1.0,0.05064880088910291,0.9909954995940635,30.050648800889096,0.057717864204305594
1725.0,0.7,1.0,0.05035658474830706,0.9908034725556311,30.050356584748243,0.05770696068197729
1750.0,0.7,1.0,0.04963286780902898,0.9908360916181225,30.049632867808604,0.057709555428101446
1775.0,0.7,1.0,0.049353673382130245,0.9906449689030189,30.04935367337943,0.05769869185512557
1800.0,0.7,1.0,0.04865319121262658,0.9906728149416553,30.048653191196596,0.05770098624700482
1825.0,0.7,1.0,0.0483903665642984,0.9904828221681816,30.0483903664749,0.057690172560214706
1850.0,0.7,1.0,0.047715793033275895,0.9905061295264956,30.047715792564865,0.05769217767192127
1875.0,0.7,1.0,0.047465265069732435,0.9903198166149086,30.04746526276413,0.05768156631573878
1900.0,0.7,1.0,0.04681151851498168,0.9903398898601314,30.046811507853995,0.05768336301337981
1925.0,0.7,1.0,0.04656304132644499,0.9901593261331266,30.046562995017233,0.05767308439720212
1950.0,0.7,1.0,0.0459189297641046,0.9901765362815451,30.04591874079361,0.05767470515391714
1975.0,0.7,1.0,0.04565899541584916,0.9900017164646635,30.045658271017903,0.05766477239316739
2000.0,0.7,1.0,0.04501095918656343,0.9900153662184015,30.045008350529343,0.05766619114713938
2025.0,0.7,1.0,0.044727700874403885,0.9898442050234872,30.04471887590078,0.05765649914076056
2050.0,0.7,1.0,0.04406522115938386,0.9898532660323871,30.04403717545121,0.05765768104335591
2075.0,0.7,1.0,0.04375322009056711,0.9896832776122381,30.043669491072063,0.05764813219150393
2100.0,0.7,1.0,0.043072451490465034,0.989689271114694,30.042837627650936,0.05764927942332723
2125.0,0.7,1.0,0.042733065604385743,0.9895254723391042,30.042114387189528,0.05764043197629593
2150.0,0.7,1.0,0.04203510992868725,0.989546764523762,30.040503866145958,0.05764321737031879
2175.0,0.7,1.0,0.04167110042632893,0.9894301308487997,30.038110851964618,0.05763871899311724
2200.0,0.7,1.0,0.04095415453000027,0.9895494460249499,30.03317785695323,0.05765040363434362
2225.0,0.7,1.0,0.04055925649736159,0.9896293728511527,30.024603329878833,0.0576632921860686
2250.0,0.7,1.0,0.039805935477167154,0.9900888463315206,30.009050081940785,0.057705012604305696
2275.0,0.7,1.0,0.03935206195143198,0.9907206372486808,29.983660405848674,0.05776627731045035
2300.0,0.7,1.0,0.03852107234489528,0.9919795828672183,29.943786374079266,0.05787818077547217
2325.0,0.7,1.0,0.03796041293189584,0.9936720044849037,29.886574796150974,0.058032392846669986
2350.0,0.7,1.0,0.03700811685948972,0.9961697124496129,29.809751389708644,0.0582531819318265
2375.0,0.7,1.0,0.03631867301620719,0.999114340820015,29.715835319776076,0.05851762850739626
2400.0,0.7,1.0,0.03526625892159315,1.002599751320093,29.610694797122747,0.058825928383416
2425.0,0.7,1.0,0.034527468041984366,1.0059528988900641,29.506139746649676,0.059127149908418726
2450.0,0.7,1.0,0.03351682739560867,1.0089854531753517,29.41576899558639,0.05939642390374217
2475.0,0.7,1.0,0.032915398384375974,1.0108996554506915,29.354452134250934,0.05957122834329313
2500.0,0.7,1.0,0.03213875685447136,1.0116182755504946,29.332138756854473,0.059636245991347134
2525.0,0.7,1.0,0.03182389422066579,1.01070262264544,29.353360630087224,0.05956072476354196
2550.0,0.7,1.0,0.03134195470619034,1.008591652472447,29.41359412289697,0.05937543687151295
2575.0,0.7,1.0,0.03127061513178468,1.0053658314224172,29.50288289373948,0.059095905252427555
2600.0,0.7,1.0,0.030950463510069266,1.001817885940885,29.606379001711225,0.05878433779050938
2625.0,0.7,1.0,0.030943685399534696,0.9981450251511644,29.710460332159403,0.05846614407696986
2650.0,0.7,1.0,0.030608818247892623,0.9950055531778298,29.803352091097047,0.058191351538800756
2675.0,0.7,1.0,0.030531418560832004,0.9923267514274238,29.87914580177991,0.057961031651495146
2700.0,0.7,1.0,0.030106098786839057,0.990438579975145,29.93537140052121,0.05779639090947356
2725.0,0.7,1.0,0.02993727972916514,0.9890085783719136,29.974245623626405,0.05767550740655032
2750.0,0.7,1.0,0.029442225829640477,0.9881852714119177,29.998686372293257,0.057604014905582625
2775.0,0.7,1.0,0.029220760977145366,0.9875731577063322,30.01326483435862,0.05755434998252479
2800.0,0.7,1.0,0.0286995844294034,0.9873154689118001,30.020923286852636,0.05753199252831696
2825.0,0.7,1.0,0.028460237120024757,0.9870703267428887,30.024899988658316,0.05751389867181937
2850.0,0.7,1.0,0.02793759545614805,0.9870300088188437,30.02640635167342,0.05751010682009609
2875.0,0.7,1.0,0.02769520458859174,0.9869117853149644,30.027076526173737,0.057502576720500534
2900.0,0.7,1.0,0.027178511780279108,0.9869386886528936,30.026943687940747,0.05750427144599035
2925.0,0.7,1.0,0.026938377806887487,0.9868589645368016,30.026854648788383,0.057499711549297
2950.0,0.7,1.0,0.026430050913074894,0.9869041739825138,30.0264020052049,0.05750277911284254
2975.0,0.7,1.0,0.02619531993051734,0.9868354698547608,30.026186494956896,0.057498982356401745
3000.0,0.7,1.0,0.025697093090841432,0.986883720256319,30.02569448443362,0.05750226483496904
3025.0,0.7,1.0,0.02546890173227507,0.986817226455871,30.02546817733433,0.05749860716084188
3050.0,0.7,1.0,0.02498075702451779,0.986863220959212,30.024980568054023,0.05750175402188128
3075.0,0.7,1.0,0.02475782372128224,0.9867966218578486,30.02475777741207,0.05749808680226017
3100.0,0.7,1.0,0.024277634713440008,0.9868393778608593,30.024277624052452,0.05750103786164613
3125.0,0.7,1.0,0.024057849262679724,0.9867736030729501,30.024057846957078,0.057497415744572435
3150.0,0.7,1.0,0.023583489051923003,0.9868146979391855,30.023583488583512,0.057500264497112055
3175.0,0.7,1.0,0.023365977911579777,0.986752477174564,30.023365977822184,0.05749684725622733
3200.0,0.7,1.0,0.02289776306769799,0.9867947312590385,30.022897763051667,0.05749975770597601
3225.0,0.7,1.0,0.022683344116767656,0.9867394754660417,30.022683344114068,0.057496743310940256
3250.0,0.7,1.0,0.022223726252411712,0.9867859104799417,30.022223726251987,0.05749988918773186
3275.0,0.7,1.0,0.022013445874230375,0.986740339261221,30.022013445874165,0.057497435119520254
3300.0,0.7,1.0,0.02156442689756251,0.98679303859796,30.021564426897555,0.057500935916844464
3325.0,0.7,1.0,0.021358200702093245,0.9867575115353833,30.021358200702092,0.05749906322530606
3350.0,0.7,1.0,0.020919791953705035,0.9868161382852798,30.020919791953705,0.05750289931330874
3375.0,0.7,1.0,0.020716888631841974,0.9867878202769982,30.020716888631842,0.057501443509465365
3400.0,0.7,1.0,0.020287692696024037,0.9868490085834034,30.020287692696023,0.057505420102901696
3425.0,0.7,1.0,0.020087803878233,0.9868232037448244,30.020087803878234,0.057504107854418465
3450.0,0.7,1.0,0.01966567640069156,0.9868821704377053,30.01966567640069,0.05750794828376792
3475.0,0.7,1.0,0.019468404648555218,0.9868551047511406,30.019468404648556,0.05750656005258314
3500.0,0.7,1.0,0.019049925260944726,0.9869085189200015,30.019049925260944,0.05751007348649614
3525.0,0.7,1.0,0.018852947754377857,0.986879113445605,30.01885294775438,0.05750854862135064
3550.0,0.7,1.0,0.018432872163733773,0.9869267574548888,30.018432872163732,0.057511727390634544
3575.0,0.7,1.0,0.018230922356928334,0.9868961636196151,30.018230922356928,0.057510138030012245
3600.0,0.7,1.0,0.01780349935294832,0.9869401348343788,30.017803499352947,0.05751310985722066
3625.0,0.7,1.0,0.01759039009311594,0.9869098695225903,30.017590390093115,0.05751155032146327
3650.0,0.7,1.0,0.017152967738082364,0.9869522195385737,30.01715296773808,0.05751443729943125
3675.0,0.7,1.0,0.016926448259030433,0.9869225608145911,30.01692644825903,0.0575129259497003
3700.0,0.7,1.0,0.016482640130732615,0.9869635742305765,30.016482640130732,0.05751574120131604
3725.0,0.7,1.0,0.01624783374036554,0.9869336325048078,30.016247833740366,0.05751422128922133
3750.0,0.7,1.0,0.015806324897858118,0.9869723016542793,30.01580632489786,0.057516897769356805
3775.0,0.7,1.0,0.015573121604257521,0.9869419014821406,30.01557312160426,0.05751534959471149
3800.0,0.7,1.0,0.01514186572974247,0.9869780160051284,30.015141865729742,0.057517867418778595
3825.0,0.7,1.0,0.014917666129263318,0.9869493905629609,30.014917666129264,0.05751641403241237
3850.0,0.7,1.0,0.014498582050035158,0.9869849473617387,30.014498582050035,0.057518887730587
3875.0,0.7,1.0,0.014283402748169857,0.9869619236893674,30.01428340274817,0.05751775214938487
3900.0,0.7,1.0,0.013872726684930186,0.9870001598887934,30.01387272668493,0.057520373980543514
3925.0,0.7,1.0,0.013661262225463247,0.9869853618309804,30.01366126222546,0.05751971420922769
3950.0,0.7,1.0,0.013254504287703051,0.9870282514334094,30.013254504287705,0.05752260352410448
3975.0,0.7,1.0,0.013042340769327865,0.9870210319240197,30.013042340769328,0.057522386094421764
4000.0,0.7,1.0,0.01263825011092275,0.9870676014143208,30.01263825011092,0.0575254873658617
4025.0,0.7,1.0,0.012425349045945071,0.987064505815133,30.012425349045945,0.05752551099200532
4050.0,0.7,1.0,0.012025051289432261,0.9871115145671925,30.01202505128943,0.05752863428520017
4075.0,0.7,1.0,0.01181300046670189,0.9871087840906636,30.011813000466702,0.05752867838927141
4100.0,0.7,1.0,0.011415915941420917,0.9871531074823612,30.01141591594142,0.05753164215571068
4125.0,0.7,1.0,0.011203204127613518,0.9871488234196452,30.011203204127614,0.057531596362591725
4150.0,0.7,1.0,0.010805125965765331,0.9871890670847949,30.010805125965767,0.05753432336441015
4175.0,0.7,1.0,0.010587002077923431,0.9871829686909399,30.010587002077923,0.057534177028894844
4200.0,0.7,1.0,0.010182782166307138,0.9872189693740355,30.010182782166307,0.05753666267974784
4225.0,0.7,1.0,0.009955272555081551,0.9872109698639556,30.009955272555082,0.05753641455032065
4250.0,0.7,1.0,0.009542244554484967,0.987242679453114,30.009542244554485,0.05753865859627077
4275.0,0.7,1.0,0.009304599699356954,0.9872325031788833,30.009304599699355,0.057538293323435775
4300.0,0.7,1.0,0.008882768288987321,0.9872599337991497,30.008882768288988,0.057540296460596475
4325.0,0.7,1.0,0.00863639277823173,0.9872479719918249,30.008636392778232,0.05753983549667764
4350.0,0.7,1.0,0.008206992964922579,0.9872716771326957,30.008206992964922,0.05754162879392432
4375.0,0.7,1.0,0.007953818254284976,0.9872592249001645,30.007953818254286,0.05754114576797239
4400.0,0.7,1.0,0.007519385413416014,0.9872803173777844,30.007519385413417,0.05754279164853171
4425.0,0.7,1.0,0.007261886272422921,0.9872686898952044,30.007261886272424,0.05754236084107764
4450.0,0.7,1.0,0.006827086630059818,0.9872885092651653,30.00682708663006,0.05754393290306778
4475.0,0.7,1.0,0.006569051964165534,0.9872783900823205,30.006569051964167,0.05754359052323246
4500.0,0.7,1.0,0.006139401337760765,0.9872982782273335,30.006139401337762,0.05754516168834229
4525.0,0.7,1.0,0.005885116651572082,0.9872904679615055,30.005885116651573,0.05754495029380049
4550.0,0.7,1.0,0.005463422555552863,0.9873117982482557,30.005463422555554,0.05754659791833994
4575.0,0.7,1.0,0.005215207118610535,0.9873082699885724,30.00521520711861,0.05754663029286502
4600.0,0.7,1.0,0.004799874526660414,0.9873322317510036,30.00479987452666,0.057548425231799816
4625.0,0.7,1.0,0.004557427591885023,0.9873351792044908,30.004557427591884,0.05754882953495712
4650.0,0.7,1.0,0.0041459649981417,0.9873618563958767,30.00414596499814,0.05755077907701208
4675.0,0.7,1.0,0.0039091293124863345,0.9873712479074006,30.003909129312486,0.057551553624110956
4700.0,0.7,1.0,0.0035029736623877327,0.9873990944522277,30.00350297366239,0.05755356627954082
4725.0,0.7,1.0,0.0032738786826504653,0.9874121649208593,30.003273878682652,0.0575545478640452
4750.0,0.7,1.0,0.0028779328353718088,0.9874392226746204,30.00287793283537,0.05755650479452145
4775.0,0.7,1.0,0.0026590634148024143,0.9874529232282508,30.002659063414804,0.057557513321276774
4800.0,0.7,1.0,0.002276460180309474,0.9874784803265286,30.00227646018031,0.05755937002426982
4825.0,0.7,1.0,0.0020674847282762705,0.9874918239613768,30.002067484728276,0.05756034827807
4850.0,0.7,1.0,0.0016959802264051665,0.9875161900851455,30.001695980226405,0.057562124952201726
4875.0,0.7,1.0,0.0014935684739352901,0.9875298536546571,30.001493568473936,0.057563115579189236
4900.0,0.7,1.0,0.0011272853812494144,0.9875525210256862,30.001127285381248,0.05756478826064508
4925.0,0.7,1.0,0.000927891061086961,0.9875664171522296,30.000927891061085,0.057565789568799264
4950.0,0.7,1.0,0.0005622389029586041,0.9875850682051697,30.00056223890296,0.05756722756550057
4975.0,0.7,1.0,0.0003643006935405352,0.9875969156431306,30.00036430069354,0.05756810807560793
5000.0,0.7,1.0,0.0,0.9876089083845074,30.0,0.057569156683876216
0.0,0.7,1.5,0.20408738611920887,1.4898645810659552,30.20408738611921,0.08655246339006366
25.0,0.7,1.5,0.20408738611920887,1.489168818440711,30.20408738611921,0.08651204362982844
50.0,0.7,1.5,0.20188033989013737,1.4896647826115348,30.20188033989014,0.08654401825394395
75.0,0.7,1.5,0.20185114073904487,1.4889834552091485,30.201851140739045,0.08650447746620277
100.0,0.7,1.5,0.19967292893749303,1.4894619556064501,30.199672928937492,0.08653539718472268
125.0,0.7,1.5,0.1996178191452985,1.488792069612997,30.1996178191453,0.08649655678355529
150.0,0.7,1.5,0.19746949426515342,1.4892512046031157,30.197469494265153,0.08652630951553887
175.0,0.7,1.5,0.19738831427326006,1.488591576593999,30.19738831427326,0.0864881010206855
200.0,0.7,1.5,0.19526907112061995,1.4890307418724604,30.19526907112062,0.08651665270677279
225.0,0.7,1.5,0.19515698306107956,1.4883838312015574,30.19515698306108,0.08647922598370335
250.0,0.7,1.5,0.19306221100359727,1.4888063579051616,30.193062211003596,0.08650677668787943
275.0,0.7,1.5,0.19291376843885805,1.4881773517841617,30.192913768438856,0.08647044098493253
300.0,0.7,1.5,0.19083517255703664,1.4885911237939748,30.190835172557037,0.0864974606382037
325.0,0.7,1.5,0.1906476399945163,1.487986036917447,30.190647639994516,0.08646256943193674
350.0,0.7,1.5,0.1885772699836233,1.488400146332439,30.18857726998362,0.08648959776289077
375.0,0.7,1.5,0.18835323800496784,1.487822557560819,30.188353238004968,0.08645635539788014
400.0,0.7,1.5,0.186289698693042,1.4882418024158763,30.18628969869304,0.08648367329776298
425.0,0.7,1.5,0.1860391707179982,1.4876894811345998,30.186039170717997,0.08645193593750171
450.0,0.7,1.5,0.18399021431781667,1.4881112691248588,30.183990214317816,0.0864793817467381
475.0,0.7,1.5,0.1837263882918348,1.487577172021706,30.183726388291834,0.08644872129230567
500.0,0.7,1.5,0.18170412517525375,1.48799326644939,30.181704125175255,0.08647579903030433
525.0,0.7,1.5,0.18143250865165117,1.4874711384543837,30.18143250865165,0.08644584416652612
550.0,0.7,1.5,0.17944404796208363,1.487872604928025,30.179444047962082,0.08647202437440786
575.0,0.7,1.5,0.1791564959297332,1.4873606358039908,30.179156495929732,0.08644268162362054
600.0,0.7,1.5,0.17719785457622936,1.4877422099861302,30.177197854576228,0.08646766395908054
625.0,0.7,1.5,0.17687927852218732,1.4872411454668208,30.176879278522186,0.08643899832284797
650.0,0.7,1.5,0.17493846873959817,1.4876022721700342,30.174938468739597,0.08646276758661081
675.0,0.7,1.5,0.17457957761903783,1.4871117625628831,30.17457957761904,0.08643477208774275
700.0,0.7,1.5,0.17264749723427233,1.48745406728178,30.172647497234273,0.08645743570313844
725.0,0.7,1.5,0.1722537423518063,1.4869706996841332,30.172253742351806,0.08642990419147026
750.0,0.7,1.5,0.17033389511423042,1.4872945970782272,30.17033389511423,0.08645148114780267
775.0,0.7,1.5,0.16992493965688865,1.4868123662875457,30.169924939656887,0.08642403641411742
800.0,0.7,1.5,0.16803234414088358,1.4871166756170495,30.168032344140883,0.08644443644577793
825.0,0.7,1.5,0.16763074507419784,1.4866305906303294,30.1676307450742,0.08641675606177904
850.0,0.7,1.5,0.16578075907329,1.486915500216393,30.16578075907329,0.08643596796953557
875.0,0.7,1.5,0.16539750140112192,1.4864263098940873,30.16539750140112,0.08640807973070883
900.0,0.7,1.5,0.16359528233305975,1.4866957525236024,30.16359528233306,0.08642632460563698
925.0,0.7,1.5,0.1632244219047319,1.4862108222919272,30.163224421904733,0.08639866521408715
950.0,0.7,1.5,0.1614630522682206,1.486471270455766,30.16146305226822,0.08641632914301785
975.0,0.7,1.5,0.16108863014064786,1.4859999508945692,30.161088630140647,0.0863894650960988
1000.0,0.7,1.5,0.1593541406546726,1.4862570649181301,30.159354140654674,0.08640689712732011
1025.0,0.7,1.5,0.15896017051112898,1.4858052885769018,30.15896017051113,0.08638119629213627
1050.0,0.7,1.5,0.1572374939922724,1.4860617184796705,30.157237493992273,0.08639857209237843
1075.0,0.7,1.5,0.15681251943063565,1.4856306867496163,30.156812519430634,0.08637412080638847
1100.0,0.7,1.5,0.15509009850603087,1.4858860151853288,30.15509009850603,0.08639143270421072
1125.0,0.7,1.5,0.15462786573146023,1.485474005347167,30.15462786573146,0.08636813984240459
1150.0,0.7,1.5,0.15290084103311094,1.4857258487087213,30.152900841033112,0.08638525624630045
1175.0,0.7,1.5,0.15240079653025176,1.4853298890434938,30.15240079653025,0.0863629498859051
1200.0,0.7,1.5,0.15067122621324847,1.485575301802597,30.150671226213248,0.08637969659981212
1225.0,0.7,1.5,0.15013754422765976,1.4851920773867777,30.15013754422766,0.08635817807354317
1250.0,0.7,1.5,0.14841144064525544,1.485428396073531,30.148411440645255,0.08637439160575898
1275.0,0.7,1.5,0.14785055207081407,1.4850544304076856,30.147850552070814,0.08635344959974375
1300.0,0.7,1.5,0.1461340859150864,1.485279236392714,30.146134085915087,0.08636898043603493
1325.0,0.7,1.5,0.14555320045679934,1.4849103944444142,30.1455532004568,0.08634836420526992
1350.0,0.7,1.5,0.14384996230137984,1.4851216502975906,30.14384996230138,0.08636308866281493
1375.0,0.7,1.5,0.1432560937128377,1.4847534875898678,30.14325609371284,0.08634252971990668
1400.0,0.7,1.5,0.14156651720003283,1.4849503871192957,30.141566517200033,0.08635640021254119
1425.0,0.7,1.5,0.14096574238088055,1.4845794520076454,30.14096574238088,0.08633568911923474
1450.0,0.7,1.5,0.13929002398128457,1.4847624402748718,30.139290023981285,0.08634873115555987
1475.0,0.7,1.5,0.13868809026784754,1.484387070014187,30.13868809026785,0.08632776296013399
1500.0,0.7,1.5,0.1370307216637646,1.4845565345763254,30.137030721663766,0.08633999255193073
1525.0,0.7,1.5,0.13643307780240993,1.4841775161618267,30.13643307780241,0.086318805197662
1550.0,0.7,1.5,0.13480201072534284,1.484334382616746,30.13480201072534,0.08633026469721977
1575.0,0.7,1.5,0.1342104346372691,1.4839568324712917,30.134210434637268,0.08630915320186008
1600.0,0.7,1.5,0.13260940910757302,1.4841059935072118,30.132609409107573,0.086320121748469
1625.0,0.7,1.5,0.13201831682034243,1.483740434943538,30.132018316820343,0.08629970619720853
1650.0,0.7,1.5,0.1304423206911783,1.4838913766095716,30.130442320691177,0.08631074269662048
1675.0,0.7,1.5,0.12984082551800538,1.4835502018194555,30.129840825518006,0.08629175954593898
1700.0,0.7,1.5,0.12828038459485025,1.4837117562577227,30.12828038459484,0.08630339135433532
1725.0,0.7,1.5,0.1276592184403314,1.4834021969138862,30.127659218440268,0.08628627465017792
1750.0,0.7,1.5,0.1261075158310604,1.4835760756361132,30.126107515830633,0.08629861119811459
1775.0,0.7,1.5,0.1254649248516876,1.4832948966171402,30.125464924848988,0.08628317542239776
1800.0,0.7,1.5,0.12392133639065303,1.4834734874863085,30.12392133637462,0.08629577491086016
1825.0,0.7,1.5,0.12326347684382588,1.4832075587744507,30.123263476754428,0.08628124758658771
1850.0,0.7,1.5,0.1217315737977998,1.4833777168474327,30.121731573329388,0.08629334026331441
1875.0,0.7,1.5,0.12106571185200524,1.483111155031271,30.121065709546404,0.08627878705189472
1900.0,0.7,1.5,0.11954734332423413,1.4832615441581534,30.11954733266325,0.08628971073949478
1925.0,0.7,1.5,0.11887311671709763,1.4829844747418168,30.118873070407886,0.08627455773015058
1950.0,0.7,1.5,0.1173644218885589,1.4831107967268757,30.117364232918064,0.0862840679504092
1975.0,0.7,1.5,0.11667360986734684,1.4828220174265685,30.116672885469402,0.08626825757122121
2000.0,0.7,1.5,0.11516755030425284,1.4829264403046756,30.115164941647034,0.08627649269228252
2025.0,0.7,1.5,0.11445273776176129,1.4826294299214602,30.11444391278814,0.08626024530591797
2050.0,0.7,1.5,0.11294429961099899,1.4827174051067153,30.112916253902824,0.08626755189062059
2075.0,0.7,1.5,0.11220450371974668,1.482418105490593,30.11212077470124,0.08625127726051585
2100.0,0.7,1.5,0.11069165241835732,1.4825003209540422,30.110456828578826,0.08625844407125291
2125.0,0.7,1.5,0.10992891303712239,1.4822166220162025,30.109310234622267,0.08624357928460089
2150.0,0.7,1.5,0.10840714158089733,1.4823294202459518,30.10687589779817,0.08625362938301678
2175.0,0.7,1.5,0.10761618511278043,1.4821312931798385,30.104055936651072,0.0862461400038204
2200.0,0.7,1.5,0.10606497854997483,1.4824060085742259,30.098288680973205,0.08627038998592326
2225.0,0.7,1.5,0.1052140770318419,1.4825211005821703,30.089258150413315,0.08629003387562012
2250.0,0.7,1.5,0.10357479782862358,1.4833238577702323,30.07281894429224,0.0863603529262963
2275.0,0.7,1.5,0.10258286407045145,1.484282041408363,30.046891207967693,0.08645341577465167
2300.0,0.7,1.5,0.10074827801933407,1.486298472571396,30.006013579753706,0.08662981302455033
2325.0,0.7,1.5,0.09949747628984215,1.488854915733213,29.94811185950892,0.08686266550616348
2350.0,0.7,1.5,0.09736711079682218,1.492735801995714,29.870110383645976,0.08720272003068165
2375.0,0.7,1.5,0.09581009032538448,1.4971697619128927,29.77532673708525,0.0876008409912962
2400.0,0.7,1.5,0.09344208778360281,1.5025294285997168,29.66887062598476,0.08807202373973894
2425.0,0.7,1.5,0.0917706928306847,1.5075700543095032,29.56338297143838,0.08852499967905646
2450.0,0.7,1.5,0.0895035697446847,1.5122393308388251,29.471755737935467,0.0889371116210491
2475.0,0.7,1.5,0.08815576503693237,1.5151117571651636,29.409692500903493,0.08920001404869926
2500.0,0.7,1.5,0.08644136948305518,1.5162928650022514,29.386441369483055,0.08930485899543676
2525.0,0.7,1.5,0.08576324054668455,1.5149107157855943,29.407299976413242,0.08919180604841653
2550.0,0.7,1.5,0.08474251890712611,1.5118329058364353,29.46699468709791,0.08892039181089954
2575.0,0.7,1.5,0.08462741689909521,1.5069846257415045,29.55623969550679,0.0885013158711623
2600.0,0.7,1.5,0.0839821732818273,1.5017508452227826,29.659410711482984,0.08804042337776666
2625.0,0.7,1.5,0.08400025547973308,1.4962444492084928,29.7635169022396,0.0875640671154154
2650.0,0.7,1.5,0.08330237663302184,1.491636884929951,29.856045649482176,0.08715904584206144
2675.0,0.7,1.5,0.08312335138406045,1.4876400473953555,29.93173773460314,0.08681552417693475
2700.0,0.7,1.5,0.08218026834117947,1.4849248168085296,29.98744557007555,0.0865765400035391
2725.0,0.7,1.5,0.0817490801964475,1.4828130957791963,30.02605742409369,0.08639781390858813
2750.0,0.7,1.5,0.08060556512422143,1.4816989361143211,30.049849711587836,0.08629871185044329
2775.0,0.7,1.5,0.0800219644888399,1.4808107702735667,30.06406603787031,0.08622658821697225
2800.0,0.7,1.5,0.07879090719646799,1.4805319950809144,30.0710146096197,0.08620039435176609
2825.0,0.7,1.5,0.07815317914487371,1.4801771806760802,30.074592930683163,0.08617460909034196
2850.0,0.7,1.5,0.07690625714606121,1.4802012978538506,30.07537501336333,0.0861748926995735
2875.0,0.7,1.5,0.07625659268602071,1.4800168781995264,30.075637914271166,0.08616377949442025
2900.0,0.7,1.5,0.07501535695240098,1.4801215703803732,30.07478053311287,0.08617110274488325
2925.0,0.7,1.5,0.07435825830772776,1.4799838309444022,30.074274529289223,0.08616380855134184
2950.0,0.7,1.5,0.07312373657595006,1.4801071541148785,30.073095690867778,0.08617267725173075
2975.0,0.7,1.5,0.07245605606440961,1.479987430713295,30.072447231090788,0.08616663588889133
3000.0,0.7,1.5,0.07122959149682105,1.4801171126466783,30.0712269828396,0.08617593452206337
3025.0,0.7,1.5,0.0705547939745994,1.4800103167893373,30.07055406957665,0.08617068075308802
3050.0,0.7,1.5,0.06934107831527074,1.4801435564254737,30.069340889344776,0.08618017683186528
3075.0,0.7,1.5,0.0686678180292222,1.4800483950885388,30.068667771720012,0.08617560068691628
3100.0,0.7,1.5,0.0674706482523424,1.4801843437651971,30.067470637591356,0.08618523195677054
3125.0,0.7,1.5,0.06680660818837678,1.4801006028366406,30.066806605882775,0.08618130770676019
3150.0,0.7,1.5,0.06562789149430136,1.4802394196665194,30.06562789102589,0.08619108004585357
3175.0,0.7,1.5,0.06497748469781343,1.4801666868787573,30.064977484608416,0.08618777722626078
3200.0,0.7,1.5,0.06381930589772222,1.4803079846375882,30.063819305881694,0.08619766506410563
3225.0,0.7,1.5,0.06318389050396511,1.4802441637681938,30.063183890501264,0.08619485969644977
3250.0,0.7,1.5,0.062047597429459436,1.4803864553731245,30.062047597429032,0.08620477450890025
3275.0,0.7,1.5,0.061423883870899885,1.4803285548248428,30.061423883870837,0.08620229713426292
3300.0,0.7,1.5,0.060305391412058935,1.4804707752416908,30.06030539141205,0.08621218275386189
3325.0,0.7,1.5,0.059683767911133695,1.4804174565511563,30.059683767911135,0.08620996923097349
3350.0,0.7,1.5,0.05857177452925418,1.480560110703318,30.058571774529256,0.08621987126332686
3375.0,0.7,1.5,0.05793939290145231,1.4805125050112302,30.057939392901453,0.08621800590887738
3400.0,0.7,1.5,0.05682164288836407,1.4806559464673779,30.056821642888362,0.08622796253058737
3425.0,0.7,1.5,0.05617059976921752,1.480614679896683,30.056170599769217,0.08622649317283011
3450.0,0.7,1.5,0.05504354913070171,1.480755850555894,30.0550435491307,0.08623633138879412
3475.0,0.7,1.5,0.05437684118416025,1.480717469024432,30.054376841184162,0.08623505260025954
3500.0,0.7,1.5,0.05324754176060441,1.4808498378088388,30.053247541760605,0.0862443819259433
3525.0,0.7,1.5,0.05257458640716409,1.4808083061776383,30.052574586407165,0.08624292871809941
3550.0,0.7,1.5,0.0514513532985072,1.480926943702691,30.051451353298507,0.08625145008492846
3575.0,0.7,1.5,0.05077708845056096,1.4808796337384977,30.050777088450563,0.08624966227814596
3600.0,0.7,1.5,0.04966050287348395,1.4809861475744979,30.049660502873483,0.08625746840971382
3625.0,0.7,1.5,0.04898165747116932,1.4809369715920888,30.04898165747117,0.08625557853603928
3650.0,0.7,1.5,0.04786671945361312,1.4810386607468335,30.047866719453612,0.0862631016800822
3675.0,0.7,1.5,0.04717878148738937,1.4809949139288212,30.04717878148739,0.08626154111976633
3700.0,0.7,1.5,0.04606355393072415,1.4810994256151329,30.046063553930725,0.08626922946711205
3725.0,0.7,1.5,0.0453686232256644,1.4810662379836237,30.045368623225663,0.08626829404411228
3750.0,0.7,1.5,0.04425837319467547,1.481176837920892,30.044258373194676,0.08627633028130803
3775.0,0.7,1.5,0.04356524921758076,1.4811543185072304,30.04356524921758,0.08627601376299734
3800.0,0.7,1.5,0.04246826650981586,1.4812692662241695,30.042468266509815,0.08628428463872632
3825.0,0.7,1.5,0.041785197648626635,1.4812542218820122,30.041785197648625,0.08628438922221816
3850.0,0.7,1.5,0.04070539577317992,1.4813699070958226,30.04070539577318,0.08629267882701834
3875.0,0.7,1.5,0.040033496226577876,1.481359485558431,30.040033496226577,0.08629303678573126
3900.0,0.7,1.5,0.03896757353553957,1.481473699707389,30.03896757353554,0.08630122120069408
3925.0,0.7,1.5,0.03830155280608886,1.4814669526619137,30.03830155280609,0.08630178490300963
3950.0,0.7,1.5,0.0372424617756607,1.4815793977106961,30.037242461775662,0.08630985687866091
3975.0,0.7,1.5,0.0365757439354779,1.4815763426666593,30.03657574393548,0.08631063680300798
4000.0,0.7,1.5,0.03551697435382422,1.4816872673898938,30.035516974353826,0.08631862017885983
4025.0,0.7,1.5,0.03484419034517444,1.481687697590887,30.034844190345176,0.08631961200950941
4050.0,0.7,1.5,0.03378126682306639,1.4817965021907527,30.033781266823066,0.08632747827193629
4075.0,0.7,1.5,0.0330980441776701,1.4817990563959784,30.03309804417767,0.08632860900408523
4100.0,0.7,1.5,0.03202857286645819,1.4819035353329508,30.03202857286646,0.08633623309596967
4125.0,0.7,1.5,0.031331765930788284,1.4819053348138658,30.031331765930787,0.08633733954513588
4150.0,0.7,1.5,0.03025478633847609,1.4820025038119011,30.030254786338475,0.08634454896379334
4175.0,0.7,1.5,0.029543181635944413,1.4820004909054108,30.029543181635944,0.08634545472587402
4200.0,0.7,1.5,0.028458780915600473,1.4820884679973882,30.0284587809156,0.0863521396657291
4225.0,0.7,1.5,0.02773398387956665,1.4820814460879996,30.027733983879568,0.08635277269735352
4250.0,0.7,1.5,0.026643883943949447,1.4821604657895329,30.02664388394395,0.0863589443058695
4275.0,0.7,1.5,0.0259100852116132,1.482150156617631,30.025910085211613,0.08635939887883802
4300.0,0.7,1.5,0.024817048733419906,1.4822224563083235,30.02481704873342,0.08636518350887633
4325.0,0.7,1.5,0.024078252995757825,1.4822131436344805,30.024078252995757,0.08636570345510017
4350.0,0.7,1.5,0.022983943791750346,1.4822823325895642,30.02298394379175,0.08637130899517169
4375.0,0.7,1.5,0.022241546938043734,1.4822789211052274,30.022241546938044,0.08637217810661062
4400.0,0.7,1.5,0.0211464219912451,1.4823487784269083,30.021146421991244,0.08637782410418085
4425.0,0.7,1.5,0.02040078178362795,1.482353944905948,30.02040078178363,0.08637919787357137
4450.0,0.7,1.5,0.01930728463116866,1.4824267039034718,30.019307284631168,0.08638501096697387
4475.0,0.7,1.5,0.01856129222746336,1.482439523858169,30.018561292227464,0.08638683140158954
4500.0,0.7,1.5,0.0174757103884959,1.4825149799855655,30.017475710388496,0.08639279064374307
4525.0,0.7,1.5,0.016735205782347613,1.4825327709555816,30.016735205782346,0.08639489305269679
4550.0,0.7,1.5,0.015663986484955542,1.4826095037533056,30.015663986484956,0.08640090639749251
4575.0,0.7,1.5,0.014933706120028322,1.482631413090403,30.01493370612003,0.08640323429194022
4600.0,0.7,1.5,0.013877225288273167,1.4827090857442253,30.013877225288272,0.0864092815693767
4625.0,0.7,1.5,0.013156655872672736,1.482737657704815,30.013156655872674,0.08641198397563839
4650.0,0.7,1.5,0.012108448437549105,1.482817514529486,30.012108448437548,0.0864181470125587
4675.0,0.7,1.5,0.01139324264399408,1.4828557811320873,30.011393242643994,0.08642140692037906
4700.0,0.7,1.5,0.010347335362955207,1.4829382410930818,30.010347335362955,0.08642771874955996
4725.0,0.7,1.5,0.00963526995293801,1.4829851397050537,30.009635269952938,0.08643147746655525
4750.0,0.7,1.5,0.00859297187823086,1.4830677060421422,30.00859297187823,0.0864377907021084
4775.0,0.7,1.5,0.007886348557071089,1.483117726832854,30.007886348557072,0.08644172381254565
4800.0,0.7,1.5,0.006853508860757478,1.4831964182074537,30.006853508860758,0.0864477979778556
4825.0,0.7,1.5,0.006154498889133399,1.4832442230716079,30.006154498889135,0.08645159122575688
4850.0,0.7,1.5,0.005132828481194606,1.4833166723086406,30.005132828481194,0.08645728585522619
4875.0,0.7,1.5,0.00443888910694227,1.4833607830064237,30.004438889106943,0.08646085672315165
4900.0,0.7,1.5,0.0034229614909042565,1.4834266771719944,30.003422961490905,0.0864661613573821
4925.0,0.7,1.5,0.002729168448569474,1.4834681686106757,30.00272916844857,0.0864695795738497
4950.0,0.7,1.5,0.0017124958291592609,1.4835270382950687,30.00171249582916,0.08647447616677863
4975.0,0.7,1.5,0.0010170901388001678,1.4835662316217293,30.0010170901388,0.0864777629715421
5000.0,0.7,1.5,0.0,1.4836165289745438,30.0,0.0864821607928136
0.0,0.7,2.0,0.3783614069353016,1.9750900713921375,30.3783614069353,0.11441164499784656
25.0,0.7,2.0,0.3783614069353016,1.973993378550556,30.3783614069353,0.11434811653710437
50.0,0.7,2.0,0.37445488679147676,1.9749840874061242,30.374454886791476,0.11441286235649
75.0,0.7,2.0,0.3743762491406095,1.973926974577751,30.37437624914061,0.11435177074659915
100.0,0.7,2.0,0.3705113691629569,1.9748958252058046,30.37051136916296,0.11441517674265303
125.0,0.7,2.0,0.37037222826498667,1.9738755352422193,30.370372228264987,0.11435632841597161
150.0,0.7,2.0,0.3665556385326658,1.974825036286781,30.366555638532667,0.11441852729703172
175.0,0.7,2.0,0.36638292186271754,1.9738324713759048,30.36638292186272,0.11436134473964633
200.0,0.7,2.0,0.36262368938997397,1.9747620215024448,30.362623689389974,0.11442228441429222
225.0,0.7,2.0,0.36243553021588315,1.973789910923329,30.362435530215883,0.11436631244458079
250.0,0.7,2.0,0.3587377010193942,1.9746979860686138,30.358737701019393,0.11442589673919515
275.0,0.7,2.0,0.3585323821485354,1.9737456103212427,30.358532382148535,0.11437109710301235
300.0,0.7,2.0,0.35489375367718734,1.9746296634258016,30.35489375367719,0.11442918231128399
325.0,0.7,2.0,0.35465388247231816,1.9737008225602273,30.354653882472316,0.11437580818108738
350.0,0.7,2.0,0.3510676509017803,1.9745575002860212,30.35106765090178,0.11443221254895058
375.0,0.7,2.0,0.35077282479643657,1.9736558676967582,30.350772824796437,0.11438051546387085
400.0,0.7,2.0,0.34722778876849164,1.974483846651578,30.347227788768492,0.11443518318100025
425.0,0.7,2.0,0.346865219585259,1.9736105060980844,30.346865219585258,0.11438525027520782
450.0,0.7,2.0,0.34334872942926103,1.974412107019284,30.343348729429263,0.11443833949889759
475.0,0.7,2.0,0.34291656543816584,1.973566180905049,30.342916565438166,0.11439012361698651
500.0,0.7,2.0,0.3394198120398295,1.9743460914795958,30.33941981203983,0.1144419225151326
525.0,0.7,2.0,0.33892321264616054,1.9735271070756637,30.33892321264616,0.11439538674194767
550.0,0.7,2.0,0.3354427394157057,1.9742908339790124,30.335442739415704,0.11444622093690143
575.0,0.7,2.0,0.33488886455030464,1.9734997556112106,30.334888864550305,0.11440140788850144
600.0,0.7,2.0,0.331426206763707,1.9742516061956383,30.331426206763705,0.11445152413837935
625.0,0.7,2.0,0.33082400685254665,1.9734886781937329,30.330824006852545,0.11440843133280262
650.0,0.7,2.0,0.32738692166477185,1.9742289797038817,30.327386921664772,0.1144578339542035
675.0,0.7,2.0,0.32674793903900845,1.9734916830976483,30.32674793903901,0.114416293823498
700.0,0.7,2.0,0.3233481805777309,1.974216980680445,30.32334818057773,0.11446476027013847
725.0,0.7,2.0,0.32268197640015567,1.973501896312191,30.322681976400155,0.11442455676278808
750.0,0.7,2.0,0.31932628130937835,1.9742098383999833,30.31932628130938,0.11447193783466302
775.0,0.7,2.0,0.3186346613561667,1.9735158553776893,30.318634661356167,0.11443300333399531
800.0,0.7,2.0,0.31531945024359437,1.974208432248957,30.315319450243596,0.11447942102792884
825.0,0.7,2.0,0.3145972848378027,1.9735368356797283,30.314597284837802,0.11444183993191259
850.0,0.7,2.0,0.3113160837132288,1.974216661662614,30.31131608371323,0.11448745794674613
875.0,0.7,2.0,0.31055781945827426,1.9735684987855882,30.310557819458275,0.11445130167579938
900.0,0.7,2.0,0.30731183407364887,1.9742333983289768,30.307311834073648,0.11449599147405273
925.0,0.7,2.0,0.30651866472862954,1.9736063727902842,30.306518664728628,0.1144611248091362
950.0,0.7,2.0,0.3033191617217991,1.9742483254617766,30.3033191617218,0.11450439980443367
975.0,0.7,2.0,0.30250218995117867,1.9736350618814096,30.302502189951177,0.1144703741992418
1000.0,0.7,2.0,0.2993635505600737,1.9742437391329872,30.299363550560074,0.11451160787069198
1025.0,0.7,2.0,0.29853679846743036,1.9736347800773029,30.29853679846743,0.11447784839677388
1050.0,0.7,2.0,0.29546339694075274,1.9742041878963,30.295463396940754,0.11451668435729076
1075.0,0.7,2.0,0.29463007283455367,1.9735946494088397,30.294630072834554,0.1144829016866633
1100.0,0.7,2.0,0.2916070064922741,1.9741282508733051,30.291607006492274,0.11451956849884674
1125.0,0.7,2.0,0.2907548181246884,1.9735205262371265,30.29075481812469,0.1144859246904117
1150.0,0.7,2.0,0.28775388796822426,1.9740292512544286,30.287753887968226,0.11452110933501432
1175.0,0.7,2.0,0.2868655794379312,1.9734288675003113,30.286865579437933,0.11448795765899214
1200.0,0.7,2.0,0.2838632542237551,1.9739234141532782,30.283863254223753,0.11452232507069633
1225.0,0.7,2.0,0.2829295970869885,1.9733343711687024,30.282929597086987,0.11448991508896778
1250.0,0.7,2.0,0.27992026692048305,1.973819560184261,30.279920266920485,0.1145237555039997
1275.0,0.7,2.0,0.278943046760577,1.973244326286748,30.278943046760578,0.11449222714511718
1300.0,0.7,2.0,0.27593661565959204,1.9737204192705915,30.275936615659592,0.11452553699513565
1325.0,0.7,2.0,0.27492317104137637,1.9731624902593425,30.274923171041376,0.11449507934578397
1350.0,0.7,2.0,0.27193298513664793,1.9736303972561111,30.271932985136647,0.11452788617102626
1375.0,0.7,2.0,0.27088930957754276,1.9730958653743813,30.270889309577544,0.11449884158328766
1400.0,0.7,2.0,0.26792368693799923,1.9735598065154565,30.267923686937998,0.11453137453431594
1425.0,0.7,2.0,0.26685147292366446,1.973056080508046,30.266851472923666,0.11450416998117488
1450.0,0.7,2.0,0.26391433626457744,1.973521118911789,30.263914336264577,0.11453671551521863
1475.0,0.7,2.0,0.26281497981647295,1.973052084845744,30.262814979816472,0.11451157418374697
1500.0,0.7,2.0,0.25991084263301384,1.9735192436456623,30.259910842633015,0.11454418323015168
1525.0,0.7,2.0,0.25879137048500356,1.973080450482231,30.258791370485003,0.11452083380599974
1550.0,0.7,2.0,0.2559273550306181,1.973544003320657,30.255927355030618,0.11455316057107179
1575.0,0.7,2.0,0.25479853112728756,1.973123976018168,30.25479853112729,0.11453091688927362
1600.0,0.7,2.0,0.2519809994866888,1.9735734222228527,30.25198099948669,0.11456233974184948
1625.0,0.7,2.0,0.25084914839983447,1.973160307273992,30.250849148399833,0.11454050190787175
1650.0,0.7,2.0,0.24807899497069677,1.973585279583776,30.248078994970697,0.11457041712145993
1675.0,0.7,2.0,0.24694221380836162,1.9731719139834494,30.24694221380836,0.11454857295260674
1700.0,0.7,2.0,0.24421297871548994,1.9735666450965539,30.24421297871548,0.1145766576265285
1725.0,0.7,2.0,0.2430635567562303,1.9731515585749533,30.243063556756166,0.11455473634578829
1750.0,0.7,2.0,0.24036213228517356,1.9735172573826818,30.240362132284748,0.11458108514597319
1775.0,0.7,2.0,0.23918916042525298,1.9731039301565287,30.23918916042255,0.11455930944637097
1800.0,0.7,2.0,0.23649824026003058,1.973448347585566,30.236498240244,0.1145844049014443
1825.0,0.7,2.0,0.23528954412092565,1.9730433009527175,30.235289544031527,0.1145631765033053
1850.0,0.7,2.0,0.23259292202513768,1.9733768863228716,30.232592921556726,0.1145876559012983
1875.0,0.7,2.0,0.2313398041947907,1.9729857124059627,30.231339801889188,0.11456731608052628
1900.0,0.7,2.0,0.2286281300475527,1.9733165755058957,30.228628119386567,0.11459166805735238
1925.0,0.7,2.0,0.2273308823876073,1.9729400480558235,30.227330836078398,0.1145722613860787
1950.0,0.7,2.0,0.22460425654975524,1.9732706630365022,30.22460406757926,0.11459662973037156
1975.0,0.7,2.0,0.22327302154716733,1.9729038847947133,30.223272297149222,0.11457785360064861
2000.0,0.7,2.0,0.2205405277445025,1.9732301447732719,30.220537919087285,0.1146019856775614
2025.0,0.7,2.0,0.21918994878883086,1.9728653109482002,30.219181123815208,0.11458336894744306
2050.0,0.7,2.0,0.21646410410322442,1.9731800903844199,30.21643605839505,0.11460685670998777
2075.0,0.7,2.0,0.21510352891052614,1.9728137906832242,30.21501979989202,0.1145882666116889
2100.0,0.7,2.0,0.2123903199490532,1.9731185923463803,30.212155496109524,0.11461140316848108
2125.0,0.7,2.0,0.21101581604410213,1.9727687770618716,30.210397137629247,0.11459441841655835
2150.0,0.7,2.0,0.20830672780668763,1.9731047504269734,30.206775484023957,0.11462080511198769
2175.0,0.7,2.0,0.20689626612000425,1.972862521741408,30.203336017658295,0.114613259012681
2200.0,0.7,2.0,0.20415634606251187,1.9734011749440523,30.196380048485743,0.11465775588711527
2225.0,0.7,2.0,0.20265004442669143,1.9735695473385408,30.186694117808162,0.11468593366257977
2250.0,0.7,2.0,0.199783902486716,1.97479873024455,30.16902804895033,0.11479095690711237
2275.0,0.7,2.0,0.19804243701967306,1.9760882361642889,30.142350780916914,0.1149167325915118
2300.0,0.7,2.0,0.19486359977003898,1.9789296609596345,30.10012890150441,0.11516265707423226
2325.0,0.7,2.0,0.19267672668543775,1.9823599198141557,30.041291109904517,0.11547519592917557
2350.0,0.7,2.0,0.18899214207795292,1.9876987043809633,29.96173541492711,0.11593980582313203
2375.0,0.7,2.0,0.18626125649179157,1.9936601778464123,29.86577790325166,0.11647419429626134
2400.0,0.7,2.0,0.18214584090011504,2.0010006637715163,29.75757437910127,0.11711538896155693
2425.0,0.7,2.0,0.17919253973095625,2.007809358979649,29.65080481833865,0.1177252787875655
2450.0,0.7,2.0,0.17522746211670023,2.0142620106909814,29.557479630307483,0.11828992563740563
2475.0,0.7,2.0,0.17282434086938955,2.0182064483609956,29.49436107673595,0.1186483189660589
2500.0,0.7,2.0,0.16981876848735322,2.0200181977381972,29.469818768487354,0.11880426878652485
2525.0,0.7,2.0,0.16859680427020565,2.0182855999530123,29.490133540136764,0.11866147660862006
2550.0,0.7,2.0,0.166826925843007,2.014396527477717,29.54907909403379,0.11831463960188111
2575.0,0.7,2.0,0.1666167044730187,2.0080129974892724,29.63822898308071,0.11776219483220873
2600.0,0.7,2.0,0.1655339476688396,2.0012108615126496,29.740962485869996,0.11716039792576867
2625.0,0.7,2.0,0.1655705248836827,1.993918041865286,29.845087171643552,0.11652963161597577
2650.0,0.7,2.0,0.16440367283749405,1.9879170699305513,29.93714694568665,0.11600015104333954
2675.0,0.7,2.0,0.1640740468517784,1.982618649269044,30.012688430070856,0.1155452864140734
2700.0,0.7,2.0,0.16245050542626183,1.9791213827890348,30.06771580716063,0.11523587636401822
2725.0,0.7,2.0,0.16162496623110031,1.9763338027231119,30.105933310128343,0.1150005049959145
2750.0,0.7,2.0,0.15959617666494966,1.974966262460481,30.128840323128564,0.11487723385574113
2775.0,0.7,2.0,0.15843661715454577,1.9738176751278158,30.14248069053602,0.11478444383964537
2800.0,0.7,2.0,0.15619590244409096,1.9735683563629185,30.14841960486732,0.11475864029708184
2825.0,0.7,2.0,0.15488786444841873,1.973141389164854,30.15132761598671,0.11472828008677477
2850.0,0.7,2.0,0.15258002612294402,1.9733025245634068,30.151048782340215,0.1147381798418764
2875.0,0.7,2.0,0.1512288711582814,1.973110123380923,30.150610192743425,0.11472782706811689
2900.0,0.7,2.0,0.14892195352050686,1.9733813237132245,30.148687129680976,0.11474725565254948
2925.0,0.7,2.0,0.14756778472219217,1.9732525601991189,30.147484055703686,0.11474205776775588
2950.0,0.7,2.0,0.1452862947023424,1.97354585074606,30.145258248994168,0.11476334883120304
2975.0,0.7,2.0,0.1439408658397685,1.9734371534675297,30.143932040866147,0.11475955238229998
3000.0,0.7,2.0,0.14169234761903182,1.9737336913409247,30.141689738961812,0.11478106584887979
3025.0,0.7,2.0,0.1403586876464368,1.9736360263810673,30.14035796324849,0.11477792190615423
3050.0,0.7,2.0,0.1381431364267656,1.9739324342083884,30.13814294745627,0.11479937805371297
3075.0,0.7,2.0,0.13681890358532162,1.9738451046758154,30.13681885727611,0.11479682093999806
3100.0,0.7,2.0,0.13462976954919892,1.9741408133108662,30.134629758888213,0.11481818924894661
3125.0,0.7,2.0,0.1333064633355994,1.974066119047597,30.13330646103,0.11481636593421651
3150.0,0.7,2.0,0.13113218624451786,1.9743610566691017,30.131132185776107,0.1148376633485451
3175.0,0.7,2.0,0.12979833032246754,1.9743009542274392,30.129798330233072,0.11483670936593779
3200.0,0.7,2.0,0.12762718855455504,1.9745943517712765,30.127627188538526,0.11485791343926605
3225.0,0.7,2.0,0.1262743460615503,1.974547396186251,30.12627434605885,0.11485776093292345
3250.0,0.7,2.0,0.12410007296260384,1.9748367669810074,30.12410007296218,0.11487873897687813
3275.0,0.7,2.0,0.12272669868699358,1.9747976411864863,30.12272669868693,0.11487908171027039
3300.0,0.7,2.0,0.12055171339557184,1.9750783786189208,30.120551713395564,0.11489956111848362
3325.0,0.7,2.0,0.11916308323723336,1.97503995225726,30.119163083237233,0.11489997429067
3350.0,0.7,2.0,0.1169957823252432,1.975307005797671,30.116995782325244,0.11491964514612207
3375.0,0.7,2.0,0.11559926478688373,1.9752643680376483,30.115599264786884,0.11491982899417168
3400.0,0.7,2.0,0.1134452168471859,1.9755164653001336,30.113445216847186,0.11493860650074819
3425.0,0.7,2.0,0.11204365791882663,1.9754707371580418,30.112043657918825,0.11493862077059695
3450.0,0.7,2.0,0.10989985112217783,1.9757127978342262,30.10989985112218,0.11495679677219886
3475.0,0.7,2.0,0.1084899701563976,1.975670836399048,30.1084899701564,0.11495704668175212
3500.0,0.7,2.0,0.10634888688099473,1.9759112162478178,30.106348886880994,0.11497512164837138
3525.0,0.7,2.0,0.10492689865577372,1.975880747548634,30.104926898655773,0.11497606404000436
3550.0,0.7,2.0,0.1027858478562198,1.976125562836049,30.102785847856218,0.11499439903885611
3575.0,0.7,2.0,0.10135492658814751,1.9761095419663457,30.101354926588147,0.11499619993150235
3600.0,0.7,2.0,0.09922123550084688,1.976358665737487,30.099221235500845,0.11501477364910585
3625.0,0.7,2.0,0.09779230054002092,1.9763538805684064,30.09779230054002,0.1150172253797258
3650.0,0.7,2.0,0.09567768641623765,1.9766024845769887,30.095677686416238,0.1150357344743892
3675.0,0.7,2.0,0.09426019483992991,1.9766041250035677,30.09426019483993,0.11503853910624504
3700.0,0.7,2.0,0.09216882122793185,1.9768483856417731,30.092168821227933,0.11505675304988501
3725.0,0.7,2.0,0.09076102194527934,1.9768553047428705,30.09076102194528,0.11505984720501462
3750.0,0.7,2.0,0.0886853694213401,1.9770954617291348,30.08868536942134,0.11507779426197354
3775.0,0.7,2.0,0.0872763389918539,1.977109596221944,30.087276338991852,0.11508131158397489
3800.0,0.7,2.0,0.08520552441053635,1.9773473994279465,30.085205524410537,0.11509911438526348
3825.0,0.7,2.0,0.08378545881872966,1.977369312171762,30.08378545881873,0.1151031064501697
3850.0,0.7,2.0,0.08171413004049714,1.977604597901939,30.081714130040496,0.11512076570039968
3875.0,0.7,2.0,0.08027991092757013,1.9776316793399686,30.08027991092757,0.11512508663859292
3900.0,0.7,2.0,0.07820828824475552,1.9778619856298127,30.078208288244756,0.11514245858695803
3925.0,0.7,2.0,0.07676061168682753,1.977890592092597,30.076760611686826,0.11514689499697246
3950.0,0.7,2.0,0.07468895206747701,1.9781129068295762,30.074688952067476,0.11516380375509261
3975.0,0.7,2.0,0.07322749716906374,1.9781409225275206,30.073227497169064,0.11516823308871302
4000.0,0.7,2.0,0.07115316924327521,1.9783530160515366,30.071153169243274,0.1151845538144326
4025.0,0.7,2.0,0.06967679797241574,1.9783798399894592,30.069676797972416,0.11518894325867043
4050.0,0.7,2.0,0.06759741089863597,1.9785801581137499,30.067597410898635,0.11520458995597348
4075.0,0.7,2.0,0.06610754659906588,1.978605438471428,30.066107546599067,0.1152089162919964
4100.0,0.7,2.0,0.0640241323545548,1.9787937657537675,30.064024132354554,0.11522387434363018
4125.0,0.7,2.0,0.0625240466466424,1.9788182377842267,30.062524046646644,0.11522817410378636
4150.0,0.7,2.0,0.0604388486766717,1.9789978447954937,30.06043884867667,0.11524262956539738
4175.0,0.7,2.0,0.05892958973230517,1.9790249443030632,30.058929589732305,0.11524710081589129
4200.0,0.7,2.0,0.056843504142137735,1.9792020618696362,30.056843504142137,0.1152614147631608
4225.0,0.7,2.0,0.05532429861096343,1.9792361161840204,30.055324298610962,0.11526631103145979
4250.0,0.7,2.0,0.05323949029300964,1.9794149203957798,30.05323949029301,0.1152807225240103
4275.0,0.7,2.0,0.051712925963255565,1.979457106318444,30.051712925963255,0.11528610745890419
4300.0,0.7,2.0,0.04963507338998114,1.9796362503103848,30.049635073389982,0.11530052718967979
4325.0,0.7,2.0,0.048108321016926456,1.9796841812394192,30.048108321016926,0.11530624810358972
4350.0,0.7,2.0,0.04604286535470087,1.9798598396249094,30.0460428653547,0.115320442818984
4375.0,0.7,2.0,0.04452230645941219,1.9799117878651005,30.044522306459413,0.11532638687047739
4400.0,0.7,2.0,0.04246947585903595,1.9800833745779034,30.042469475859036,0.11534032195053884
4425.0,0.7,2.0,0.040955603382080326,1.9801417169262536,30.04095560338208,0.11534662666319016
4450.0,0.7,2.0,0.03891080786057084,1.9803134732655794,30.03891080786057,0.11536055794854103
4475.0,0.7,2.0,0.03739927650153083,1.9803830810789378,30.03739927650153,0.1153675154922594
4500.0,0.7,2.0,0.03535858551371548,1.9805599335544208,30.035358585513716,0.1153817375482496
4525.0,0.7,2.0,0.03384592559752407,1.9806431374295814,30.033845925597525,0.11538949046342331
4550.0,0.7,2.0,0.031810595108751574,1.980825558819111,30.03181059510875,0.11540402848789033
4575.0,0.7,2.0,0.030297808202078846,1.9809192979379462,30.03029780820208,0.11541239664288583
4600.0,0.7,2.0,0.028272043402077087,1.9811030377074828,30.028272043402076,0.11542699496263469
4625.0,0.7,2.0,0.026761780849762926,1.9812016980531657,30.026761780849764,0.11543564624575885
4650.0,0.7,2.0,0.02474613843710518,1.9813821415761366,30.024746138437106,0.11545003491370265
4675.0,0.7,2.0,0.023237803324611513,1.9814827098905137,30.023237803324612,0.11545879492383787
4700.0,0.7,2.0,0.021226788940358458,1.981658283463293,30.021226788940357,0.11547289276407605
4725.0,0.7,2.0,0.019716060375737306,1.9817618649822386,30.01971606037574,0.11548183422192972
4750.0,0.7,2.0,0.017702441752406928,1.9819334832786637,30.017702441752405,0.11549570840694082
4775.0,0.7,2.0,0.016185397210877275,1.982042102284247,30.016185397210876,0.11550495684985514
4800.0,0.7,2.0,0.014166143468087146,1.982210262205642,30.01416614346809,0.115518642152441
4825.0,0.7,2.0,0.012643014329354016,1.9823230586652685,30.012643014329353,0.11552814706105506
4850.0,0.7,2.0,0.0106210681638189,1.982485908020234,30.010621068163818,0.1155415298578876
4875.0,0.7,2.0,0.009095426087734271,1.9825991133768943,30.009095426087733,0.11555106475154305
4900.0,0.7,2.0,0.007075627752124917,1.9827535850793088,30.007075627752126,0.11556395691775226
4925.0,0.7,2.0,0.0055502588395122164,1.9828638484946919,30.005550258839513,0.11557332111813325
4950.0,0.7,2.0,0.0035347224027678483,1.9830079045302567,30.00353472240277,0.11558559970696416
4975.0,0.7,2.0,0.0020101096004157817,1.98311419664684,30.002010109600416,0.11559473224180923
5000.0,0.7,2.0,0.0,1.98324707254302,30.0,0.11560635034046943
0.0,0.7,2.5,0.6065896202975346,2.450452694352521,30.606589620297534,0.14141788865605553
25.0,0.7,2.5,0.6065896202975346,2.4489553003507676,30.606589620297534,0.14133147266496038
50.0,0.7,2.5,0.6005071679128099,2.450677116745649,30.60050716791281,0.14144489566123714
75.0,0.7,2.5,0.6004323024764451,2.4492184030943203,30.600432302476445,0.14136087650551918
100.0,0.7,2.5,0.5944490777269352,2.450883535103109,30.594449077726935,0.14147081387002022
125.0,0.7,2.5,0.5943036351901206,2.449458698114589,30.59430363519012,0.14138890497154244
150.0,0.7,2.5,0.5884192820566697,2.451065258211063,30.58841928205667,0.14149524754663592
175.0,0.7,2.5,0.5882009335083992,2.449674727111042,30.5882009335084,0.14141547961307102
200.0,0.7,2.5,0.5824028949305176,2.4512292319339464,30.582402894930517,0.14151863165265754
225.0,0.7,2.5,0.5821009369846715,2.4498788350921528,30.58210093698467,0.14144136646060423
250.0,0.7,2.5,0.5763726506076559,2.4513909500278586,30.576372650607656,0.14154192356344614
275.0,0.7,2.5,0.5759750840385401,2.4500874097857537,30.57597508403854,0.1414675776017439
300.0,0.7,2.5,0.5703042662093424,2.4515647870572868,30.57030426620934,0.14156600956434076
325.0,0.7,2.5,0.5698086713102883,2.4503096858945006,30.569808671310287,0.14149468047779687
350.0,0.7,2.5,0.5641947020822161,2.451753601018493,30.564194702082215,0.14159106205696145
375.0,0.7,2.5,0.5636136733160745,2.450540765260319,30.563613673316073,0.14152236484271696
400.0,0.7,2.5,0.5580679692952568,2.451945818897743,30.55806796929526,0.1416163573541845
425.0,0.7,2.5,0.5574240366387662,2.4507644661683146,30.557424036638768,0.141549617695769
450.0,0.7,2.5,0.5519580637614333,2.452125402485617,30.551958063761433,0.14164089035222932
475.0,0.7,2.5,0.5512704840097029,2.4509674810913427,30.551270484009702,0.14157559902598552
500.0,0.7,2.5,0.5458832509884859,2.452286546384811,30.545883250988485,0.14166428306842543
525.0,0.7,2.5,0.5451564445572483,2.4511529260075204,30.54515644455725,0.14160048043751883
550.0,0.7,2.5,0.5398367257353032,2.452438916638722,30.539836725735302,0.14168710933085027
575.0,0.7,2.5,0.5390597133566803,2.4513392077012406,30.53905971335668,0.14162537645929923
600.0,0.7,2.5,0.5337975891819231,2.452600623149323,30.533797589181923,0.14171046380177157
625.0,0.7,2.5,0.5329536869147686,2.4515467826299746,30.53295368691477,0.1416515307576959
650.0,0.7,2.5,0.527746144693346,2.452787300667419,30.527746144693346,0.14173529580957198
675.0,0.7,2.5,0.5268243059723487,2.4517858691799512,30.526824305972347,0.14167956683766642
700.0,0.7,2.5,0.521673926717269,2.4530033222081236,30.52167392671727,0.14176187819946806
725.0,0.7,2.5,0.520673307699357,2.4520517021093373,30.520673307699358,0.1417092058895602
750.0,0.7,2.5,0.5155834173875458,2.453239927505037,30.515583417387546,0.14178969945360856
775.0,0.7,2.5,0.5145089518176614,2.4523290174115395,30.51450895181766,0.14173954703467986
800.0,0.7,2.5,0.5094756507617757,2.4534832539092646,30.509475650761775,0.14181795628002802
825.0,0.7,2.5,0.5083308214217659,2.4526033898630817,30.508330821421765,0.1417697576526351
850.0,0.7,2.5,0.5033397557521282,2.4537245814294693,30.50333975575213,0.14184617003345693
875.0,0.7,2.5,0.5021248534335326,2.452869276111507,30.502124853433532,0.1417995499645557
900.0,0.7,2.5,0.497159280078852,2.4539622367822607,30.49715928007885,0.14187428228953658
925.0,0.7,2.5,0.4958753713584758,2.4531281202173765,30.495875371358476,0.14182904384766937
950.0,0.7,2.5,0.49092737999740305,2.45419671035958,30.4909273799974,0.14190233739159497
975.0,0.7,2.5,0.4895781786936346,2.4533831836571074,30.489578178693634,0.14185843765199088
1000.0,0.7,2.5,0.4846510131691266,2.4544289084004776,30.484651013169128,0.1419303716387599
1025.0,0.7,2.5,0.48324083556262526,2.4536386831236134,30.483240835562626,0.1418879576976653
1050.0,0.7,2.5,0.47834405221388676,2.454662291705073,30.478344052213888,0.14195855295786333
1075.0,0.7,2.5,0.47687900375807557,2.4538993567723657,30.476879003758075,0.1419178416724697
1100.0,0.7,2.5,0.47202564310751344,2.454900879176783,30.472025643107514,0.141987069300534
1125.0,0.7,2.5,0.4705173715623895,2.4541666228038705,30.47051737156239,0.14194811426822593
1150.0,0.7,2.5,0.46572313416051203,2.455144084688587,30.465723134160513,0.14201582315062714
1175.0,0.7,2.5,0.464187891422768,2.45443582625266,30.464187891422768,0.14197843188074563
1200.0,0.7,2.5,0.45946816310111965,2.4553851368469997,30.45946816310112,0.14204434905346144
1225.0,0.7,2.5,0.45792141874199505,2.4546974197687534,30.457921418741996,0.14200817019367762
1250.0,0.7,2.5,0.45328632942834085,2.455613912621998,30.45328632942834,0.14207200144698898
1275.0,0.7,2.5,0.4517354272589965,2.454942000526198,30.451735427258996,0.14203674411651404
1300.0,0.7,2.5,0.4471836798949965,2.4558238432500543,30.447183679894998,0.14209838572421163
1325.0,0.7,2.5,0.4456206996491337,2.4551685938527954,30.445620699649133,0.14206411823232076
1350.0,0.7,2.5,0.4411371620752087,2.4560193733449016,30.441137162075208,0.14212381235902694
1375.0,0.7,2.5,0.4395411968345869,2.4553877410510148,30.439541196834586,0.14209098616427887
1400.0,0.7,2.5,0.4351051755306806,2.4562138368942077,30.43510517553068,0.14214914978765172
1425.0,0.7,2.5,0.4334570584297743,2.455612199375853,30.433457058429774,0.1421181790843251
1450.0,0.7,2.5,0.4290545883390544,2.4564176448257666,30.429054588339053,0.1421750779324403
1475.0,0.7,2.5,0.4273490184736357,2.4558457302801835,30.427349018473635,0.14214595981781009
1500.0,0.7,2.5,0.422975636981125,2.4566312827518075,30.422975636981125,0.14220164793516912
1525.0,0.7,2.5,0.421217945082652,2.4560838840157797,30.421217945082653,0.14217406898367857
1550.0,0.7,2.5,0.4168711545808816,2.4568505937490763,30.416871154580882,0.14222861277576976
1575.0,0.7,2.5,0.4150658395325298,2.4563235340896052,30.41506583953253,0.1422023210523291
1600.0,0.7,2.5,0.4107371205216931,2.4570758403899733,30.41073712052169,0.14225599723214932
1625.0,0.7,2.5,0.408882125666468,2.456568793970661,30.40888212566647,0.14223097900901238
1650.0,0.7,2.5,0.4045567593461528,2.457313482018356,30.404556759346153,0.1422842147564727
1675.0,0.7,2.5,0.4026476332955903,2.4568274570235995,30.40264763329559,0.14226053916492953
1700.0,0.7,2.5,0.3983149172166869,2.457567654103886,30.39831491721668,0.14231354065182905
1725.0,0.7,2.5,0.39635358026556944,2.4571000100875886,30.396353580265504,0.14229105065798223
1750.0,0.7,2.5,0.39201887105746214,2.457829022419245,30.392018871057036,0.14234341776807943
1775.0,0.7,2.5,0.39001795460332017,2.457371015420658,30.39001795460062,0.14232157770207718
1800.0,0.7,2.5,0.3857000869024924,2.458074903725018,30.385700086886462,0.14237245885919342
1825.0,0.7,2.5,0.3836763478453029,2.457615620582792,30.383676347755905,0.14235059751198473
1850.0,0.7,2.5,0.37939134930874485,2.458283688496341,30.379391348840333,0.14239933511833033
1875.0,0.7,2.5,0.37735393347872775,2.4578173655827125,30.377353931173126,0.1423770971423842
1900.0,0.7,2.5,0.37310422553315953,2.458449396996967,30.37310421487217,0.14242367233332315
1925.0,0.7,2.5,0.3710503679951825,2.4579789785919535,30.37105032168597,0.14240123472156552
1950.0,0.7,2.5,0.3668286948103264,2.4585835556605184,30.36682850583983,0.1424461613716323
1975.0,0.7,2.5,0.3647504825083851,2.458117908122283,30.364749758110438,0.14242405741417896
2000.0,0.7,2.5,0.3605496897100579,2.458706394475415,30.36054708105284,0.14246801406927917
2025.0,0.7,2.5,0.3584435216816292,2.458255216167303,30.358434696708006,0.1424468264300848
2050.0,0.7,2.5,0.3542608425224253,2.458838693467118,30.35423279681425,0.14249049815861103
2075.0,0.7,2.5,0.3521290034881602,2.4584125938057793,30.352045274469653,0.1424709393265028
2100.0,0.7,2.5,0.34796361413448185,2.459007671678644,30.34772879029495,0.14251555973500854
2125.0,0.7,2.5,0.34580533389460866,2.4586350899638765,30.345186655479754,0.14249993470355873
2150.0,0.7,2.5,0.3416483300380009,2.459298062947594,30.340117086255272,0.14255026789033265
2175.0,0.7,2.5,0.33943886740860807,2.459092364261174,30.335878618946897,0.1425483020483792
2200.0,0.7,2.5,0.33524254565648937,2.4600351713701185,30.32746624807972,0.1426227311088028
2225.0,0.7,2.5,0.3328891612502883,2.4603713414423236,30.31693323463176,0.14266699781294803
2250.0,0.7,2.5,0.3285058912973581,2.462196816222564,30.297750037760974,0.14281804130163747
2275.0,0.7,2.5,0.325786457524885,2.4639551564935416,30.270094801422125,0.1429853047194204
2300.0,0.7,2.5,0.32092605801835256,2.4678036576761047,30.226191359752722,0.1433126036394422
2325.0,0.7,2.5,0.3175114448404347,2.4722469199324877,30.166125828059513,0.14371350177476916
2350.0,0.7,2.5,0.3118774555840242,2.4792102450377773,30.08462072843318,0.14431337511296236
2375.0,0.7,2.5,0.30761718260403603,2.486814041173076,29.987133829363906,0.1449910944885951
2400.0,0.7,2.5,0.30133092436615266,2.496258540806274,29.876759462567307,0.1458103373655127
2425.0,0.7,2.5,0.296728965705725,2.504905307973444,29.76834124431342,0.14658161137599215
2450.0,0.7,2.5,0.2906909260185534,2.5132066829825934,29.672943094209334,0.1473036100123042
2475.0,0.7,2.5,0.28694273454214353,2.518245708681879,29.608479470408703,0.14775954543242667
2500.0,0.7,2.5,0.28238783368020487,2.520707929154532,29.582387833680205,0.147969228886795
2525.0,0.7,2.5,0.28044863112482776,2.518624326127745,29.601985366991386,0.1477979703753558
2550.0,0.7,2.5,0.27776673527759765,2.513936723147451,29.66001890346838,0.14737849818946996
2575.0,0.7,2.5,0.2773418965337511,2.5060329141721662,29.748954175141446,0.14669537297608795
2600.0,0.7,2.5,0.2756556549662575,2.497706175175349,29.851084193167413,0.14595762541099805
2625.0,0.7,2.5,0.27555245525226363,2.4886788876464245,29.955069102012132,0.1451774610571025
2650.0,0.7,2.5,0.2736785802710784,2.481369540595267,30.046421853120233,0.14453085203627436
2675.0,0.7,2.5,0.27297708561634226,2.4748491645990773,30.121591468835422,0.1439710839036962
2700.0,0.7,2.5,0.27038069183003066,2.4706787756314035,30.1756459935644,0.14359968679703483
2725.0,0.7,2.5,0.26892297734115966,2.467297686439871,30.2132313212384,0.1433139479511092
2750.0,0.7,2.5,0.26572474234783855,2.465783642214952,30.234968888811455,0.14317450835305803
2775.0,0.7,2.5,0.2637840548411271,2.4644412406924148,30.2478281282226,0.1430661419646329
2800.0,0.7,2.5,0.26029558266833647,2.464310631524238,30.25251928509157,0.1430474675840978
2825.0,0.7,2.5,0.25814784471183716,2.4638613033880206,30.254587596250126,0.14301649632816063
2850.0,0.7,2.5,0.2545741021173678,2.464232134594479,30.253042858334638,0.14304167323198813
2875.0,0.7,2.5,0.25235344086139183,2.4640750044013866,30.251734762446535,0.14303564462683416
2900.0,0.7,2.5,0.24876947865614335,2.4645777569678935,30.248534654816613,0.14307239610195077
2925.0,0.7,2.5,0.24651513808448106,2.464503532845142,30.246431409065973,0.14307306145697365
2950.0,0.7,2.5,0.24293684293780257,2.465029303153101,30.242908797229628,0.14311191818039012
2975.0,0.7,2.5,0.2406564048254412,2.4649818628992146,30.240647579851817,0.14311451427697364
3000.0,0.7,2.5,0.23708524091823965,2.4655040464451705,30.23708263226102,0.1431532698880836
3025.0,0.7,2.5,0.23477917714093907,2.465468643287951,30.234778452742994,0.14315666893555884
3050.0,0.7,2.5,0.23121380822620782,2.4659808801535794,30.231213619255712,0.14319485375767224
3075.0,0.7,2.5,0.2288809005846479,2.46595353016904,30.228880854275438,0.14319879060658916
3100.0,0.7,2.5,0.22531963441422861,2.466455571174129,30.225319623753244,0.14323638181188728
3125.0,0.7,2.5,0.22296172197372072,2.466435165314293,30.22296171966812,0.1432407840461031
3150.0,0.7,2.5,0.2194067570565931,2.466927503389748,30.21940675658818,0.14327780383453464
3175.0,0.7,2.5,0.21703243412606363,2.4669119660566077,30.217032434036668,0.14328253036097943
3200.0,0.7,2.5,0.21349186234903944,2.467392697437814,30.213491862333008,0.14331884875466655
3225.0,0.7,2.5,0.2111124417131655,2.4673795185050684,30.211112441710466,0.14332372699387777
3250.0,0.7,2.5,0.20759365348089445,2.467846860622531,30.20759365348047,0.1433592226995101
3275.0,0.7,2.5,0.205212933235147,2.467837681321075,30.20521293323508,0.14336433899142714
3300.0,0.7,2.5,0.20171355115465223,2.468295172904753,30.201713551154644,0.14339922299268118
3325.0,0.7,2.5,0.19932438566745722,2.468297236155888,30.199324385667456,0.14340501513924314
3350.0,0.7,2.5,0.19583457409625285,2.4687529747287127,30.195834574096253,0.14343978112330436
3375.0,0.7,2.5,0.19342845101238912,2.4687734819494542,30.193428451012387,0.14344668794882748
3400.0,0.7,2.5,0.1899433165087663,2.4692328829663794,30.189943316508767,0.1434816622475596
3425.0,0.7,2.5,0.18752106462397172,2.4692726054469993,30.187521064623972,0.1434897269068303
3450.0,0.7,2.5,0.18404687951560492,2.4697336315627387,30.184046879515606,0.14352477633067873
3475.0,0.7,2.5,0.1816175491439385,2.469787076853589,30.18161754914394,0.1435336584135252
3500.0,0.7,2.5,0.17816473726199264,2.4702430572657614,30.178164737261994,0.14356837050971166
3525.0,0.7,2.5,0.17573613501703705,2.4703036565081162,30.175736135017036,0.14357766984185896
3550.0,0.7,2.5,0.1723086526467753,2.4707493774886826,30.172308652646777,0.1436117320314531
3575.0,0.7,2.5,0.16988030363976134,2.4708139723822065,30.16988030363976,0.14362126622486307
3600.0,0.7,2.5,0.16647211128455328,2.471248924257561,30.166472111284552,0.1436546630457841
3625.0,0.7,2.5,0.16403530305058053,2.4713186870728947,30.164035303050582,0.1436645210188365
3650.0,0.7,2.5,0.1606352985118743,2.471745592573725,30.160635298511874,0.1436974370164117
3675.0,0.7,2.5,0.15817925652617207,2.471823323848553,30.15817925652617,0.14370780733181768
3700.0,0.7,2.5,0.15477834597838283,2.472244433128732,30.154778345978382,0.14374039490933757
3725.0,0.7,2.5,0.152296955543655,2.472330993422588,30.152296955543655,0.14375134232885958
3750.0,0.7,2.5,0.14889096013433534,2.472745860296085,30.148890960134334,0.14378358547705564
3775.0,0.7,2.5,0.14638505064829568,2.472838913660204,30.146385050648295,0.1437949723673785
3800.0,0.7,2.5,0.14297454910800983,2.4732443068705856,30.14297454910801,0.14382668176665378
3825.0,0.7,2.5,0.1404499784028626,2.4733397114072377,30.140449978402863,0.14383825341418408
3850.0,0.7,2.5,0.13703900024583499,2.473731509737205,30.137039000245835,0.14386917966170804
3875.0,0.7,2.5,0.13450168481112482,2.473826540304099,30.134501684811124,0.14388076349721857
3900.0,0.7,2.5,0.1310941032109697,2.474203442431973,30.13109410321097,0.1439108214652371
3925.0,0.7,2.5,0.12854577836506365,2.474299077792631,30.128545778365062,0.14392247026920904
3950.0,0.7,2.5,0.1251431023981624,2.4746642694369783,30.125143102398162,0.14395184144885478
3975.0,0.7,2.5,0.12258289466253623,2.474763522653059,30.122582894662536,0.14396373259586384
4000.0,0.7,2.5,0.1191858327551633,2.475122123249758,30.119185832755164,0.1439927129574431
4025.0,0.7,2.5,0.1166139225985247,2.4752272983819394,30.116613922598525,0.14400498012877103
4050.0,0.7,2.5,0.11322296206697287,2.475583305412561,30.113222962066974,0.14403380100358046
4075.0,0.7,2.5,0.11064019090052947,2.4756962864552925,30.11064019090053,0.14404655191307392
4100.0,0.7,2.5,0.1072544329674833,2.4760517131712425,30.107254432967483,0.14407533257702484
4125.0,0.7,2.5,0.10466158759939616,2.476174816814718,30.104661587599395,0.1440887002875759
4150.0,0.7,2.5,0.10128066333737193,2.47652950752044,30.101280663337374,0.14411743258211326
4175.0,0.7,2.5,0.09868180388129638,2.4766635962818953,30.098681803881295,0.14413145773562275
4200.0,0.7,2.5,0.09530985500855217,2.47701514616738,30.09530985500855,0.14415999180057257
4225.0,0.7,2.5,0.0927134418233325,2.477158251319211,30.09271344182333,0.14417453970854133
4250.0,0.7,2.5,0.08935753399407713,2.4775042522332287,30.08935753399408,0.144202718402706
4275.0,0.7,2.5,0.08676949276341817,2.477654477218324,30.08676949276342,0.14421766456995816
4300.0,0.7,2.5,0.08343154490966702,2.4779963478974967,30.08343154490967,0.14424556576624567
4325.0,0.7,2.5,0.08084773331133155,2.478155438126458,30.08084773331133,0.1442610217905758
4350.0,0.7,2.5,0.07752084471888068,2.4784983018870883,30.07752084471888,0.1442889602133256
4375.0,0.7,2.5,0.07493080762802055,2.47866962177436,30.07493080762802,0.1443051471605372
4400.0,0.7,2.5,0.07160707364563665,2.4790162034528818,30.071607073645637,0.1443333004515567
4425.0,0.7,2.5,0.06900603993661726,2.479198911928125,30.069006039936617,0.14435018100138808
4450.0,0.7,2.5,0.06568518291788134,2.4795449820578597,30.065685182917882,0.1443783036470593
4475.0,0.7,2.5,0.06307761129365151,2.479733366194904,30.06307761129365,0.14439553461734156
4500.0,0.7,2.5,0.0597633254614472,2.4800720052114227,30.059763325461446,0.14442321480196468
4525.0,0.7,2.5,0.057153199616614726,2.4802619490481006,30.057153199616614,0.14444054700231707
4550.0,0.7,2.5,0.05384370252200913,2.480591274304235,30.05384370252201,0.14446767924575474
4575.0,0.7,2.5,0.05122721294289181,2.480784469053319,30.05122721294289,0.14448522033877464
4600.0,0.7,2.5,0.04791552523506656,2.4811083058346473,30.047915525235066,0.1445120440936533
4625.0,0.7,2.5,0.04528646485688952,2.481308492791319,30.04528646485689,0.1445300269831151
4650.0,0.7,2.5,0.04196868744249584,2.481630357275455,30.041968687442495,0.14455675641041327
4675.0,0.7,2.5,0.03932634382038939,2.4818380951437247,30.039326343820388,0.14457521549272662
4700.0,0.7,2.5,0.03600468771935432,2.482157228684747,30.036004687719355,0.14460180110073773
4725.0,0.7,2.5,0.03335311606266598,2.4823698600850697,30.033353116062667,0.1446205719391152
4750.0,0.7,2.5,0.03003073162907166,2.4826830499265284,30.030030731629072,0.1446468189549788
4775.0,0.7,2.5,0.02737227903489937,2.482898214115006,30.0273722790349,0.14466575843111862
4800.0,0.7,2.5,0.02404814835927123,2.483203559433481,30.02404814835927,0.14469155848018622
4825.0,0.7,2.5,0.0213810149590535,2.483420831637447,30.021381014959054,0.1447106462195001
4850.0,0.7,2.5,0.018052578751250326,2.483718214278729,30.01805257875125,0.14473599849107652
4875.0,0.7,2.5,0.015375174328250356,2.4839374506540546,30.015375174328252,0.14475522998508603
4900.0,0.7,2.5,0.012043374434198824,2.4842269129936954,30.0120433744342,0.14478013458821928
4925.0,0.7,2.5,0.009357151933575968,2.4844475999950695,30.009357151933575,0.14479947644292815
4950.0,0.7,2.5,0.006024657305253007,2.4847296885630077,30.006024657305254,0.1448239586974171
4975.0,0.7,2.5,0.0033320558102710013,2.4849523560492695,30.003332055810272,0.14484343594017432
5000.0,0.7,2.5,0.0,2.4852283560471435,30.0,0.1448675679308347
0.0,0.7,3.0,0.8869853900515934,2.9138486279398492,30.886985390051592,0.16739586340956228
25.0,0.7,3.0,0.8869853900515934,2.9118611122831735,30.886985390051592,0.16728168386838807
50.0,0.7,3.0,0.878356722499438,2.914382601592636,30.878356722499436,0.16744993058231594
75.0,0.7,3.0,0.8781972070807889,2.912473217138637,30.878197207080788,0.16734065646222424
100.0,0.7,3.0,0.8696773377791477,2.9149326085658696,30.869677337779148,0.16750507508132914
125.0,0.7,3.0,0.8693770250835409,2.9130953973800287,30.86937702508354,0.16740031497407165
150.0,0.7,3.0,0.8609671026315086,2.915495965086787,30.86096710263151,0.16756108938244102
175.0,0.7,3.0,0.8605525380282381,2.913721020266555,30.860552538028237,0.16746020349084767
200.0,0.7,3.0,0.8522535146127822,2.916066831411206,30.852253514612784,0.1676175636094453
225.0,0.7,3.0,0.8517460470999615,2.9143469151983528,30.85174604709996,0.1675200793380506
250.0,0.7,3.0,0.8435579506553186,2.916641818926715,30.843557950655317,0.16767424506218756
275.0,0.7,3.0,0.8429642987761872,2.914975969891202,30.842964298776188,0.16758009012707314
300.0,0.7,3.0,0.8348897414032306,2.917220073160494,30.83488974140323,0.16773105925542958
325.0,0.7,3.0,0.834204463430535,2.915610980599723,30.834204463430535,0.1676404042895358
350.0,0.7,3.0,0.8262486333786934,2.9177997418792945,30.826248633378693,0.16778790032021998
375.0,0.7,3.0,0.8254628816399199,2.9162487741906364,30.82546288163992,0.16770084935122953
400.0,0.7,3.0,0.8176272624444546,2.918376823802086,30.817627262444454,0.167844558094989
425.0,0.7,3.0,0.8167325567467718,2.9168832212872013,30.81673255674677,0.16776109181859716
450.0,0.7,3.0,0.8090100716977127,2.9189484806170922,30.809010071697713,0.16790091155844883
475.0,0.7,3.0,0.807999071399705,2.917510942732806,30.807999071399706,0.1678209764568063
500.0,0.7,3.0,0.8003745078906783,2.9195161913044583,30.800374507890677,0.1679571071480753
525.0,0.7,3.0,0.7992445109984948,2.9181325590332103,30.799244510998495,0.16788058765383135
550.0,0.7,3.0,0.7916991110100458,2.9200843278272703,30.791699111010047,0.16801345497165854
575.0,0.7,3.0,0.7904548936904897,2.9187506324765375,30.79045489369049,0.1679401109441547
600.0,0.7,3.0,0.7829753881968909,2.920654931171007,30.782975388196892,0.16807009588758168
625.0,0.7,3.0,0.781628124157948,2.919365804908287,30.781628124157947,0.16799958909175328
650.0,0.7,3.0,0.7742159766081556,2.921223107321915,30.774215976608154,0.16812671402702425
675.0,0.7,3.0,0.7727808262824771,2.919972657277268,30.772780826282478,0.16805866494691818
700.0,0.7,3.0,0.7654506247655868,2.9217783972081572,30.765450624765588,0.16818262617088225
725.0,0.7,3.0,0.7639431114705879,2.9205617490213545,30.76394311147059,0.1681167127204526
750.0,0.7,3.0,0.7567073756733933,2.9223138430105693,30.756707375673393,0.16823735478734925
775.0,0.7,3.0,0.7551354630120909,2.9211308955978805,30.755135463012092,0.16817355016597424
800.0,0.7,3.0,0.7479911377593979,2.9228358630620446,30.7479911377594,0.1682912554144753
825.0,0.7,3.0,0.7463492321604809,2.921693559016479,30.74634923216048,0.16822997544799043
850.0,0.7,3.0,0.7392806689197141,2.923363332677405,30.739280668919715,0.16834547272702272
875.0,0.7,3.0,0.7375562359876012,2.92227086515614,30.7375562359876,0.16828728205428936
900.0,0.7,3.0,0.7305486568893982,2.9239144815736866,30.730548656889397,0.16840113160622044
925.0,0.7,3.0,0.7287348614635243,2.922875893607327,30.728734861463526,0.16834628293128454
950.0,0.7,3.0,0.7217839916924189,2.9244946281464563,30.72178399169242,0.168458569568522
975.0,0.7,3.0,0.7198836369618309,2.923507306513617,30.719883636961832,0.16840690589625462
1000.0,0.7,3.0,0.7129975393459709,2.9250950356626153,30.71299753934597,0.1685172543692868
1025.0,0.7,3.0,0.7110176930191947,2.924153883576652,30.711017693019194,0.16846846384714126
1050.0,0.7,3.0,0.7042098716479891,2.9257022017313696,30.70420987164799,0.16857635216775174
1075.0,0.7,3.0,0.7021541186620905,2.9248046945823796,30.70215411866209,0.16853028054294542
1100.0,0.7,3.0,0.6954295181121558,2.9263110409489834,30.695429518112157,0.16863554666304562
1125.0,0.7,3.0,0.693293585324846,2.925459551937006,30.693293585324845,0.16859234343619522
1150.0,0.7,3.0,0.6866419019710654,2.926930195552051,30.686641901971065,0.16869537603918414
1175.0,0.7,3.0,0.6844179574839322,2.926128935727671,30.684417957483934,0.1686553065143384
1200.0,0.7,3.0,0.6778225244118796,2.927572872270833,30.67782252441188,0.168756669273926
1225.0,0.7,3.0,0.6755096756392065,2.9268214560252317,30.675509675639205,0.16871971486427226
1250.0,0.7,3.0,0.6689596650237424,2.9282429038369555,30.668959665023742,0.168819680360091
1275.0,0.7,3.0,0.6665686986219939,2.9275335603370887,30.666568698621994,0.16878536455944693
1300.0,0.7,3.0,0.6600617649262994,2.928930631395214,30.6600617649263,0.1688838300505144
1325.0,0.7,3.0,0.6576089762986753,2.9282517728319837,30.657608976298675,0.16885144082188808
1350.0,0.7,3.0,0.6511470433308633,2.9296193871064027,30.651147043330862,0.16894810756933706
1375.0,0.7,3.0,0.6486453236416174,2.928960663406857,30.648645323641617,0.16891701322744856
1400.0,0.7,3.0,0.6422312281932959,2.9302928983512766,30.642231228193296,0.16901153111440428
1425.0,0.7,3.0,0.6396858088394887,2.9296476434555703,30.639685808839488,0.16898133322202952
1450.0,0.7,3.0,0.63332060300493,2.930939708232875,30.63332060300493,0.16907342208351073
1475.0,0.7,3.0,0.6307303956226797,2.9303046405777446,30.63073039562268,0.1690439346619438
1500.0,0.7,3.0,0.6244119998399901,2.9315543898358842,30.62441199983999,0.16913347543825083
1525.0,0.7,3.0,0.6217744940483728,2.930927922707819,30.621774494048374,0.16910461412766511
1550.0,0.7,3.0,0.6155000569794841,2.9321355538406015,30.615500056979485,0.16919162502180252
1575.0,0.7,3.0,0.6128146980049092,2.9315172052710077,30.61281469800491,0.16916336377299118
1600.0,0.7,3.0,0.6065820739992422,2.9326853699081163,30.606582073999242,0.16924800270119428
1625.0,0.7,3.0,0.6038492748583717,2.9320771431651558,30.603849274858373,0.16922045621259876
1650.0,0.7,3.0,0.597655594492489,2.9332119387734177,30.59765559449249,0.16930308209611097
1675.0,0.7,3.0,0.5948760106444516,2.932618526159777,30.59487601064445,0.1692765196775532
1700.0,0.7,3.0,0.5887184750975304,2.9337281205717742,30.588718475097522,0.16935761099719643
1725.0,0.7,3.0,0.5858950874216259,2.933154591131863,30.585895087421562,0.16933231741827381
1750.0,0.7,3.0,0.5797734914230034,2.9342461980300016,30.57977349142258,0.16941229067943506
1775.0,0.7,3.0,0.5769105111679392,2.9336971882596634,30.576910511165238,0.16938852247376798
1800.0,0.7,3.0,0.5708254860031715,2.934776573627036,30.570825485987143,0.16946770851038961
1825.0,0.7,3.0,0.5679224171713749,2.934258482592495,30.567922417081977,0.16944583716874528
1850.0,0.7,3.0,0.5618717569508718,2.935331229599639,30.56187175648246,0.1695245643376104
1875.0,0.7,3.0,0.5589218453505664,2.9348523944455014,30.558921843044967,0.1695050908483086
1900.0,0.7,3.0,0.5529016212238504,2.935923056753393,30.552901610562863,0.16958363308868066
1925.0,0.7,3.0,0.5498989005746981,2.935489352077188,30.549898854265486,0.1695669143801649
1950.0,0.7,3.0,0.543908798732573,2.9365585400934036,30.543908609762077,0.1696453083308224
1975.0,0.7,3.0,0.540856351638417,2.9361685925898664,30.54085562724047,0.16963125888491642
2000.0,0.7,3.0,0.5349050488926654,2.937230413800982,30.534902440235445,0.16970914459181807
2025.0,0.7,3.0,0.5318174516765455,2.9368749644866274,30.531808626702922,0.16969720434395683
2050.0,0.7,3.0,0.5259217324119854,2.9379192646157195,30.52589368670381,0.16977399161964035
2075.0,0.7,3.0,0.5228168827704428,2.937589591204565,30.522733153751936,0.16976372929902805
2100.0,0.7,3.0,0.5169869673675396,2.9386182982108586,30.51675214352801,0.1698398195223822
2125.0,0.7,3.0,0.5138663251443389,2.9383348280720125,30.513247646729482,0.16983318810742054
2150.0,0.7,3.0,0.5080806950619726,2.9394113593938442,30.506549451279245,0.16991406126670042
2175.0,0.7,3.0,0.504899953428462,2.9393072710108905,30.501339704966753,0.16992255424326033
2200.0,0.7,3.0,0.4990670214397343,2.9406934621478413,30.491290723862967,0.1700307020112466
2225.0,0.7,3.0,0.4956795791513053,2.9412236897901023,30.479723652532776,0.1700936258658008
2250.0,0.7,3.0,0.4895643414557051,2.943654334451041,30.45880848791932,0.17029262961176908
2275.0,0.7,3.0,0.4856374345796073,2.945884563521147,30.42994577847685,0.17050245309839215
2300.0,0.7,3.0,0.4788074815917889,2.950740164282349,30.38407278332616,0.17091235982233635
2325.0,0.7,3.0,0.4738570678405161,2.9561974247072906,30.322471451059595,0.17140229503229865
2350.0,0.7,3.0,0.4658785260074071,2.964801781260252,30.238621798856563,0.17213935153344273
2375.0,0.7,3.0,0.4596799711712528,2.9740701303797095,30.13919661793112,0.17296206659211705
2400.0,0.7,3.0,0.4507232793034241,2.9856770799055643,30.02615181750458,0.17396364248860607
2425.0,0.7,3.0,0.4439921367917188,2.9962266602405414,29.91560441539941,0.17490058796516927
2450.0,0.7,3.0,0.43535203955110624,3.0064908796961687,29.817604207741887,0.17578791464861118
2475.0,0.7,3.0,0.4298057922049238,3.0127360817415725,29.751342528071483,0.17634912171870296
2500.0,0.7,3.0,0.42327354376609944,3.0160014695967203,29.7232735437661,0.17662359736128663
2525.0,0.7,3.0,0.42030863494710646,3.013697336548404,29.741845370813664,0.17643355093711857
2550.0,0.7,3.0,0.41647780967085196,3.0083565382840995,29.798729977861633,0.17595269562720978
2575.0,0.7,3.0,0.4157073770856133,2.999039163005856,29.887319655693307,0.17514758322499901
2600.0,0.7,3.0,0.41334198424381224,2.9892856462355875,29.988770522444966,0.17428242035903227
2625.0,0.7,3.0,0.4130679338247279,2.978585259738266,30.092584580584596,0.17335875817894733
2650.0,0.7,3.0,0.41046207666950923,2.9700103769706403,30.183205349518666,0.17259999699044137
2675.0,0.7,3.0,0.40934343420312785,2.9622947674053335,30.257957817422206,0.17193882764331636
2700.0,0.7,3.0,0.4056947959203118,2.957462031456894,30.310960097654682,0.17150817578328398
2725.0,0.7,3.0,0.403465067028153,2.9535072615432867,30.347773410925395,0.1711749157865949
2750.0,0.7,3.0,0.398905756150572,2.9518588231459804,30.36814990261419,0.17102197283201254
2775.0,0.7,3.0,0.3959264750190018,2.9503562582502307,30.379970548400475,0.17090166060530748
2800.0,0.7,3.0,0.3908835352833396,2.95037725143562,30.38310723770657,0.17089405459386256
2825.0,0.7,3.0,0.38754983787418357,2.949952441515213,30.383989589412472,0.1708669673777663
2850.0,0.7,3.0,0.38232981971906355,2.9505827612096933,30.380798575936335,0.17091245180996784
2875.0,0.7,3.0,0.37885773903358816,2.950507464566057,30.378239060618732,0.1709152900231585
2900.0,0.7,3.0,0.3735974539137265,2.951295169031238,30.373362630074197,0.17097464301279847
2925.0,0.7,3.0,0.370070406123856,2.951313291239009,30.36998667710535,0.17098519550584845
2950.0,0.7,3.0,0.36481700337621675,2.9521227632366123,30.364788957668043,0.17104673015990016
2975.0,0.7,3.0,0.361264804872824,2.95216784373175,30.3612559798992,0.17105929389633712
3000.0,0.7,3.0,0.35603426597679866,2.9529678398213015,30.35603165731958,0.1711203717135551
3025.0,0.7,3.0,0.3524694614437694,2.953025473697726,30.35246873704582,0.17113375488806604
3050.0,0.7,3.0,0.347267928125964,2.9538106374028863,30.347267739155466,0.17119392465769895
3075.0,0.7,3.0,0.34369344990631606,2.9538794267902233,30.343693403597104,0.17120799431501416
3100.0,0.7,3.0,0.3385209310547491,2.9546515949498633,30.338520920393762,0.17126734749281053
3125.0,0.7,3.0,0.3349326692833439,2.9547347785598355,30.334932666977743,0.17128229866525488
3150.0,0.7,3.0,0.32978489703307245,2.955498116705248,30.32978489656466,0.17134108714473967
3175.0,0.7,3.0,0.32617747150754,2.9555991970184494,30.32617747141814,0.17135713805549727
3200.0,0.7,3.0,0.32104927908323616,2.956356829194222,30.321049279067207,0.17141555728844607
3225.0,0.7,3.0,0.31741893589339465,2.956477323004945,30.317418935890693,0.1714328069070141
3250.0,0.7,3.0,0.31230480699358837,2.9572305925263422,30.31230480699316,0.1714909502993048
3275.0,0.7,3.0,0.30864804443913374,2.9573703113972796,30.30864804443907,0.17150939808757004
3300.0,0.7,3.0,0.30354297730056246,2.9581188354403327,30.303542977300555,0.17156725756486746
3325.0,0.7,3.0,0.29985777987750295,2.9582753091824916,30.299857779877502,0.1715867664536509
3350.0,0.7,3.0,0.29476110180952697,2.9590158319724296,30.294761101809527,0.17164415504325786
3375.0,0.7,3.0,0.2910507150603061,2.9591830996241684,30.291050715060305,0.17166437048798766
3400.0,0.7,3.0,0.2859677999336786,2.9599095071346793,30.28596779993368,0.17172091812485207
3425.0,0.7,3.0,0.28224006476664887,2.9600798865699893,30.28224006476665,0.1717413724708637
3450.0,0.7,3.0,0.27717717065043934,2.9607865897480115,30.27717717065044,0.1717967367680163
3475.0,0.7,3.0,0.2734363964624102,2.9609562785533727,30.27343639646241,0.17181719721181207
3500.0,0.7,3.0,0.2683913260182931,2.961643406054259,30.268391326018293,0.1718713913608885
3525.0,0.7,3.0,0.26463099883118774,2.9618165586621448,30.264630998831187,0.17189211748078492
3550.0,0.7,3.0,0.2595908289158056,2.9624909349870827,30.259590828915805,0.1719455738302584
3575.0,0.7,3.0,0.2557991221068212,2.962675719406189,30.255799122106822,0.17196707346650583
3600.0,0.7,3.0,0.2507518261642719,2.9633441673643626,30.250751826164272,0.17202022207571124
3625.0,0.7,3.0,0.24692557494675665,2.963544011139897,30.246925574946758,0.17204270359002355
3650.0,0.7,3.0,0.24187253424984487,2.9642065408834823,30.241872534249843,0.17209554115837625
3675.0,0.7,3.0,0.23802113630335786,2.964417581049645,30.23802113630336,0.1721187539848899
3700.0,0.7,3.0,0.23297367479120315,2.965069704182619,30.232973674791204,0.17217098764450492
3725.0,0.7,3.0,0.22910811323044708,2.96528713232288,30.229108113230446,0.1721946215973008
3750.0,0.7,3.0,0.2240746218212196,2.9659270350374243,30.22407462182122,0.17224612190309277
3775.0,0.7,3.0,0.2201979904322613,2.96615065862214,30.22019799043226,0.17227015713638696
3800.0,0.7,3.0,0.21517942437165263,2.9667809593151317,30.21517942437165,0.17232107316056505
3825.0,0.7,3.0,0.2112900005600704,2.9670134470891276,30.21129000056007,0.17234566975161314
3850.0,0.7,3.0,0.20628502394297615,2.9676372890055385,30.206285023942975,0.17239618768179263
3875.0,0.7,3.0,0.20238297693369917,2.9678802422279413,30.2023829769337,0.17242143839479762
3900.0,0.7,3.0,0.1973908088392733,2.968499133815234,30.197390808839273,0.17247164796417835
3925.0,0.7,3.0,0.1934778070240917,2.9687531973098213,30.19347780702409,0.17249758576036509
3950.0,0.7,3.0,0.1884961029477611,2.9693684168654446,30.18849610294776,0.17254756784934344
3975.0,0.7,3.0,0.18457167080726408,2.9696352768845915,30.184571670807266,0.1725742923533645
4000.0,0.7,3.0,0.1795968522975162,2.9702484847078816,30.179596852297514,0.17262415363767794
4025.0,0.7,3.0,0.17565977517544684,2.97052987366079,30.175659775175447,0.17265176933434134
4050.0,0.7,3.0,0.17069210858209696,2.97114079124055,30.1706921085821,0.17270149287731218
4075.0,0.7,3.0,0.16674547753322677,2.971435173163602,30.166745477533226,0.1727299019931837
4100.0,0.7,3.0,0.1617909674183381,2.97204025316882,30.161790967418337,0.17277926436802205
4125.0,0.7,3.0,0.1578405675743525,2.9723432542552883,30.157840567574354,0.17280819633668704
4150.0,0.7,3.0,0.1529028904595386,2.9729396304850306,30.15290289045954,0.17285702020985594
4175.0,0.7,3.0,0.1489484768224189,2.973248949131426,30.14894847682242,0.17288634206211642
4200.0,0.7,3.0,0.14402189283298886,2.9738381841175583,30.14402189283299,0.17293473452447236
4225.0,0.7,3.0,0.14005530041881306,2.974155448177113,30.140055300418812,0.1729645644817728
4250.0,0.7,3.0,0.13512999307897136,2.974741015823009,30.135129993078973,0.17301275560291568
4275.0,0.7,3.0,0.1311433539433518,2.975068433594639,30.13114335394335,0.17304324492492004
4300.0,0.7,3.0,0.12621484630431828,2.975651283687161,30.12621484630432,0.17309130281127036
4325.0,0.7,3.0,0.12220828982639242,2.975988292943911,30.122208289826393,0.1731224187380721
4350.0,0.7,3.0,0.11727997724463085,2.9765657795125984,30.117279977244632,0.17317017973110574
4375.0,0.7,3.0,0.1132610258990816,2.9769092221105495,30.11326102589908,0.17320171717700825
4400.0,0.7,3.0,0.10833895887735175,2.9774775779077536,30.10833895887735,0.1732489446037819
4425.0,0.7,3.0,0.10431434914115997,2.9778248524287734,30.10431434914116,0.17328073297194718
4450.0,0.7,3.0,0.09939979758177549,2.9783825971675966,30.099399797581775,0.1733273368305889
4475.0,0.7,3.0,0.09536824029396468,2.978734024862859,30.095368240293965,0.1733593986014809
4500.0,0.7,3.0,0.0904556424801128,2.9792828206279056,30.090455642480112,0.17340549142050396
4525.0,0.7,3.0,0.08640934457449645,2.9796403929695714,30.086409344574495,0.17343796507134454
4550.0,0.7,3.0,0.08149107080371958,2.9801828930957828,30.081491070803718,0.1734837231583169
4575.0,0.7,3.0,0.07742338938420103,2.9805475306751434,30.0774233893842,0.17351668164102585
4600.0,0.7,3.0,0.07249589007688431,2.9810849939871003,30.072495890076883,0.1735621884922011
4625.0,0.7,3.0,0.06840711942854022,2.981455574712715,30.06840711942854,0.17359556588428768
4650.0,0.7,3.0,0.06347337019260846,2.9819871219390133,30.063473370192607,0.17364076171114148
4675.0,0.7,3.0,0.05936982648133229,2.9823618798444107,30.059369826481333,0.17367443715723935
4700.0,0.7,3.0,0.05443609226209762,2.982885871164414,30.054436092262097,0.1737192083046744
4725.0,0.7,3.0,0.05032360229360196,2.9832647629869493,30.050323602293602,0.17375316258636803
4750.0,0.7,3.0,0.04539302562031337,2.983781278548465,30.045393025620314,0.17379750450670026
4775.0,0.7,3.0,0.04127199824872676,2.98416638654496,30.041271998248728,0.17383185784786578
4800.0,0.7,3.0,0.036342508240422,2.9846773577928363,30.036342508240423,0.17387588892011327
4825.0,0.7,3.0,0.032210701888761,2.985070044793654,30.03221070188876,0.1739107273747779
4850.0,0.7,3.0,0.027279450905243908,2.9855765213803487,30.027279450905244,0.17395451693550346
4875.0,0.7,3.0,0.023136411440315266,2.9859757469903143,30.023136411440316,0.17398978141064841
4900.0,0.7,3.0,0.01820205757288388,2.9864773501178816,30.018202057572886,0.17403331124065174
4925.0,0.7,3.0,0.014047953376274744,2.9868822525787637,30.014047953376274,0.17406895122083077
4950.0,0.7,3.0,0.009108997518530157,2.987379096260389,30.00910899751853,0.174112232273385
4975.0,0.7,3.0,0.004943752559753874,2.987790634436647,30.004943752559754,0.17414830404536355
5000.0,0.7,3.0,0.0,2.9882829976898804,30.0,0.17419135312497017
0.0,1.0499999999999998,0.5,0.018931982511956044,0.4996846659547551,30.018931982511955,0.0291181581281582
25.0,1.0499999999999998,0.5,0.018931982511956044,0.4995694879699599,30.018931982511955,0.029111446353707927
50.0,1.0499999999999998,0.5,0.01867785763680481,0.4995936895992201,30.018677857636806,0.029112979884912224
75.0,1.0499999999999998,0.5,0.018667092328950315,0.49948351091765314,30.01866709232895,0.029106564627121956
100.0,1.0499999999999998,0.5,0.018410912040059953,0.4995091692969522,30.01841091204006,0.029108184031543825
125.0,1.0499999999999998,0.5,0.01839114328020088,0.49940552454810555,30.0183911432802,0.029102153864386745
150.0,1.0499999999999998,0.5,0.018132837046505937,0.4994341073274497,30.018132837046505,0.02910394470462452
175.0,1.0499999999999998,0.5,0.018106743581988896,0.4993357476980148,30.01810674358199,0.02909822555794925
200.0,1.0499999999999998,0.5,0.01784661730730905,0.499366363915631,30.01784661730731,0.02910013576938488
225.0,1.0499999999999998,0.5,0.017815972563080217,0.4992705371516036,30.01781597256308,0.029094566400065518
250.0,1.0499999999999998,0.5,0.017554669314056054,0.4993005198969196,30.017554669314055,0.02909644026071769
275.0,1.0499999999999998,0.5,0.017519442364832397,0.4992046968263327,30.017519442364833,0.029090873298109304
300.0,1.0499999999999998,0.5,0.01725826462632299,0.4992310479801529,30.017258264626324,0.029092535461870548
325.0,1.0499999999999998,0.5,0.017217990404426318,0.49913395558308565,30.017217990404426,0.029086896945338156
350.0,1.0499999999999998,0.5,0.016959396987537224,0.4991546811590336,30.016959396987538,0.029088230018137977
375.0,1.0499999999999998,0.5,0.01691545429757597,0.4990561355330614,30.016915454297575,0.029082508560934535
400.0,1.0499999999999998,0.5,0.016662971157286745,0.49907082788207674,30.016662971157288,0.0290834870740598
425.0,1.0499999999999998,0.5,0.016619072124829142,0.49897115658733543,30.01661907212483,0.02907769996539401
450.0,1.0499999999999998,0.5,0.016376060505238564,0.4989809008054656,30.016376060505237,0.029078385520872788
475.0,1.0499999999999998,0.5,0.01633637609924537,0.4988806381342567,30.016336376099247,0.02907256187705192
500.0,1.0499999999999998,0.5,0.01610445324576443,0.4988873727041881,30.016104453245763,0.029073066655597127
525.0,1.0499999999999998,0.5,0.016071387526184595,0.49878707053667254,30.016071387526186,0.029067237475585542
550.0,1.0499999999999998,0.5,0.015849918159515194,0.49879249249626034,30.015849918159514,0.02906766068087981
575.0,1.0499999999999998,0.5,0.015823322548292978,0.49869246556698665,30.015823322548293,0.029061844380815098
600.0,1.0499999999999998,0.5,0.015610291647730189,0.4986970719526633,30.01561029164773,0.029062215954557994
625.0,1.0499999999999998,0.5,0.015588131260054101,0.4985973281956987,30.015588131260053,0.02905641398440867
650.0,1.0499999999999998,0.5,0.015381396089967114,0.4986004040928413,30.015381396089968,0.029056693301871904
675.0,1.0499999999999998,0.5,0.015361074621003194,0.49850087153131084,30.015361074621005,0.029050902725425053
700.0,1.0499999999999998,0.5,0.015158829734610024,0.4985015235247393,30.01515882973461,0.029051038595125322
725.0,1.0499999999999998,0.5,0.015138175756930617,0.4984023794830845,30.01513817575693,0.02904527079788952
750.0,1.0499999999999998,0.5,0.014938406232469528,0.49840069594667724,30.01493840623247,0.02904526934424054
775.0,1.0499999999999998,0.5,0.014915301305266592,0.4983026795195078,30.014915301305265,0.029039568423478716
800.0,1.0499999999999998,0.5,0.014714964903286085,0.4983000407269764,30.014714964903288,0.029039511555821986
825.0,1.0499999999999998,0.5,0.01468603825474651,0.49820461548675354,30.014686038254748,0.029033964434490637
850.0,1.0499999999999998,0.5,0.014481084715972753,0.49820304953999545,30.01448108471597,0.02903397230408103
875.0,1.0499999999999998,0.5,0.014441818481495823,0.49811200801348354,30.014441818481497,0.029028685630031168
900.0,1.0499999999999998,0.5,0.014228849130399785,0.4981130709767411,30.0142288491304,0.029028850564989644
925.0,1.0499999999999998,0.5,0.014176287385855356,0.49802747810435244,30.014176287385855,0.02902388782874289
950.0,1.0499999999999998,0.5,0.013955134511308193,0.49803127275036496,30.01395513451131,0.02902421590140411
975.0,1.0499999999999998,0.5,0.01389083745911729,0.49795056213578853,30.01389083745912,0.029019543339819064
1000.0,1.0499999999999998,0.5,0.01366573929930021,0.4979556035415029,30.0136657392993,0.02901994596475403
1025.0,1.0499999999999998,0.5,0.013595808062416708,0.49787779323872255,30.013595808062416,0.02901544512469554
1050.0,1.0499999999999998,0.5,0.013373737800260885,0.49788199214714807,30.01337373780026,0.02901579717369799
1075.0,1.0499999999999998,0.5,0.013305920073840051,0.49780486612894376,30.01330592007384,0.029011335164699517
1100.0,1.0499999999999998,0.5,0.013093224695317634,0.4978069368498199,30.013093224695318,0.02901155864159425
1125.0,1.0499999999999998,0.5,0.01303367130582122,0.4977291167965587,30.01303367130582,0.029007052165910898
1150.0,1.0499999999999998,0.5,0.012833420340956997,0.49772920250903724,30.012833420340957,0.02900715393109262
1175.0,1.0499999999999998,0.5,0.012784711803755067,0.4976503937499803,30.012784711803754,0.029002584570914813
1200.0,1.0499999999999998,0.5,0.012596132502606347,0.4976492893181542,30.012596132502605,0.029002611321877043
1225.0,1.0499999999999998,0.5,0.012556584289152515,0.4975697587082804,30.012556584289154,0.028997995445775127
1250.0,1.0499999999999998,0.5,0.01237611584809393,0.4975674731664575,30.012376115848095,0.028997949429983183
1275.0,1.0499999999999998,0.5,0.01234045391315454,0.4974872896723504,30.012340453913154,0.028993293607052027
1300.0,1.0499999999999998,0.5,0.012163211553882027,0.4974824963437608,30.012163211553883,0.028993099866088504
1325.0,1.0499999999999998,0.5,0.012124695854396326,0.4974013199036489,30.012124695854396,0.028988387533465037
1350.0,1.0499999999999998,0.5,0.011945736794322795,0.49739245136231,30.011945736794324,0.02898795710391183
1375.0,1.0499999999999998,0.5,0.011898722029756547,0.49731022516904366,30.011898722029756,0.02898318767535889
1400.0,1.0499999999999998,0.5,0.011714147182547055,0.497297188948921,30.01171414718255,0.028982517048003073
1425.0,1.0499999999999998,0.5,0.01165572991105268,0.4972149523332543,30.011655729911052,0.02897775249429935
1450.0,1.0499999999999998,0.5,0.011463679226444829,0.4971996503697525,30.011463679226445,0.02897695340871925
1475.0,1.0499999999999998,0.5,0.01139410038579462,0.49711934433326843,30.011394100385793,0.02897230673227252
1500.0,1.0499999999999998,0.5,0.011195353251654399,0.4971044917953198,30.011195353251654,0.028971537051200844
1525.0,1.0499999999999998,0.5,0.011117547166992084,0.49702778250494944,30.011117547166993,0.02896710393905622
1550.0,1.0499999999999998,0.5,0.010915259899498566,0.49701530113649117,30.010915259899498,0.028966474139882008
1575.0,1.0499999999999998,0.5,0.010833818150984607,0.4969425442290961,30.010833818150985,0.028962273103517497
1600.0,1.0499999999999998,0.5,0.010632539560324608,0.4969327607466022,30.010632539560323,0.028961800034664108
1625.0,1.0499999999999998,0.5,0.010552313351961993,0.49686290829083507,30.010552313351962,0.028957767660841238
1650.0,1.0499999999999998,0.5,0.010356803354447988,0.49685461456776503,30.010356803354448,0.028957378617281995
1675.0,1.0499999999999998,0.5,0.010281573678215798,0.49678586165921784,30.010281573678217,0.028953407892145837
1700.0,1.0499999999999998,0.5,0.010095423563313026,0.49677692348293867,30.0100954235633,0.028952976758166684
1725.0,1.0499999999999998,0.5,0.010027106572599209,0.4967075249940018,30.010027106572505,0.028948965050706762
1750.0,1.0499999999999998,0.5,0.009851405932307492,0.4966959271454183,30.009851405931666,0.028948373850830003
1775.0,1.0499999999999998,0.5,0.009789976423161725,0.4966249498596761,30.00978997641911,0.0289442667851327
1800.0,1.0499999999999998,0.5,0.009622978672839047,0.4966100183393922,30.0096229786488,0.02894347707922646
1825.0,1.0499999999999998,0.5,0.009566830440374903,0.49653796602099914,30.009566830306277,0.028939304791357916
1850.0,1.0499999999999998,0.5,0.009404859928071226,0.49652108181815885,30.009404859225455,0.028938398838490104
1875.0,1.0499999999999998,0.5,0.00935110537383914,0.49644999556922154,30.00935110191544,0.02893428168293721
1900.0,1.0499999999999998,0.5,0.009189838820640348,0.4964340529899897,30.00918982282916,0.02893343026014634
1925.0,1.0499999999999998,0.5,0.009134584741795593,0.49636656299729925,30.009134515277978,0.028929523431803158
1950.0,1.0499999999999998,0.5,0.008970191335483442,0.4963541494356305,30.008969907879738,0.02892887927849088
1975.0,1.0499999999999998,0.5,0.008909504180420252,0.49629165736295955,30.0089084175835,0.02892526670421272
2000.0,1.0499999999999998,0.5,0.008739822763561143,0.49628301167446653,30.00873590977773,0.02892484594741867
2025.0,1.0499999999999998,0.5,0.008671324395597505,0.4962243456008403,30.00865808693516,0.02892146421625129
2050.0,1.0499999999999998,0.5,0.00849656337565348,0.49621690401082574,30.008454494813392,0.028921128604835058
2075.0,1.0499999999999998,0.5,0.008420106327556279,0.49615948901305945,30.008294512799797,0.028917859356777827
2100.0,1.0499999999999998,0.5,0.0082419724748904,0.4961513966712718,30.007889736715594,0.02891758274012662
2125.0,1.0499999999999998,0.5,0.008158428731745812,0.496098123753888,30.007230411109465,0.0289147954486674
2150.0,1.0499999999999998,0.5,0.007977778755099044,0.4961012240288175,30.005680913081004,0.028915722723712897
2175.0,1.0499999999999998,0.5,0.007886633747141837,0.4960824530949075,30.00254626105458,0.028916139096314877
2200.0,1.0499999999999998,0.5,0.007700629602736865,0.49615894712189296,29.99603618323758,0.028923736021730553
2225.0,1.0499999999999998,0.5,0.0075968827061130475,0.4962869071146662,29.98366299277832,0.028937164309820476
2250.0,1.0499999999999998,0.5,0.007395922986658246,0.49662013694965834,29.961262142682077,0.028967416878857535
2275.0,1.0499999999999998,0.5,0.007266908692934365,0.49716248369460725,29.923729424538795,0.029017232246328403
2300.0,1.0499999999999998,0.5,0.007033304350527938,0.49810041233659336,29.864931256952087,0.029100579524628866
2325.0,1.0499999999999998,0.5,0.0068606498217084685,0.49944372952648747,29.779782224650326,0.0292207462246031
2350.0,1.0499999999999998,0.5,0.0065771967487998255,0.5013242034542376,29.665692106022533,0.02938711322611083
2375.0,1.0499999999999998,0.5,0.00635347492698827,0.5036243287275182,29.525628445066793,0.029591884466833047
2400.0,1.0499999999999998,0.5,0.0060284117176338204,0.5062702852043917,29.369171219019368,0.02982648589735547
2425.0,1.0499999999999998,0.5,0.0057852016736551415,0.508900262344907,29.2132036195852,0.030061356791192723
2450.0,1.0499999999999998,0.5,0.005474799216451721,0.5112194682448238,29.078853051502627,0.0302680361632304
2475.0,1.0499999999999998,0.5,0.00528642879453604,0.512762126541424,28.987591532594376,0.030407125724424295
2500.0,1.0499999999999998,0.5,0.0050695456251614555,0.5133111768269526,28.95506954562516,0.030456774708476502
2525.0,1.0499999999999998,0.5,0.004996612288217959,0.5126792687020273,28.987301716088055,0.03040236418200764
2550.0,1.0499999999999998,0.5,0.004900118684574538,0.5110520002936232,29.07827837097075,0.030258419798932405
2575.0,1.0499999999999998,0.5,0.004925167092970123,0.5086490373190442,29.212343585004515,0.030046958917079314
2600.0,1.0499999999999998,0.5,0.004895790012011052,0.5059303856295737,29.368038597313745,0.02980703576074011
2625.0,1.0499999999999998,0.5,0.004946271516445754,0.5031976078589696,29.52422124165625,0.029567515872890693
2650.0,1.0499999999999998,0.5,0.0049118420127540995,0.5008037983964431,29.664026751286485,0.02935743164913768
2675.0,1.0499999999999998,0.5,0.004933435985791003,0.49883353223323107,29.77785501081441,0.02918599007417952
2700.0,1.0499999999999998,0.5,0.004861373386991276,0.49739362981900304,29.86275932598855,0.029060343813526353
2725.0,1.0499999999999998,0.5,0.004845471427360748,0.49636696104341094,29.921307987273224,0.02897197325067964
2750.0,1.0499999999999998,0.5,0.004742024896962336,0.49573078818071065,29.958608244592384,0.02891682266584533
2775.0,1.0499999999999998,0.5,0.004704699373060487,0.49531702514461157,29.980770809445268,0.028882006075135486
2800.0,1.0499999999999998,0.5,0.004587735927074166,0.4951049164317703,29.99292328956192,0.028863788718737036
2825.0,1.0499999999999998,0.5,0.004545078436528401,0.49496282384704543,29.999204705743967,0.02885248382981761
2850.0,1.0499999999999998,0.5,0.004427200791251253,0.49491149653499916,30.002130335117158,0.028848085196890073
2875.0,1.0499999999999998,0.5,0.004387216975419536,0.4948601448371882,30.003459199353138,0.028844453151233202
2900.0,1.0499999999999998,0.5,0.0042741816090705,0.4948567093730132,30.003921945849772,0.028844030473189484
2925.0,1.0499999999999998,0.5,0.004239230685868005,0.4948305153893547,30.00411363715811,0.02884241155252574
2950.0,1.0499999999999998,0.5,0.004133422446820436,0.49483923139260894,30.004091353884558,0.02884293029662437
2975.0,1.0499999999999998,0.5,0.0041036240642210965,0.49481897292421495,30.004090386603785,0.02884174994651913
3000.0,1.0499999999999998,0.5,0.004005686686024466,0.4948294497026842,30.004001773700193,0.028842403202555135
3025.0,1.0499999999999998,0.5,0.003980139482033749,0.4948094051049706,30.003979052885114,0.0288412457719393
3050.0,1.0499999999999998,0.5,0.00388848113964215,0.49481809535780585,30.0038881976839,0.028841795973826544
3075.0,1.0499999999999998,0.5,0.003865109965315614,0.4947966257461028,30.0038650405015,0.02884055568975233
3100.0,1.0499999999999998,0.5,0.0037757152431201046,0.4948026775719838,30.00377569925164,0.028840951376021533
3125.0,1.0499999999999998,0.5,0.0037514386609688068,0.4947801875220846,30.00375143520257,0.02883965214217434
3150.0,1.0499999999999998,0.5,0.003659752386887507,0.4947846212578706,30.00365975168427,0.02883995463857611
3175.0,1.0499999999999998,0.5,0.003632145254771647,0.4947627306266441,30.003632145120676,0.028838691947073326
3200.0,1.0499999999999998,0.5,0.003536333106139902,0.4947675967174825,30.0035363330821,0.028839021627954157
3225.0,1.0499999999999998,0.5,0.003505886779416786,0.4947481138739419,30.00350588677537,0.028837900643395215
3250.0,1.0499999999999998,0.5,0.003408612734758769,0.4947553130702555,30.00340861273412,0.028838367018795007
3275.0,1.0499999999999998,0.5,0.003379056269184362,0.49473927389211847,30.00337905626909,0.028837446328871377
3300.0,1.0499999999999998,0.5,0.003285716093507428,0.4947496560861872,30.003285716093494,0.028838096345484156
3325.0,1.0499999999999998,0.5,0.0032615228655397616,0.4947370170841167,30.00326152286554,0.028837371266598792
3350.0,1.0499999999999998,0.5,0.003176332157189835,0.49475021606707986,30.00317633215719,0.0288381815539831
3375.0,1.0499999999999998,0.5,0.0031595927579984528,0.49474022331370804,30.003159592758,0.028837607137272625
3400.0,1.0499999999999998,0.5,0.003083021660788275,0.4947551519337898,30.00308302166079,0.028838514101808536
3425.0,1.0499999999999998,0.5,0.0030722687295970776,0.49474691308643304,30.003072268729596,0.028838039039807153
3450.0,1.0499999999999998,0.5,0.0030015007414415907,0.4947624276932932,30.00300150074144,0.028838977373598557
3475.0,1.0499999999999998,0.5,0.00299294706906865,0.494755205234364,30.002992947069067,0.02883856049789321
3500.0,1.0499999999999998,0.5,0.0029239335707590725,0.4947703594932587,30.00292393357076,0.028839476986174617
3525.0,1.0499999999999998,0.5,0.0029135944528787586,0.4947634806323327,30.002913594452878,0.028839080995953528
3550.0,1.0499999999999998,0.5,0.00284255429149752,0.49477735176577287,30.002842554291497,0.02883992366844456
3575.0,1.0499999999999998,0.5,0.0028274984968137255,0.4947700985383527,30.002827498496814,0.028839508123330585
3600.0,1.0499999999999998,0.5,0.002751449746094113,0.49478177112325167,30.002751449746093,0.028840225054146785
3625.0,1.0499999999999998,0.5,0.002730004746247585,0.4947734809142935,30.002730004746248,0.028839752134857802
3650.0,1.0499999999999998,0.5,0.002647454965819725,0.49478238206500663,30.00264745496582,0.028840310648017366
3675.0,1.0499999999999998,0.5,0.0026195464800487338,0.49477250965869257,30.002619546480048,0.028839748609896635
3700.0,1.0499999999999998,0.5,0.002531659372545276,0.4947786467324475,30.002531659372544,0.028840148574178777
3725.0,1.0499999999999998,0.5,0.002499449163367687,0.4947667892040601,30.002499449163366,0.02883947289159029
3750.0,1.0499999999999998,0.5,0.002410128876598304,0.4947707529373286,30.002410128876598,0.028839746863093995
3775.0,1.0499999999999998,0.5,0.0023774919669238095,0.4947570825696276,30.002377491966925,0.028838965715182872
3800.0,1.0499999999999998,0.5,0.002291239851144148,0.4947601186419319,30.002291239851143,0.028839184139320493
3825.0,1.0499999999999998,0.5,0.002261712031973916,0.4947460666450105,30.002261712031974,0.02883837925046322
3850.0,1.0499999999999998,0.5,0.0021808247397346998,0.4947500576802179,30.002180824739735,0.028838650760030598
3875.0,1.0499999999999998,0.5,0.0021558971775759725,0.4947382669734469,30.002155897177577,0.0288379754677385
3900.0,1.0499999999999998,0.5,0.002079732399375973,0.49474516867680157,30.002079732399377,0.028838414368839174
3925.0,1.0499999999999998,0.5,0.0020590441528722642,0.4947381914922429,30.002059044152873,0.028838017615500703
3950.0,1.0499999999999998,0.5,0.001985897009850273,0.49474905998042906,30.00198589700985,0.028838686289111647
3975.0,1.0499999999999998,0.5,0.0019686080715694268,0.49474759908100346,30.001968608071568,0.028838609443249025
4000.0,1.0499999999999998,0.5,0.0018979078644804487,0.49476187286552703,30.001897907864482,0.028839475435972838
4025.0,1.0499999999999998,0.5,0.0018834301853741897,0.4947641015816295,30.001883430185373,0.02883961230536479
4050.0,1.0499999999999998,0.5,0.001815796075425376,0.4947797587374892,30.001815796075427,0.028840557463124545
4075.0,1.0499999999999998,0.5,0.0018031365682757133,0.49478253951613177,30.001803136568277,0.028840725638630875
4100.0,1.0499999999999998,0.5,0.0017383956458612393,0.4947972353990353,30.001738395645862,0.028841613375922604
4125.0,1.0499999999999998,0.5,0.0017252526668615593,0.4947982617603689,30.001725252666862,0.02884167951967548
4150.0,1.0499999999999998,0.5,0.0016609290527247829,0.4948106154192893,30.001660929052726,0.028842430530739992
4175.0,1.0499999999999998,0.5,0.0016441059305263,0.49480949510768313,30.001644105930527,0.02884237331449109
4200.0,1.0499999999999998,0.5,0.0015762191472630368,0.49481935646710945,30.001576219147264,0.028842980764210498
4225.0,1.0499999999999998,0.5,0.0015531428346245105,0.49481684397573383,30.001553142834624,0.02884284540381686
4250.0,1.0499999999999998,0.5,0.0014783836866538178,0.4948244591269826,30.001478383686653,0.028843325227081138
4275.0,1.0499999999999998,0.5,0.001448130065486916,0.4948209989349777,30.001448130065487,0.028843138075213246
4300.0,1.0499999999999998,0.5,0.0013654760774900253,0.49482620779549946,30.00136547607749,0.028843481431847416
4325.0,1.0499999999999998,0.5,0.0013286839958483393,0.4948213328871278,30.001328683995848,0.028843214958728887
4350.0,1.0499999999999998,0.5,0.001239688388587569,0.4948237298931373,30.001239688388587,0.028843397460992338
4375.0,1.0499999999999998,0.5,0.0011980965989796843,0.4948167726116124,30.00119809659898,0.02884301191238894
4400.0,1.0499999999999998,0.5,0.0011060266898219662,0.49481659981923604,30.001106026689822,0.028843046098148674
4425.0,1.0499999999999998,0.5,0.001062156808666612,0.4948079282892878,30.001062156808665,0.028842561719292552
4450.0,1.0499999999999998,0.5,0.0009704825184899837,0.4948066739670686,30.00097048251849,0.028842532671442805
4475.0,1.0499999999999998,0.5,0.0009271770150139034,0.49479810790606216,30.000927177015015,0.028842054167718994
4500.0,1.0499999999999998,0.5,0.0008382411851243854,0.4947979682547246,30.000838241185125,0.028842088777661097
4525.0,1.0499999999999998,0.5,0.0007978457781771207,0.49479177427441695,30.000797845778177,0.028841747143968997
4550.0,1.0499999999999998,0.5,0.0007124464808388552,0.49479429033020966,30.00071244648084,0.028841934856849726
4575.0,1.0499999999999998,0.5,0.0006761753671835151,0.4947917273676382,30.000676175367182,0.0288418028948119
4600.0,1.0499999999999998,0.5,0.0005941942447209859,0.49479696162660264,30.00059419424472,0.02884214741159119
4625.0,1.0499999999999998,0.5,0.0005624038711468139,0.49479782779361187,30.000562403871147,0.02884221318267021
4650.0,1.0499999999999998,0.5,0.00048403073660527915,0.4948048712821097,30.000484030736605,0.028842661428137312
4675.0,1.0499999999999998,0.5,0.00045720512619980226,0.49480825579524185,30.0004572051262,0.02884287160998396
4700.0,1.0499999999999998,0.5,0.00038368453423338146,0.4948163057272646,30.000383684534235,0.028843376191147487
4725.0,1.0499999999999998,0.5,0.0003628768324182078,0.4948214959051226,30.00036287683242,0.028843688734934897
4750.0,1.0499999999999998,0.5,0.00029584164258685485,0.49483026183685425,30.000295841642586,0.028844231936665642
4775.0,1.0499999999999998,0.5,0.0002818698485111688,0.49483683879131946,30.00028186984851,0.028844622031783416
4800.0,1.0499999999999998,0.5,0.00022184934654238792,0.49484603312865916,30.00022184934654,0.028845186835320346
4825.0,1.0499999999999998,0.5,0.00021413895459158116,0.4948533085186407,30.000214138954593,0.028845614633616533
4850.0,1.0499999999999998,0.5,0.00015979695589303424,0.49486208778826496,30.00015979695589,0.028846152513943762
4875.0,1.0499999999999998,0.5,0.0001561992729342428,0.49486886211750797,30.000156199272933,0.028846549128045712
4900.0,1.0499999999999998,0.5,0.00010492800228887992,0.4948759587739255,30.00010492800229,0.02884698745161531
4925.0,1.0499999999999998,0.5,0.00010288539480143832,0.49488104251813225,30.000102885394803,0.02884728477198334
4950.0,1.0499999999999998,0.5,5.223599330546207e-05,0.494885328065336,30.000052235993305,0.028847558934108192
4975.0,1.0499999999999998,0.5,5.036060359755497e-05,0.49488808403696205,30.0000503606036,0.028847720485231505
5000.0,1.0499999999999998,0.5,0.0,0.49488891479904956,30.0,0.028847793124692798
0.0,1.0499999999999998,1.0,0.08497026359411441,0.9971756573847461,30.084970263594116,0.05804467330493733
25.0,1.0499999999999998,1.0,0.08497026359411441,0.9968040064065712,30.084970263594116,0.05802303984502295
50.0,1.0499999999999998,1.0,0.08399646211601165,0.9969659777744239,30.083996462116012,0.05803340727966009
75.0,1.0499999999999998,1.0,0.08399374715157114,0.9965996183799157,30.08399374715157,0.05801208411047983
100.0,1.0499999999999998,1.0,0.08303032154967808,0.9967570375645696,30.08303032154968,0.05802217655818147
125.0,1.0499999999999998,1.0,0.08301321097434518,0.996398007156802,30.083013210974347,0.05800129355111367
150.0,1.0499999999999998,1.0,0.0820477957531451,0.9965536350762499,30.082047795753144,0.05801128365111863
175.0,1.0499999999999998,1.0,0.08199993740197635,0.9962071938594559,30.081999937401978,0.057991162778453
200.0,1.0499999999999998,1.0,0.0810237567616348,0.9963633743206335,30.081023756761635,0.0580011954436227
225.0,1.0499999999999998,1.0,0.08093591247858122,0.9960335460954141,30.08093591247858,0.057982079849440024
250.0,1.0499999999999998,1.0,0.07994850516647047,0.9961912947628158,30.07994850516647,0.05799221467489807
275.0,1.0499999999999998,1.0,0.07982562889774968,0.9958772444830934,30.07982562889775,0.057974050984329416
300.0,1.0499999999999998,1.0,0.07883529860332376,0.9960350882722497,30.078835298603323,0.057984194237507766
325.0,1.0499999999999998,1.0,0.07869239681474485,0.9957316159361332,30.078692396814745,0.05796666528925391
350.0,1.0499999999999998,1.0,0.07771127210397274,0.9958860485874405,30.077711272103972,0.0579766011745722
375.0,1.0499999999999998,1.0,0.0775623640545105,0.9955877839283497,30.07756236405451,0.057959380841707736
400.0,1.0499999999999998,1.0,0.07659923319550911,0.9957358010401589,30.07659923319551,0.05796892597745675
425.0,1.0499999999999998,1.0,0.076450437271732,0.9954406761641038,30.07645043727173,0.05795188799162829
450.0,1.0499999999999998,1.0,0.07550754638446348,0.9955817005312052,30.075507546384465,0.05796100659255753
475.0,1.0499999999999998,1.0,0.0753591948966061,0.9952906083458966,30.075359194896606,0.05794420262909274
500.0,1.0499999999999998,1.0,0.07443510985614518,0.99542567289886,30.074435109856147,0.05795295619602989
525.0,1.0499999999999998,1.0,0.07428740150796012,0.9951397623925704,30.07428740150796,0.05793645297047811
550.0,1.0499999999999998,1.0,0.073381594476323,0.9952693130036069,30.073381594476324,0.05794486795792099
575.0,1.0499999999999998,1.0,0.07323753484860956,0.9949877410866951,30.07323753484861,0.05792861350630881
600.0,1.0499999999999998,1.0,0.07235211722478406,0.9951104743285409,30.072352117224785,0.05793661198080429
625.0,1.0499999999999998,1.0,0.07221664590498965,0.9948300189363557,30.07221664590499,0.05792041396850186
650.0,1.0499999999999998,1.0,0.07135480738582575,0.9949432882884581,30.071354807385827,0.057927838752568336
675.0,1.0499999999999998,1.0,0.07123094472281724,0.994660148553097,30.071230944722817,0.05791147298717475
700.0,1.0499999999999998,1.0,0.07039414001761385,0.9947609114437496,30.070394140017616,0.05791814550347921
725.0,1.0499999999999998,1.0,0.0702787135118831,0.9944732156439186,30.070278713511883,0.0579015060674127
750.0,1.0499999999999998,1.0,0.06946439322942716,0.9945589652498081,30.069464393229428,0.057907282778313134
775.0,1.0499999999999998,1.0,0.0693478012656453,0.99426752849197,30.069347801265646,0.0578904263734953
800.0,1.0499999999999998,1.0,0.06854907869153419,0.9943374785867892,30.068549078691536,0.057895268093402896
825.0,1.0499999999999998,1.0,0.06842023192955778,0.9940447424124904,30.068420231929558,0.057878347546364554
850.0,1.0499999999999998,1.0,0.06762802151928145,0.9941012814118596,30.06762802151928,0.05788240205153244
875.0,1.0499999999999998,1.0,0.0674796160166489,0.9938108343438417,30.067479616016648,0.05786563332577205
900.0,1.0499999999999998,1.0,0.066685374119582,0.9938606596369088,30.066685374119583,0.05786929877635001
925.0,1.0499999999999998,1.0,0.06651500654831427,0.9935779295586125,30.066515006548315,0.05785300022347545
950.0,1.0499999999999998,1.0,0.065712676985018,0.9936312082726874,30.06571267698502,0.05785687444477479
975.0,1.0499999999999998,1.0,0.06552151569894571,0.9933627743527256,30.065521515698947,0.057841428032629864
1000.0,1.0499999999999998,1.0,0.06470958994905787,0.9934290747934085,30.064709589949057,0.05784606964597192
1025.0,1.0499999999999998,1.0,0.0645018325413464,0.9931795387006427,30.064501832541346,0.05783173930606069
1050.0,1.0499999999999998,1.0,0.06368511291373977,0.9932624938523898,30.06368511291374,0.057837355290216975
1075.0,1.0499999999999998,1.0,0.06346744174445398,0.9930315941210277,30.063467441744454,0.05782411940657911
1100.0,1.0499999999999998,1.0,0.06265592572921314,0.9931263350629472,30.062655925729214,0.05783041668693635
1125.0,1.0499999999999998,1.0,0.062435196443742284,0.9929087721639224,30.062435196443744,0.0578179601115384
1150.0,1.0499999999999998,1.0,0.06163882697441313,0.9930043857573478,30.061638826974413,0.057824293678854395
1175.0,1.0499999999999998,1.0,0.061418864573936804,0.992792058088592,30.061418864573938,0.05781214099369879
1200.0,1.0499999999999998,1.0,0.06064114362079943,0.9928774347921836,30.0606411436208,0.05781786054873737
1225.0,1.0499999999999998,1.0,0.06042086835275042,0.9926627543468218,30.06042086835275,0.05780557093384508
1250.0,1.0499999999999998,1.0,0.05965719478958148,0.9927315054790539,30.059657194789583,0.057810308836621596
1275.0,1.0499999999999998,1.0,0.05943199959347533,0.9925102381536923,30.059431999593475,0.05779764014735002
1300.0,1.0499999999999998,1.0,0.0586750679261671,0.99256155452429,30.058675067926167,0.057801356251950306
1325.0,1.0499999999999998,1.0,0.05844176933131817,0.9923331597586439,30.058441769331317,0.05778828005053536
1350.0,1.0499999999999998,1.0,0.057689032168684776,0.9923693299236169,30.057689032168685,0.057791110031443944
1375.0,1.0499999999999998,1.0,0.05745011737976837,0.9921349984936559,30.05745011737977,0.05777769325143236
1400.0,1.0499999999999998,1.0,0.05670549995523418,0.9921589766492152,30.056705499955235,0.05777980533456027
1425.0,1.0499999999999998,1.0,0.056466350926050554,0.9919207101223683,30.05646635092605,0.057766159352017926
1450.0,1.0499999999999998,1.0,0.05573411789051194,0.9919361610732866,30.055734117890513,0.057767762834860716
1475.0,1.0499999999999998,1.0,0.05549501615937527,0.9916981278574188,30.055495016159377,0.057754130129638405
1500.0,1.0499999999999998,1.0,0.05477273053660713,0.9917106152743587,30.05477273053661,0.05775555135412854
1525.0,1.0499999999999998,1.0,0.054525586905213086,0.9914795140109908,30.054525586905214,0.05774232981803706
1550.0,1.0499999999999998,1.0,0.05380398794013101,0.991495849619589,30.05380398794013,0.057743974390984915
1575.0,1.0499999999999998,1.0,0.05353842424745766,0.9912778604987912,30.053538424247456,0.05773153393457431
1600.0,1.0499999999999998,1.0,0.05280782588652962,0.9913031962533163,30.05280782588653,0.05773371123091979
1625.0,1.0499999999999998,1.0,0.05252027766051254,0.9910999267112828,30.052520277660513,0.05772214891536316
1650.0,1.0499999999999998,1.0,0.05177795058220644,0.9911347231696963,30.051777950582206,0.057724888413696655
1675.0,1.0499999999999998,1.0,0.05147561224280034,0.990942235399627,30.0514756122428,0.057713968011250144
1700.0,1.0499999999999998,1.0,0.05072945401546232,0.9909817438411709,30.05072945401545,0.05771698558408214
1725.0,1.0499999999999998,1.0,0.05042706724673384,0.9907936691016673,30.050427067246638,0.05770632202896401
1750.0,1.0499999999999998,1.0,0.04969265428526544,0.9908311738242552,30.049692654284627,0.057709211590766654
1775.0,1.0499999999999998,1.0,0.04940503166807681,0.9906431842578746,30.049405031664026,0.0576985386038731
1800.0,1.0499999999999998,1.0,0.048697292855913274,0.9906744493112454,30.04869729283187,0.05770103909647141
1825.0,1.0499999999999998,1.0,0.0484320148205471,0.9904863851252602,30.04843201468645,0.05769034010236466
1850.0,1.0499999999999998,1.0,0.04775741093152428,0.990510939729855,30.047757410228908,0.057692417889435306
1875.0,1.0499999999999998,1.0,0.04751147586910033,0.9903251728436525,30.0475114724107,0.05768183393729077
1900.0,1.0499999999999998,1.0,0.046865191402140405,0.990344001817977,30.046865175410662,0.05768355100340268
1925.0,1.0499999999999998,1.0,0.04662626122009439,0.9901623396404392,30.04662619175628,0.05767319927095424
1950.0,1.0499999999999998,1.0,0.04599392389018043,0.9901758852473034,30.045993640434435,0.05767459534649821
1975.0,1.0499999999999998,1.0,0.045744333785252195,0.9899983121735345,30.04574324718833,0.0576644925586333
2000.0,1.0499999999999998,1.0,0.045106866508764484,0.9900068485774914,30.04510295352293,0.05766560422748081
2025.0,1.0499999999999998,1.0,0.04482973943977968,0.9898321837506805,30.044816501979344,0.057655705253040555
2050.0,1.0499999999999998,1.0,0.04417088521629681,0.989836801387106,30.044128816654034,0.0576566340660105
2075.0,1.0499999999999998,1.0,0.043856887475178984,0.9896646344874876,30.04373129394742,0.0576469869539747
2100.0,1.0499999999999998,1.0,0.043169854326886054,0.989670397586823,30.04281761856759,0.05764819924001355
2125.0,1.0499999999999998,1.0,0.04281972794064515,0.9895111106057808,30.041891710318364,0.05763980901506576
2150.0,1.0499999999999998,1.0,0.04210687797912987,0.9895470498553276,30.039810012305036,0.05764389970389859
2175.0,1.0499999999999998,1.0,0.041725479990973015,0.9894630499190015,30.03638510729841,0.057642292527406845
2200.0,1.0499999999999998,1.0,0.040987059907863325,0.9896528822248799,30.029322613542707,0.057660130672519655
2225.0,1.0499999999999998,1.0,0.040566932594367,0.989867485397112,30.016633042666573,0.05768482339646683
2250.0,1.0499999999999998,1.0,0.03977973444372192,0.9905730914814466,29.993645954139144,0.05774805910626253
2275.0,1.0499999999999998,1.0,0.039279229653418145,0.991618947220483,29.955741745499278,0.05784559249914434
2300.0,1.0499999999999998,1.0,0.03838080052784944,0.99353087309279,29.89627875312941,0.05801473277683114
2325.0,1.0499999999999998,1.0,0.037725054662338095,0.9961777587640359,29.810646629490957,0.058252777746868135
2350.0,1.0499999999999998,1.0,0.03664415341406499,0.9999683208342632,29.6957590626878,0.05858744010730509
2375.0,1.0499999999999998,1.0,0.03579299377843224,1.004524632341801,29.555067963918237,0.058994307266055306
2400.0,1.0499999999999998,1.0,0.034552837651643374,1.0098396066956903,29.397695644953377,0.05946497651608997
2425.0,1.0499999999999998,1.0,0.03361974796508525,1.015050054652793,29.241038165876628,0.05993169510266827
2450.0,1.0499999999999998,1.0,0.03243266468585166,1.019708208875204,29.10581091697203,0.06034642679645135
2475.0,1.0499999999999998,1.0,0.03170453061949246,1.0227404679113994,29.01400963441933,0.060621553480247795
2500.0,1.0499999999999998,1.0,0.030871940250189203,1.0238601904184896,28.98087194025019,0.060722609896408444
2525.0,1.0499999999999998,1.0,0.030584262791280566,1.0225450349435663,29.012889366591118,0.060611139604167176
2550.0,1.0499999999999998,1.0,0.030202319077830404,1.0193190071598197,29.103580571364006,0.06032570519248279
2575.0,1.0499999999999998,1.0,0.03028376631553281,1.014469337918931,29.23770218422708,0.05990082479885931
2600.0,1.0499999999999998,1.0,0.030138960318837296,1.0090689567378526,29.39328176762057,0.05942405759728162
2625.0,1.0499999999999998,1.0,0.030305619165567843,1.00356899913375,29.54958058930537,0.05894365645663675
2650.0,1.0499999999999998,1.0,0.030122755834597136,0.9988230763340405,29.68923766510833,0.058526767835915636
2675.0,1.0499999999999998,1.0,0.030168632073873967,0.9948541896263324,29.803090206902493,0.05818275490559851
2700.0,1.0499999999999998,1.0,0.029835987478047957,0.9920153303530755,29.887733940079606,0.05793451635242547
2725.0,1.0499999999999998,1.0,0.029734759185607824,0.9899352317506332,29.94619727503147,0.05775657571027327
2750.0,1.0499999999999998,1.0,0.029287846751205392,0.9886997037213409,29.983154066446627,0.05764892883383216
2775.0,1.0499999999999998,1.0,0.029101839486929147,0.9878447681496058,30.005167949559137,0.05757794617344602
2800.0,1.0499999999999998,1.0,0.02860807642743862,0.9874533372572906,30.016943630062283,0.0575438404851218
2825.0,1.0499999999999998,1.0,0.02839074705448265,0.9871416347464943,30.023050374361922,0.057519825309884115
2850.0,1.0499999999999998,1.0,0.027886643696665808,0.9870701005770006,30.02558977802257,0.0575132248457044
2875.0,1.0499999999999998,1.0,0.027658872347665793,0.986941289096304,30.026730854725383,0.057504626760488335
2900.0,1.0499999999999998,1.0,0.02715369460670717,0.9869659887646427,30.02680145884741,0.057505998289930284
2925.0,1.0499999999999998,1.0,0.026920922173196537,0.9868893108627975,30.026795328645438,0.057501536488654637
2950.0,1.0499999999999998,1.0,0.02641689500411203,0.9869390206774968,30.02637482644185,0.05750483550964144
2975.0,1.0499999999999998,1.0,0.026182711585636814,0.9868750345092304,30.0261694741252,0.05750130392941287
3000.0,1.0499999999999998,1.0,0.025682934859692523,0.9869278697671345,30.02567902187386,0.05750485207950142
3025.0,1.0499999999999998,1.0,0.02545069774380985,0.9868639036651748,30.02544961114689,0.057501344666845144
3050.0,1.0499999999999998,1.0,0.024957739543810063,0.9869117327796632,30.024957456088067,0.05750460280201115
3075.0,1.0499999999999998,1.0,0.024729350628219234,0.9868440719642259,30.024729281164404,0.0575008788840381
3100.0,1.0499999999999998,1.0,0.02424387828976781,0.9868850182496018,30.024243862298288,0.057503729561271553
3125.0,1.0499999999999998,1.0,0.02402015297701736,0.9868151277486166,30.024020149518616,0.05749987140591675
3150.0,1.0499999999999998,1.0,0.023542342031857916,0.9868518819551643,30.023542341329243,0.05750247055943408
3175.0,1.0499999999999998,1.0,0.02332393885152172,0.9867847639740166,30.023323938717425,0.05749876882339957
3200.0,1.0499999999999998,1.0,0.022855298532653865,0.9868227243066469,30.022855298508613,0.057501429504155765
3225.0,1.0499999999999998,1.0,0.022642801816883277,0.9867646652894071,30.022642801812832,0.05749824993001577
3250.0,1.0499999999999998,1.0,0.022185603278698666,0.9868094707569226,30.02218560327806,0.057501298550375925
3275.0,1.0499999999999998,1.0,0.021978756135842048,0.9867650288688495,30.021978756135745,0.05749890700418176
3300.0,1.0499999999999998,1.0,0.021533931972723817,0.9868199119979626,30.02153393197271,0.05750253104823462
3325.0,1.0499999999999998,1.0,0.021331422982866735,0.9867892299025955,30.02133142298287,0.05750093712130947
3350.0,1.0499999999999998,1.0,0.0208979763705009,0.9868529879621115,30.020897976370502,0.057505067479787376
3375.0,1.0499999999999998,1.0,0.02069864479185331,0.9868312085469384,30.020698644791853,0.057503989274701524
3400.0,1.0499999999999998,1.0,0.020274813496294616,0.9868982801478552,30.020274813496293,0.05750830357926461
3425.0,1.0499999999999998,1.0,0.02007857901381758,0.9868781071023938,30.020078579013816,0.057507316015577625
3450.0,1.0499999999999998,1.0,0.019662054141259266,0.9869414790469986,30.01966205414126,0.057511407805855785
3475.0,1.0499999999999998,1.0,0.01946857759937569,0.9869173027129433,30.019468577599376,0.05751018432054266
3500.0,1.0499999999999998,1.0,0.0190549771521836,0.9869723789767407,30.019054977152184,0.05751378996108118
3525.0,1.0499999999999998,1.0,0.018861084238667527,0.9869426860803223,30.01886108423867,0.05751224540441764
3550.0,1.0499999999999998,1.0,0.018443210516884877,0.9869891142815397,30.018443210516885,0.05751535124024678
3575.0,1.0499999999999998,1.0,0.018241976552903834,0.9869557524925064,30.018241976552904,0.05751359990728215
3600.0,1.0499999999999998,1.0,0.01781215522815853,0.9869962959071102,30.01781215522816,0.05751637430404862
3625.0,1.0499999999999998,1.0,0.017595822942531314,0.9869619765842506,30.017595822942532,0.057514581622874886
3650.0,1.0499999999999998,1.0,0.01715086709181541,0.9869999019839855,30.017150867091814,0.05751721799668737
3675.0,1.0499999999999998,1.0,0.016916870903649243,0.9869661000938691,30.01691687090365,0.05751547237739779
3700.0,1.0499999999999998,1.0,0.016462107134161307,0.9870031532935053,30.01646210713416,0.05751806736164214
3725.0,1.0499999999999998,1.0,0.01621734509190672,0.9869698403032122,30.016217345091906,0.05751636053381695
3750.0,1.0499999999999998,1.0,0.01576532723712802,0.9870060403324866,30.015765327237126,0.05751890320964174
3775.0,1.0499999999999998,1.0,0.015523344411898465,0.9869733690742184,30.0155233444119,0.05751723110311714
3800.0,1.0499999999999998,1.0,0.015086464844857322,0.9870085618689377,30.015086464844856,0.05751970061627031
3825.0,1.0499999999999998,1.0,0.014858486653598733,0.9869787785075128,30.014858486653598,0.057518183376027696
3850.0,1.0499999999999998,1.0,0.01444100256494236,0.9870144444169441,30.014441002564944,0.057520661914940215
3875.0,1.0499999999999998,1.0,0.014228619880013317,0.986991656196574,30.014228619880015,0.05751953738106121
3900.0,1.0499999999999998,1.0,0.013825415092544346,0.9870309278812316,30.013825415092544,0.0575222124137858
3925.0,1.0499999999999998,1.0,0.013621563780355549,0.9870184714607629,30.013621563780355,0.057521681819692104
3950.0,1.0499999999999998,1.0,0.013224277690184938,0.9870639619647035,30.013224277690185,0.05752471364992447
3975.0,1.0499999999999998,1.0,0.013020838626292143,0.9870616323498616,30.013020838626293,0.05752477284403673
4000.0,1.0499999999999998,1.0,0.012624789341849803,0.9871128665610368,30.01262478934185,0.05752813828213814
4025.0,1.0499999999999998,1.0,0.012418756875629964,0.9871164513643971,30.01241875687563,0.05752854466461453
4050.0,1.0499999999999998,1.0,0.012024152165578868,0.987169402247204,30.01202415216558,0.05753200882780372
4075.0,1.0499999999999998,1.0,0.011816456017589391,0.9871731193743055,30.011816456017588,0.057532424536064976
4100.0,1.0499999999999998,1.0,0.01142367208070055,0.9872226963376479,30.0114236720807,0.05753569038475712
4125.0,1.0499999999999998,1.0,0.011213521523853746,0.9872225114276373,30.011213521523853,0.05753588105173846
4150.0,1.0499999999999998,1.0,0.010818747244285548,0.9872656234354474,30.010818747244286,0.05753877208395188
4175.0,1.0499999999999998,1.0,0.010601392931653278,0.9872604504706424,30.010601392931655,0.05753867896191871
4200.0,1.0499999999999998,1.0,0.010197956941171335,0.9872966266855817,30.01019795694117,0.05754117412112911
4225.0,1.0499999999999998,1.0,0.009968058993005692,0.9872869985408608,30.009968058993007,0.057540833378792636
4250.0,1.0499999999999998,1.0,0.009551013652837902,0.987316917427054,30.00955101365284,0.05754297694013439
4275.0,1.0499999999999998,1.0,0.009306407771466123,0.9873036173622495,30.009306407771465,0.057542436296224936
4300.0,1.0499999999999998,1.0,0.008874807057029714,0.9873280747590657,30.00887480705703,0.057544275541264865
4325.0,1.0499999999999998,1.0,0.008616888064539415,0.9873122282798323,30.00861688806454,0.05754359925075327
4350.0,1.0499999999999998,1.0,0.008173216061331966,0.987332287786053,30.008173216061333,0.05754519377983514
4375.0,1.0499999999999998,1.0,0.007905595997103408,0.9873157247426952,30.007905595997105,0.05754448502580063
4400.0,1.0499999999999998,1.0,0.007455197666136847,0.9873330655613896,30.007455197666136,0.057545927578443
4425.0,1.0499999999999998,1.0,0.007182996515887269,0.9873177675880638,30.007182996515887,0.05754529694882084
4450.0,1.0499999999999998,1.0,0.006733612305577173,0.9873345895765059,30.006733612305577,0.05754670831771333
4475.0,1.0499999999999998,1.0,0.006463038725799242,0.987321950355018,30.006463038725798,0.0575462310923313
4500.0,1.0499999999999998,1.0,0.006022347655254255,0.9873404581790388,30.006022347655254,0.05754773241410538
4525.0,1.0499999999999998,1.0,0.005758928609519762,0.9873317285531923,30.00575892860952,0.057547476204146505
4550.0,1.0499999999999998,1.0,0.005330299410225113,0.9873536898170681,30.005330299410225,0.0575491672786922
4575.0,1.0499999999999998,1.0,0.00507630414097712,0.9873510621279579,30.005076304140978,0.057549257698376724
4600.0,1.0499999999999998,1.0,0.004657186600131097,0.9873775791993022,30.00465718660013,0.05755120523157731
4625.0,1.0499999999999998,1.0,0.004411717882846171,0.9873835705038108,30.004411717882846,0.05755178986297746
4650.0,1.0499999999999998,1.0,0.003998371748734372,0.9874145313950337,30.003998371748736,0.05755399092397082
4675.0,1.0499999999999998,1.0,0.0037612570337373563,0.9874294254572021,30.003761257033737,0.05755508648539224
4700.0,1.0499999999999998,1.0,0.00335525331426056,0.9874630477155777,30.00335525331426,0.057557435680825414
4725.0,1.0499999999999998,1.0,0.003129704397890423,0.9874837218526492,30.00312970439789,0.05755885708740291
4750.0,1.0499999999999998,1.0,0.002737663949348888,0.9875174836913467,30.00273766394935,0.05756120107864894
4775.0,1.0499999999999998,1.0,0.0025273735961025075,0.9875396221359324,30.002527373596102,0.05756269323176725
4800.0,1.0499999999999998,1.0,0.002153887666690616,0.9875719007105298,30.00215388766669,0.057564933016616124
4825.0,1.0499999999999998,1.0,0.0019582602738453282,0.9875929648189559,30.001958260273845,0.057566348509402475
4850.0,1.0499999999999998,1.0,0.0016004890712659106,0.9876231362279472,30.001600489071265,0.05756845043807174
4875.0,1.0499999999999998,1.0,0.001414192343451389,0.9876427313606054,30.00141419234345,0.05756977137806937
4900.0,1.0499999999999998,1.0,0.0010637890024858205,0.9876695797428492,30.001063789002487,0.05757167257925843
4925.0,1.0499999999999998,1.0,0.0008809959374399068,0.9876872675922389,30.00088099593744,0.05757287900415638
4950.0,1.0499999999999998,1.0,0.0005308992618870531,0.9877079707703017,30.000530899261886,0.05757442173941022
4975.0,1.0499999999999998,1.0,0.0003491914676683146,0.9877215100637857,30.000349191467667,0.057575385319611296
5000.0,1.0499999999999998,1.0,0.0,0.9877330068612439,30.0,0.05757639056420153
0.0,1.0499999999999998,1.5,0.2045304487095351,1.4898427266205885,30.204530448709534,0.08655055897287381
25.0,1.0499999999999998,1.5,0.2045304487095351,1.4891372076961056,30.204530448709534,0.08650957272903152
50.0,1.0499999999999998,1.5,0.20233262660742501,1.4896177780194184,30.202332626607426,0.08654063947082676
75.0,1.0499999999999998,1.5,0.20230348278883917,1.4889283510317282,30.20230348278884,0.08650062834529405
100.0,1.0499999999999998,1.5,0.20013213269162514,1.4893948436312359,30.200132132691625,0.08653084021089917
125.0,1.0499999999999998,1.5,0.2000762157059266,1.4887191975885015,30.200076215705927,0.08649166660858373
150.0,1.0499999999999998,1.5,0.1979309885417696,1.489170224949676,30.19793098854177,0.08652094342567423
175.0,1.0499999999999998,1.5,0.19784828805213073,1.488506403536539,30.197848288052132,0.08648249375439389
200.0,1.0499999999999998,1.5,0.19573055689714697,1.4889392542851714,30.195730556897146,0.08651067594899034
225.0,1.0499999999999998,1.5,0.19561737768841247,1.4882882007020646,30.195617377688414,0.0864730103491542
250.0,1.0499999999999998,1.5,0.19352528836340083,1.4887041142844126,30.1935252883634,0.08650017251090122
275.0,1.0499999999999998,1.5,0.19337677151745758,1.4880702834132253,30.193376771517457,0.08646355683546707
300.0,1.0499999999999998,1.5,0.19130240354857328,1.4884771096969573,30.191302403548573,0.08649016637409977
325.0,1.0499999999999998,1.5,0.19111441791325084,1.4878675886701667,30.19111441791325,0.08645501840812628
350.0,1.0499999999999998,1.5,0.18904657618961443,1.4882769192834295,30.189046576189615,0.0864817649371898
375.0,1.0499999999999998,1.5,0.18881873287231019,1.4876978087814154,30.18881873287231,0.0864484398300381
400.0,1.0499999999999998,1.5,0.1867509240932436,1.4881180287893983,30.186750924093243,0.08647582000829425
425.0,1.0499999999999998,1.5,0.18649078227548835,1.4875694091257008,30.186490782275488,0.08644431172570105
450.0,1.0499999999999998,1.5,0.18442818599974736,1.4879995978110943,30.184428185999746,0.08647226477693432
475.0,1.0499999999999998,1.5,0.1841486732961452,1.4874748151447106,30.184148673296146,0.08644216826618459
500.0,1.0499999999999998,1.5,0.1821060325270112,1.4879044661944378,30.18210603252701,0.08647006261270708
525.0,1.0499999999999998,1.5,0.18181425886376004,1.4873953005734901,30.18181425886376,0.08644089010110355
550.0,1.0499999999999998,1.5,0.17980384254464063,1.4878107587884843,30.17980384254464,0.08646791458004227
575.0,1.0499999999999998,1.5,0.17949349801095058,1.4873123328404274,30.17949349801095,0.08643939172292571
600.0,1.0499999999999998,1.5,0.17751412654485546,1.4877047961084306,30.177514126544857,0.08646503636532818
625.0,1.0499999999999998,1.5,0.17717117302899715,1.487215557048661,30.177171173029,0.08643709307188564
650.0,1.0499999999999998,1.5,0.17521016599786604,1.4875840866966532,30.175210165997868,0.08646132135525007
675.0,1.0499999999999998,1.5,0.17482641102721755,1.4871029923530892,30.17482641102722,0.08643390881890156
700.0,1.0499999999999998,1.5,0.17287340141076588,1.4874510120566038,30.172873401410765,0.08645693446671379
725.0,1.0499999999999998,1.5,0.1724571384507774,1.4869748563197482,30.172457138450778,0.086429854476763
750.0,1.0499999999999998,1.5,0.17051708500611193,1.4873043643340826,30.17051708500611,0.0864517864248972
775.0,1.0499999999999998,1.5,0.17009290975444338,1.486827055495456,30.170092909754445,0.08642464967172497
800.0,1.0499999999999998,1.5,0.16818589708990317,1.4871364749828422,30.168185897089902,0.08644536736103113
825.0,1.0499999999999998,1.5,0.1677811505694167,1.4866524029742265,30.167781150569418,0.08641780857292221
850.0,1.0499999999999998,1.5,0.16592862893130944,1.4869398679537833,30.165928628931308,0.08643717263859843
875.0,1.0499999999999998,1.5,0.16555556673158747,1.4864494012293248,30.165555566731587,0.08640919567307506
900.0,1.0499999999999998,1.5,0.16376529795213104,1.486717071424446,30.163765297952132,0.08642732036942347
925.0,1.0499999999999998,1.5,0.16341441014694344,1.486227900386678,30.16341441014694,0.08639938592358774
950.0,1.0499999999999998,1.5,0.1616760892320006,1.4864821586737909,30.161676089232,0.08641665694266136
975.0,1.0499999999999998,1.5,0.16132506536337204,1.4860041929148367,30.16132506536337,0.08638937310240469
1000.0,1.0499999999999998,1.5,0.15961733066906766,1.48625190495845,30.159617330669068,0.0864062201240237
1025.0,1.0499999999999998,1.5,0.15924448289784768,1.4857913656045663,30.159244482897847,0.08637997968692361
1050.0,1.0499999999999998,1.5,0.15754501287895795,1.4860367488848878,30.15754501287896,0.08639667987760563
1075.0,1.0499999999999998,1.5,0.15713545444937946,1.4855954688421333,30.157135454449378,0.08637161079275842
1100.0,1.0499999999999998,1.5,0.15542769059441439,1.4858402054206028,30.155427690594415,0.0863882856967577
1125.0,1.0499999999999998,1.5,0.15497315468785924,1.4854186160843057,30.15497315468786,0.08636442494932518
1150.0,1.0499999999999998,1.5,0.15324947328314825,1.4856633060934483,30.153249473283147,0.0863811204274971
1175.0,1.0499999999999998,1.5,0.1527479483475633,1.4852619575233337,30.152747948347564,0.0863585029472119
1200.0,1.0499999999999998,1.5,0.15101041013377506,1.4855062819360574,30.151010410133775,0.08637519755372129
1225.0,1.0499999999999998,1.5,0.15046607800953665,1.4851246990090388,30.150466078009536,0.08635378980156355
1250.0,1.0499999999999998,1.5,0.14872411194315302,1.4853663988162538,30.148724111943153,0.08637033872644148
1275.0,1.0499999999999998,1.5,0.14814634214976372,1.4850010297359728,30.148146342149765,0.08634992083721364
1300.0,1.0499999999999998,1.5,0.14641172972012134,1.4852354626802893,30.14641172972012,0.08636603728317617
1325.0,1.0499999999999998,1.5,0.14581332264867583,1.4848787829334344,30.145813322648674,0.08634615344409609
1350.0,1.0499999999999998,1.5,0.14409492833011062,1.4851002373796824,30.144094928330112,0.08636149254403472
1375.0,1.0499999999999998,1.5,0.14348855067525768,1.4847429073365999,30.143488550675258,0.08634158152757554
1400.0,1.0499999999999998,1.5,0.14178947657006927,1.484947269616369,30.141789476570068,0.08635589952616717
1425.0,1.0499999999999998,1.5,0.14118370792521473,1.4845821751256847,30.141183707925215,0.086335535313316
1450.0,1.0499999999999998,1.5,0.13950370520378672,1.4847683243893772,30.139503705203786,0.08634876725888697
1475.0,1.0499999999999998,1.5,0.13890289456259144,1.4843929521576447,30.13890289456259,0.08632779741204048
1500.0,1.0499999999999998,1.5,0.13724506954698668,1.4845614046273472,30.137245069546985,0.08633996874467821
1525.0,1.0499999999999998,1.5,0.13665246123015531,1.4841777444732789,30.136652461230156,0.08631850429136678
1550.0,1.0499999999999998,1.5,0.13502543926712657,1.4843301481018865,30.135025439267128,0.08632969837724559
1575.0,1.0499999999999998,1.5,0.13444289303714316,1.4839450421387308,30.134442893037143,0.08630813456417637
1600.0,1.0499999999999998,1.5,0.13285282335509435,1.4840872331400785,30.132852823355094,0.08631868194362534
1625.0,1.0499999999999998,1.5,0.13227544179232628,1.4837134346899223,30.132275441792327,0.0862977675641205
1650.0,1.0499999999999998,1.5,0.1307171528477018,1.4838569591176487,30.1307171528477,0.08630834717247775
1675.0,1.0499999999999998,1.5,0.1301313927628701,1.483510114845201,30.13013139276287,0.08628901178084591
1700.0,1.0499999999999998,1.5,0.12858990818138188,1.483667086153628,30.128589908181368,0.08630034971528384
1725.0,1.0499999999999998,1.5,0.12798042409218538,1.483357494813149,30.12798042409209,0.08628321447388251
1750.0,1.0499999999999998,1.5,0.1264406908626524,1.4835323379365277,30.12644069086201,0.08629558982082805
1775.0,1.0499999999999998,1.5,0.1258003492957982,1.483257418116437,30.125800349291747,0.08628051496720013
1800.0,1.0499999999999998,1.5,0.1242561724486056,1.4834425772459372,30.124256172424566,0.08629349723077182
1825.0,1.0499999999999998,1.5,0.12359038132419296,1.4831864818479656,30.123590381190095,0.08627955333693847
1850.0,1.0499999999999998,1.5,0.12204611289782331,1.4833655774729246,30.122046112195207,0.08629218353145846
1875.0,1.0499999999999998,1.5,0.12136637682720378,1.4831076201880584,30.121366373368804,0.08627815080875284
1900.0,1.0499999999999998,1.5,0.11983022689557674,1.4832643399536884,30.119830210904098,0.08628946817885234
1925.0,1.0499999999999998,1.5,0.11914217778872513,1.4829905148696754,30.11914210832491,0.08627452379819064
1950.0,1.0499999999999998,1.5,0.11761760843888978,1.4831169600091452,30.117617324983147,0.08628406397193976
1975.0,1.0499999999999998,1.5,0.11691711125233416,1.482824880158898,30.116916024655414,0.08626807588967442
2000.0,1.0499999999999998,1.5,0.11540141187989726,1.4829231809548185,30.115397498894065,0.08627596994142106
2025.0,1.0499999999999998,1.5,0.11468240569978747,1.4826182533824073,30.114669168239352,0.08625927244012295
2050.0,1.0499999999999998,1.5,0.11317189963975005,1.4826969953276394,30.113129831077487,0.0862660584852928
2075.0,1.0499999999999998,1.5,0.11243334139926763,1.482389387392193,30.112307747871508,0.08624933858964513
2100.0,1.0499999999999998,1.5,0.11092531797687648,1.4824657103513148,30.110573082217577,0.08625626375938061
2125.0,1.0499999999999998,1.5,0.11016745364573328,1.482183317274846,30.10923943602345,0.08624174282399023
2150.0,1.0499999999999998,1.5,0.10865262544557182,1.4823124611060836,30.10635575977148,0.08625338764301098
2175.0,1.0499999999999998,1.5,0.10786286549031544,1.4821602949488697,30.102522492797753,0.0862500243695541
2200.0,1.0499999999999998,1.5,0.10630617377081988,1.4825387699931285,30.094641727405662,0.08628334374978948
2225.0,1.0499999999999998,1.5,0.1054319756940107,1.4828575046102024,30.081498085766217,0.08632074609033102
2250.0,1.0499999999999998,1.5,0.10374128801848607,1.4840331193745686,30.057607507713907,0.0864235068673617
2275.0,1.0499999999999998,1.5,0.10265681808147831,1.485618401569572,30.01911933392734,0.08657127082851736
2300.0,1.0499999999999998,1.5,0.10066702174300364,1.4886228302961766,29.95856497434456,0.08683397221422738
2325.0,1.0499999999999998,1.5,0.09919028108042591,1.4926190465959959,29.872111855909043,0.0871929782364246
2350.0,1.0499999999999998,1.5,0.09674314055314645,1.4984499075912248,29.75585804982688,0.08770442113341533
2375.0,1.0499999999999998,1.5,0.09479358722478769,1.5053090053985,29.614068557364593,0.08831655445972376
2400.0,1.0499999999999998,1.5,0.09196625511069757,1.5134230192856457,29.455109062412433,0.08903187385720951
2425.0,1.0499999999999998,1.5,0.08982565008347579,1.521254990127385,29.29724406799502,0.08973340085257793
2450.0,1.0499999999999998,1.5,0.08713146488541328,1.5283689834311893,29.16050971717159,0.09036414761819597
2475.0,1.0499999999999998,1.5,0.08547659005500595,1.5329195358611793,29.067781693854844,0.09077764468767198
2500.0,1.0499999999999998,1.5,0.08362561756158433,1.534701366843165,29.033625617561583,0.09093660576908129
2525.0,1.0499999999999998,1.5,0.0830062660409056,1.5327149413577217,29.065311369840742,0.09076938594599819
2550.0,1.0499999999999998,1.5,0.08222351407821961,1.5279563178333668,29.155601766364395,0.09034735236205327
2575.0,1.0499999999999998,1.5,0.08246995658843363,1.5206640856560207,29.289888374499977,0.08970980798781315
2600.0,1.0499999999999998,1.5,0.08224837275306057,1.512642110121604,29.445391180054795,0.08900061724977965
2625.0,1.0499999999999998,1.5,0.08268384141802931,1.5043896493720488,29.601958811557832,0.08828066744835605
2650.0,1.0499999999999998,1.5,0.08235685627724454,1.4973680179747129,29.741471765550976,0.0876622919568796
2675.0,1.0499999999999998,1.5,0.08247504098151741,1.491436841270339,29.855396615810136,0.0871483041821404
2700.0,1.0499999999999998,1.5,0.08175271330511441,1.4872987127194341,29.939650665906672,0.08678413398223986
2725.0,1.0499999999999998,1.5,0.08147373580796152,1.484218022095826,29.997936251653822,0.08652019868298998
2750.0,1.0499999999999998,1.5,0.08042713689804279,1.4824939330147302,30.034293356593462,0.08636737335846346
2775.0,1.0499999999999998,1.5,0.07990364532025808,1.4812486041348654,30.055969755392464,0.08626369921179337
2800.0,1.0499999999999998,1.5,0.0787059504391125,1.4807769630077738,30.067041504073956,0.0862203530979377
2825.0,1.0499999999999998,1.5,0.07809000316984213,1.4803243424563979,30.07274963047728,0.08618581796487473
2850.0,1.0499999999999998,1.5,0.07685485664365375,1.4803022964009456,30.07455799096956,0.08618194327916595
2875.0,1.0499999999999998,1.5,0.07621617269875074,1.4800956374244498,30.075288155076468,0.08616886575140614
2900.0,1.0499999999999998,1.5,0.07498174231650444,1.4801882797432107,30.074629506557205,0.08617520286632148
2925.0,1.0499999999999998,1.5,0.0743311308735521,1.480042484510642,30.074205537345794,0.08616732216448503
2950.0,1.0499999999999998,1.5,0.0731003722542811,1.4801583447658724,30.07305830369202,0.08617571116771318
2975.0,1.0499999999999998,1.5,0.07243255909803123,1.4800331501170365,30.072419321637597,0.08616933771294932
3000.0,1.0499999999999998,1.5,0.07120504661205088,1.4801574384185667,30.071201133626218,0.08617831942373273
3025.0,1.0499999999999998,1.5,0.07052292894471132,1.4800481287380123,30.07052184234779,0.08617292845585849
3050.0,1.0499999999999998,1.5,0.06930431522961418,1.48017956461192,30.06930403177387,0.08618232619889103
3075.0,1.0499999999999998,1.5,0.06862098051888482,1.480085277331323,30.068620911055067,0.08617781530224065
3100.0,1.0499999999999998,1.5,0.06741930998213379,1.4802228684507197,30.067419293990657,0.08618754868310388
3125.0,1.0499999999999998,1.5,0.06674897685887746,1.4801425625311946,30.06674897340048,0.08618383347867234
3150.0,1.0499999999999998,1.5,0.06557029602710379,1.4802851917913842,30.065570295324488,0.0861938278151689
3175.0,1.0499999999999998,1.5,0.06492149225937302,1.4802173466154978,30.064921492125276,0.08619080732317734
3200.0,1.0499999999999998,1.5,0.06376924354678398,1.4803633444564823,30.063769243522742,0.08620096041241965
3225.0,1.0499999999999998,1.5,0.06314329010433269,1.4803047386056305,30.06314329010028,0.08619844518476028
3250.0,1.0499999999999998,1.5,0.06201748031175319,1.4804515262089484,30.062017480311113,0.08620860684919651
3275.0,1.0499999999999998,1.5,0.061407992966511886,1.480397959807546,30.061407992966416,0.08620636150102964
3300.0,1.0499999999999998,1.5,0.06030167032096356,1.4805437419815985,30.06030167032095,0.08621643715874348
3325.0,1.0499999999999998,1.5,0.05969440754120189,1.4804931512731916,30.0596944075412,0.08621436194582999
3350.0,1.0499999999999998,1.5,0.05859263507237412,1.4806384777778645,30.058592635072372,0.08622440502125969
3375.0,1.0499999999999998,1.5,0.05796975323735065,1.4805923459785224,30.05796975323735,0.0862226119220171
3400.0,1.0499999999999998,1.5,0.05685661209292287,1.4807381746596158,30.056856612092922,0.08623270103528156
3425.0,1.0499999999999998,1.5,0.05620647917735212,1.4806979739846764,30.05620647917735,0.08623129249795693
3450.0,1.0499999999999998,1.5,0.05507636222634616,1.4808412279619085,30.055076362226345,0.08624125652467336
3475.0,1.0499999999999998,1.5,0.054401616919864,1.4808033613185032,30.054401616919865,0.08624001930878906
3500.0,1.0499999999999998,1.5,0.053262891225859976,1.4809359368331925,30.05326289122586,0.08624937428934519
3525.0,1.0499999999999998,1.5,0.05257670637552032,1.4808927586092957,30.052576706375522,0.08624784422291151
3550.0,1.0499999999999998,1.5,0.05144197479733598,1.4810075810232979,30.051441974797335,0.08625615998528055
3575.0,1.0499999999999998,1.5,0.05075477084253743,1.4809551457125953,30.050754770842538,0.08625409228922068
3600.0,1.0499999999999998,1.5,0.0496287869170139,1.4810536146283924,30.049628786917015,0.08626144343359436
3625.0,1.0499999999999998,1.5,0.04894083741000425,1.4809969731028834,30.048940837410004,0.08625913184880783
3650.0,1.0499999999999998,1.5,0.04782019607725772,1.4810892526241475,30.047820196077257,0.08626611518746154
3675.0,1.0499999999999998,1.5,0.04712725960366658,1.4810390454327325,30.047127259603666,0.08626418554739394
3700.0,1.0499999999999998,1.5,0.04600948079378615,1.4811369942153643,30.046009480793785,0.08627149534635926
3725.0,1.0499999999999998,1.5,0.04531216300416198,1.4811014897608903,30.045312163004162,0.0862704284275975
3750.0,1.0499999999999998,1.5,0.04420166545616356,1.4812111735727558,30.044201665456164,0.08627841170569629
3775.0,1.0499999999999998,1.5,0.04350779310306968,1.4811913761550197,30.04350779310307,0.08627825484078092
3800.0,1.0499999999999998,1.5,0.0424130675586122,1.4813109103331425,30.042413067558613,0.08628678968806963
3825.0,1.0499999999999998,1.5,0.04173176159921916,1.481302097764492,30.04173176159922,0.08628725477603245
3850.0,1.0499999999999998,1.5,0.04065793356916282,1.4814253187267428,30.040657933569165,0.0862959748331285
3875.0,1.0499999999999998,1.5,0.03999236795760798,1.4814220405276186,30.03999236795761,0.08629673985024033
3900.0,1.0499999999999998,1.5,0.03893682362742469,1.4815437767148605,30.038936823627424,0.08630534761477117
3925.0,1.0499999999999998,1.5,0.0382825043714202,1.4815431242745294,30.03828250437142,0.08630624959021191
3950.0,1.0499999999999998,1.5,0.03723667940664656,1.4816615099079522,30.037236679406647,0.08631464865767265
3975.0,1.0499999999999998,1.5,0.03658456042975328,1.4816629949253777,30.036584560429752,0.08631567214471295
4000.0,1.0499999999999998,1.5,0.0355381604660966,1.4817783387202133,30.035538160466096,0.08632389527412193
4025.0,1.0499999999999998,1.5,0.034877683474150364,1.4817822473465145,30.03487768347415,0.08632507212172222
4050.0,1.0499999999999998,1.5,0.033821852685275634,1.48189455039378,30.033821852685275,0.08633313209613246
4075.0,1.0499999999999998,1.5,0.03314370096429581,1.481899796988,30.033143700964295,0.08633441245927875
4100.0,1.0499999999999998,1.5,0.03207347878302494,1.4820067178235627,30.032073478783026,0.08634217999268944
4125.0,1.0499999999999998,1.5,0.031372954395266245,1.4820095192504061,30.031372954395266,0.08634335022766682
4150.0,1.0499999999999998,1.5,0.030288040156557568,1.4821068799592803,30.030288040156556,0.08635058232539901
4175.0,1.0499999999999998,1.5,0.029566046330601437,1.4821026330952098,30.0295660463306,0.08635137293860375
4200.0,1.0499999999999998,1.5,0.0284692441029086,1.4821874782760958,30.028469244102908,0.0863578933376761
4225.0,1.0499999999999998,1.5,0.027730510414818804,1.4821745073403567,30.02773051041482,0.08635819986184727
4250.0,1.0499999999999998,1.5,0.026626066239569573,1.4822474271909851,30.02662606623957,0.08636403678672369
4275.0,1.0499999999999998,1.5,0.025876817341657265,1.48222884825332,30.025876817341658,0.08636403179341105
4300.0,1.0499999999999998,1.5,0.02476901314811475,1.4822937301917407,30.024769013148116,0.08636940553923718
4325.0,1.0499999999999998,1.5,0.024014438691463826,1.4822762196488934,30.024014438691463,0.08636947055941216
4350.0,1.0499999999999998,1.5,0.02290578528648253,1.4823386172037094,30.022905785286483,0.08637470108016825
4375.0,1.0499999999999998,1.5,0.022148415700000368,1.4823292419991816,30.022148415700002,0.08637524426915202
4400.0,1.0499999999999998,1.5,0.021039774156906686,1.4823945481472585,30.021039774156907,0.08638064457826598
4425.0,1.0499999999999998,1.5,0.020280918428019608,1.482397326216146,30.02028091842802,0.086381898223705
4450.0,1.0499999999999998,1.5,0.019175153481373153,1.4824687992399774,30.019175153481374,0.08638765409553448
4475.0,1.0499999999999998,1.5,0.018418352598484334,1.48248304524165,30.018418352598484,0.08638957322296728
4500.0,1.0499999999999998,1.5,0.017323117129635208,1.482560640367096,30.017323117129635,0.08639567107440994
4525.0,1.0499999999999998,1.5,0.016575172461253545,1.4825827509345697,30.016575172461252,0.08639803596051762
4550.0,1.0499999999999998,1.5,0.015499287144173661,1.4826643607473984,30.015499287144173,0.08640434031232948
4575.0,1.0499999999999998,1.5,0.014766334407464587,1.4826921291844875,30.014766334407465,0.08640701355586093
4600.0,1.0499999999999998,1.5,0.013711800612095855,1.4827765452278436,30.013711800612096,0.08641345111020089
4625.0,1.0499999999999998,1.5,0.012993929795901445,1.4828120845462665,30.0129939297959,0.08641655574126743
4650.0,1.0499999999999998,1.5,0.011953064966370486,1.4829003080171328,30.01195306496637,0.0864231959137226
4675.0,1.0499999999999998,1.5,0.011244649237934102,1.4829476229995266,30.011244649237934,0.0864269734601547
4700.0,1.0499999999999998,1.5,0.010207890186856281,1.4830403429491539,30.010207890186855,0.08643387019955069
4725.0,1.0499999999999998,1.5,0.009504608878135682,1.4830992612240508,30.009504608878135,0.08643831688266819
4750.0,1.0499999999999998,1.5,0.008470636992346925,1.4831935489601062,30.008470636992346,0.08644530142240886
4775.0,1.0499999999999998,1.5,0.007773979091050948,1.4832573809550318,30.007773979091052,0.08645002524755396
4800.0,1.0499999999999998,1.5,0.006749243694312842,1.4833473811138342,30.006749243694312,0.08645674702605208
4825.0,1.0499999999999998,1.5,0.006062028849330166,1.483407643875903,30.006062028849332,0.08646124950867014
4850.0,1.0499999999999998,1.5,0.005050376043077133,1.4834887060965747,30.005050376043076,0.08646743190058057
4875.0,1.0499999999999998,1.5,0.00437020820298828,1.4835412079536776,30.00437020820299,0.08647147214492913
4900.0,1.0499999999999998,1.5,0.003366789188319726,1.4836120078271995,30.00336678918832,0.08647704488504719
4925.0,1.0499999999999998,1.5,0.002687474072985362,1.4836574877391882,30.002687474072985,0.08648067484920825
4950.0,1.0499999999999998,1.5,0.0016844258247636235,1.4837180803138903,30.001684425824763,0.08648565242408227
4975.0,1.0499999999999998,1.5,0.001003179891547648,1.4837583246712083,30.001003179891548,0.0864889802150997
5000.0,1.0499999999999998,1.5,0.0,1.4838079405550493,30.0,0.08649331845165575
0.0,1.0499999999999998,2.0,0.37900079725567676,1.9750485014444639,30.379000797255678,0.11440803296429493
25.0,1.0499999999999998,2.0,0.37900079725567676,1.97394497282233,30.379000797255678,0.11434410919792372
50.0,1.0499999999999998,2.0,0.375103532976357,1.9749229451311323,30.375103532976357,0.11440809873613603
75.0,1.0499999999999998,2.0,0.37502429338869403,1.9738608543826446,30.375024293388694,0.11434672053045562
100.0,1.0499999999999998,2.0,0.37116798811538854,1.9748199199401204,30.37116798811539,0.11440954241048253
125.0,1.0499999999999998,2.0,0.3710306475475375,1.9737962888488636,30.37103064754754,0.11435049774910129
150.0,1.0499999999999998,2.0,0.36722181766317674,1.9747401542492875,30.367221817663175,0.11441235437587356
175.0,1.0499999999999998,2.0,0.36705751756476035,1.973744020745161,30.36705751756476,0.11435494981971789
200.0,1.0499999999999998,2.0,0.3633074735374768,1.9746705686247614,30.36330747353748,0.11441569707563465
225.0,1.0499999999999998,2.0,0.3631352290626079,1.9736930207810406,30.363135229062607,0.11435938069615728
250.0,1.0499999999999998,2.0,0.3594501775896548,1.9745976869344253,30.359450177589654,0.1144187421881417
275.0,1.0499999999999998,2.0,0.35926320802299533,1.9736383939471378,30.359263208022995,0.11436350778207235
300.0,1.0499999999999998,2.0,0.3556398189197511,1.9745166021537124,30.35563981891975,0.11442122432649673
325.0,1.0499999999999998,2.0,0.355413047974962,1.9735811180318752,30.355413047974963,0.11436744116540098
350.0,1.0499999999999998,2.0,0.3518406719248208,1.974429538415952,30.35184067192482,0.11442333959752556
375.0,1.0499999999999998,2.0,0.3515503034848481,1.9735221792969282,30.35155030348485,0.11437130285293858
400.0,1.0499999999999998,2.0,0.3480148560061284,1.9743406526034548,30.348014856006127,0.1144254002577305
425.0,1.0499999999999998,2.0,0.3476514639005995,1.9734613904122873,30.3476514639006,0.1143751262848483
450.0,1.0499999999999998,2.0,0.3441402819627205,1.9742536916026976,30.34414028196272,0.11442766512756344
475.0,1.0499999999999998,2.0,0.3437079640555646,1.9734007402240725,30.343707964055564,0.11437904289104481
500.0,1.0499999999999998,2.0,0.3402137343212897,1.97417327098725,30.34021373432129,0.11443040786877735
525.0,1.0499999999999998,2.0,0.3397205128753907,1.9733473888242608,30.33972051287539,0.11438346640741079
550.0,1.0499999999999998,2.0,0.33624022866771114,1.9741077965400022,30.336240228667712,0.11443410640278144
575.0,1.0499999999999998,2.0,0.33569035174912704,1.9733134866312874,30.335690351749125,0.11438909895533793
600.0,1.0499999999999998,2.0,0.3322236336685677,1.9740683139547441,30.33222363366857,0.11443939397928125
625.0,1.0499999999999998,2.0,0.33161942703618547,1.9733097664237695,30.331619427036184,0.11439655933333188
650.0,1.0499999999999998,2.0,0.3281714983124115,1.974060219366842,30.32817149831241,0.11444656954020165
675.0,1.0499999999999998,2.0,0.32751989459573355,1.9733360981818877,30.327519894595735,0.114405817474051
700.0,1.0499999999999998,2.0,0.32410251788220457,1.9740767245839892,30.324102517882203,0.11445520463501226
725.0,1.0499999999999998,2.0,0.3234150189995913,1.9733801577385213,30.32341501899959,0.11441611532283677
750.0,1.0499999999999998,2.0,0.32003775798351014,1.9741045069888898,30.32003775798351,0.11446448732225821
775.0,1.0499999999999998,2.0,0.3193224655594384,1.9734285535347718,30.319322465559438,0.11442664326888183
800.0,1.0499999999999998,2.0,0.3159843882886987,1.9741353453376564,30.315984388288697,0.11447392746817549
825.0,1.0499999999999998,2.0,0.315240178319042,1.9734777898481515,30.31524017831904,0.11443720251993812
850.0,1.0499999999999998,2.0,0.31193556573269704,1.9741690852372908,30.311935565732696,0.11448352906417826
875.0,1.0499999999999998,2.0,0.31115632715482794,1.9735315574247556,30.311156327154826,0.11444802943903284
900.0,1.0499999999999998,2.0,0.3078869015142616,1.97420643950469,30.307886901514262,0.11449334176823467
925.0,1.0499999999999998,2.0,0.3070724279355309,1.9735889331430838,30.30707242793553,0.11445906768270359
950.0,1.0499999999999998,2.0,0.3038519446684363,1.974240233794167,30.303851944668438,0.11450292392405552
975.0,1.0499999999999998,2.0,0.3030150992146772,1.973636162008394,30.303015099214676,0.11446946923812258
1000.0,1.0499999999999998,2.0,0.29986294893814647,1.974252265230199,30.299862948938145,0.11451115871732204
1025.0,1.0499999999999998,2.0,0.29902342130502524,1.9736499309718787,30.299023421305026,0.11447780789599628
1050.0,1.0499999999999998,2.0,0.29594924601293016,1.974221707104061,30.29594924601293,0.1145167823347876
1075.0,1.0499999999999998,2.0,0.29511633901670203,1.973612385993342,30.2951163390167,0.11448301174499276
1100.0,1.0499999999999998,2.0,0.29210603946928887,1.974141113222197,30.29210603946929,0.1145193713369675
1125.0,1.0499999999999998,2.0,0.29126853046311885,1.9735252474651717,30.291268530463118,0.11448522777866446
1150.0,1.0499999999999998,2.0,0.28828806268239543,1.974023008013992,30.288288062682394,0.11451973727218415
1175.0,1.0499999999999998,2.0,0.28742300058599957,1.9734080716524907,30.287423000586,0.11448569765983377
1200.0,1.0499999999999998,2.0,0.28444050352934064,1.9738890684768817,30.28444050352934,0.11451924097986588
1225.0,1.0499999999999998,2.0,0.28353035681969596,1.9732834539709447,30.283530356819696,0.11448582535669084
1250.0,1.0499999999999998,2.0,0.2805354038729223,1.9737557027402355,30.28053540387292,0.11451888718590995
1275.0,1.0499999999999998,2.0,0.27957636094734056,1.973166023842886,30.279576360947342,0.11448648656206642
1300.0,1.0499999999999998,2.0,0.27657877306044315,1.973631775226125,30.276578773060443,0.11451917892755362
1325.0,1.0499999999999998,2.0,0.27557640959232255,1.9730645190214973,30.275576409592322,0.11448815930693527
1350.0,1.0499999999999998,2.0,0.2725912375728983,1.9735262636710236,30.272591237572897,0.11452059830047295
1375.0,1.0499999999999998,2.0,0.2715514182465726,1.9729898465025841,30.271551418246574,0.11449143718692381
1400.0,1.0499999999999998,2.0,0.2685877329333338,1.9734534113590603,30.268587732933334,0.11452394385639617
1425.0,1.0499999999999998,2.0,0.2675123854630952,1.9729565040789372,30.267512385463096,0.11449714108759686
1450.0,1.0499999999999998,2.0,0.2645732227539414,1.973428027727017,30.264573222753942,0.11453006607640852
1475.0,1.0499999999999998,2.0,0.26346506668446246,1.9729732919307108,30.26346506668446,0.11450577135334027
1500.0,1.0499999999999998,2.0,0.26055392462268767,1.973453092961996,30.260553924622688,0.11453912672351929
1525.0,1.0499999999999998,2.0,0.25942289218295134,1.9730318800469147,30.25942289218295,0.11451681968207622
1550.0,1.0499999999999998,2.0,0.25654816159320526,1.9735107786305355,30.256548161593205,0.11455005687191118
1575.0,1.0499999999999998,2.0,0.255408393623928,1.9731060447912243,30.255408393623927,0.11452872175952393
1600.0,1.0499999999999998,2.0,0.2525800238496881,1.9735683714094694,30.25258002384969,0.11456091233738754
1625.0,1.0499999999999998,2.0,0.2514399704227301,1.9731639565885983,30.25143997042273,0.11453959523078223
1650.0,1.0499999999999998,2.0,0.24866209487577517,1.9735951826365172,30.248662094875776,0.11456988772159975
1675.0,1.0499999999999998,2.0,0.24752038973374615,1.973182397376447,30.247520389733747,0.11454808674638862
1700.0,1.0499999999999998,2.0,0.24478806618603968,1.9735752003132667,30.244788066186025,0.11457606499009486
1725.0,1.0499999999999998,2.0,0.24363737928555432,1.9731533550862876,30.24363737928546,0.11455375389678586
1750.0,1.0499999999999998,2.0,0.24093834061222924,1.9735095558614644,30.24093834061159,0.11457954639065047
1775.0,1.0499999999999998,2.0,0.23976880233355985,1.9730841781633734,30.23976880232951,0.114557064694594
1800.0,1.0499999999999998,2.0,0.23708597262682968,1.9734138464760114,30.237085972602788,0.11458128806100211
1825.0,1.0499999999999998,2.0,0.2358854271345447,1.9729947127759724,30.235885427000447,0.11455922639760055
1850.0,1.0499999999999998,2.0,0.23319997309298165,1.9733128109231748,30.233199972390366,0.11458278488051148
1875.0,1.0499999999999998,2.0,0.2319567754654622,1.9729100160450972,30.231956772007063,0.11456175154586595
1900.0,1.0499999999999998,2.0,0.22925328320014315,1.973230687664764,30.229253267208666,0.11458549565388503
1925.0,1.0499999999999998,2.0,0.22796273068524422,1.9728492831760092,30.22796266122143,0.11456579315600014
1950.0,1.0499999999999998,2.0,0.2252354045195678,1.973179465431054,30.225235121063825,0.11459013723253592
1975.0,1.0499999999999998,2.0,0.22390388416796422,1.972816163364153,30.223902797571043,0.11457156405701989
2000.0,1.0499999999999998,2.0,0.22116061458965647,1.9731515131531867,30.221156701603825,0.11459624567612967
2025.0,1.0499999999999998,2.0,0.21980337083308837,1.9727959690797756,30.21979013337265,0.11457818704867644
2050.0,1.0499999999999998,2.0,0.21706168226185243,1.973124408648909,30.21701961369959,0.11460251596026386
2075.0,1.0499999999999998,2.0,0.2156927113662668,1.9727687878339448,30.215567117838507,0.11458461488701645
2100.0,1.0499999999999998,2.0,0.21296589514648065,1.97308831282916,30.212613659387184,0.11460877532956237
2125.0,1.0499999999999998,2.0,0.21158432884676406,1.9727547622719481,30.210656311224483,0.11459311278039352
2150.0,1.0499999999999998,2.0,0.20886458693455875,1.9731231698534237,30.206567721260466,0.11462226931360542
2175.0,1.0499999999999998,2.0,0.2074405486525599,1.972945503536491,30.20210017596,0.11462042484044588
2200.0,1.0499999999999998,2.0,0.20467497025075032,1.973619380337551,30.193010523885594,0.11467683237103111
2225.0,1.0499999999999998,2.0,0.2031162490148111,1.9740526732118464,30.17918235908702,0.11472828412412417
2250.0,1.0499999999999998,2.0,0.20015604921381025,1.9757659986176692,30.15402226890923,0.11487575480561243
2275.0,1.0499999999999998,2.0,0.19824858985025115,1.9778796709772417,30.114711105696113,0.11507368279602401
2300.0,1.0499999999999998,2.0,0.19480686666085606,1.9820227018455723,30.052704819262413,0.1154336260180218
2325.0,1.0499999999999998,2.0,0.19222821066948173,1.987361873794259,29.9651497854981,0.11591355451259244
2350.0,1.0499999999999998,2.0,0.18800434187248327,1.9952912946080927,29.847119251146214,0.11660591835272885
2375.0,1.0499999999999998,2.0,0.1845918751910029,2.0044849107475446,29.703866845330808,0.11742533097345255
2400.0,1.0499999999999998,2.0,0.17968220817736827,2.015503840595702,29.542825015479103,0.11839220667116603
2425.0,1.0499999999999998,2.0,0.1759073087410693,2.026048393603396,29.383325726652615,0.11933417530851013
2450.0,1.0499999999999998,2.0,0.17119098072038536,2.035783944501251,29.244569233006562,0.1201917246256835
2475.0,1.0499999999999998,2.0,0.1682436946663057,2.041990984375603,29.150548798466144,0.12075244939463249
2500.0,1.0499999999999998,2.0,0.1649859788214227,2.044632834431635,29.114985978821423,0.12098249438767872
2525.0,1.0499999999999998,2.0,0.16386154641014533,2.0421157011888726,29.146166650209985,0.12076890230578473
2550.0,1.0499999999999998,2.0,0.16249722014005724,2.036004151258024,29.235875472426233,0.12022259661032264
2575.0,1.0499999999999998,2.0,0.162920979315895,2.026368521140986,29.37033939722744,0.1193794143389712
2600.0,1.0499999999999998,2.0,0.1625771792638084,2.015850155401535,29.525719986565544,0.1184468442539407
2625.0,1.0499999999999998,2.0,0.16334920950789128,2.0048879606522374,29.682624179647696,0.11749096139684426
2650.0,1.0499999999999998,2.0,0.1628360863651439,1.9956545809568642,29.821950995638876,0.11667635240745622
2675.0,1.0499999999999998,2.0,0.1630304536339879,1.9877590787801696,29.935952028462605,0.11599324675906908
2700.0,1.0499999999999998,2.0,0.16180045274163202,1.9823413893627209,30.01969840534319,0.11551563841230282
2725.0,1.0499999999999998,2.0,0.16124065016599884,1.978239356903853,30.07770316601186,0.11516539451548119
2750.0,1.0499999999999998,2.0,0.15938562848691365,1.9760332390368598,30.113251848182333,0.1149690423250717
2775.0,1.0499999999999998,2.0,0.1583232621059441,1.9743883480082538,30.134389372178152,0.11483304415551404
2800.0,1.0499999999999998,2.0,0.15613659826209383,1.9738628582744209,30.144472151896938,0.11478327969525855
2825.0,1.0499999999999998,2.0,0.15484929376169923,1.973294768558273,30.14950892106914,0.11474065889693952
2850.0,1.0499999999999998,2.0,0.1525471529819534,1.9733878132936342,30.15025028730786,0.1147446583875044
2875.0,1.0499999999999998,2.0,0.15119150554008562,1.973167590691507,30.150263487917805,0.11473182820206046
2900.0,1.0499999999999998,2.0,0.14887623790638685,1.9734289834213645,30.148524002147088,0.11475033739111465
2925.0,1.0499999999999998,2.0,0.14751456837686944,1.9733004751308205,30.14738897484911,0.11474502490326452
2950.0,1.0499999999999998,2.0,0.14522579508863848,1.973597081097671,30.145183726526376,0.11476646977707461
2975.0,1.0499999999999998,2.0,0.14387967626633738,1.9734934836055527,30.1438664388059,0.11476295297822953
3000.0,1.0499999999999998,2.0,0.14163230865027496,1.9737952314584704,30.141628395664444,0.11478476147323124
3025.0,1.0499999999999998,2.0,0.14030790970134063,1.973701566605351,30.14030682310442,0.11478183081215929
3050.0,1.0499999999999998,2.0,0.13810375581185722,1.974002345250034,30.138103472356114,0.1148035191045283
3075.0,1.0499999999999998,2.0,0.13679579002304462,1.973917139642079,30.136795720559228,0.11480105448795921
3100.0,1.0499999999999998,2.0,0.1346244239204779,1.974216323067147,30.134624407929,0.11482259117340801
3125.0,1.0499999999999998,2.0,0.133317531590235,1.9741433974731943,30.133317528131837,0.11482083954547037
3150.0,1.0499999999999998,2.0,0.13116012656909973,1.974441776452418,30.131160125866483,0.11484230512626181
3175.0,1.0499999999999998,2.0,0.129836589358835,1.9743846104736782,30.129836589224738,0.11484150238164252
3200.0,1.0499999999999998,2.0,0.12767520038271263,1.9746815671532634,30.12767520035867,0.11486289504721595
3225.0,1.0499999999999998,2.0,0.12632401268861107,1.9746385951064056,30.12632401268456,0.11486297121502138
3250.0,1.0499999999999998,2.0,0.12415017167468279,1.9749304354015411,30.124150171674042,0.11488409225619804
3275.0,1.0499999999999998,2.0,0.1227704180099783,1.974894816503351,30.122770418009882,0.11488465127932497
3300.0,1.0499999999999998,2.0,0.12058800870991075,1.9751753351271553,30.1205880087099,0.11490513230232392
3325.0,1.0499999999999998,2.0,0.11918732386313986,1.9751381252299296,30.11918732386314,0.11490563936461479
3350.0,1.0499999999999998,2.0,0.11700848050934261,1.9754013528953875,30.11700848050934,0.11492510985490846
3375.0,1.0499999999999998,2.0,0.11559803401632274,1.975356215331687,30.115598034016323,0.11492517496921803
3400.0,1.0499999999999998,2.0,0.11343310527122726,1.9756009742686174,30.113433105271227,0.11494354647842456
3425.0,1.0499999999999998,2.0,0.11201994479517932,1.9755488331261184,30.11201994479518,0.11494320987935905
3450.0,1.0499999999999998,2.0,0.10986945232873464,1.9757815451326917,30.109869452328734,0.11496085486388379
3475.0,1.0499999999999998,2.0,0.10845241380429654,1.9757312914939522,30.108452413804297,0.11496063604130737
3500.0,1.0499999999999998,2.0,0.10630886510144444,1.9759634885327828,30.106308865101443,0.11497823971225223
3525.0,1.0499999999999998,2.0,0.10488317250924772,1.9759266869072276,30.104883172509247,0.11497882074212169
3550.0,1.0499999999999998,2.0,0.10274108819100387,1.9761681759000118,30.102741088191003,0.11499696426601698
3575.0,1.0499999999999998,2.0,0.10130787649898398,1.9761511189669614,30.101307876498986,0.11499870930624104
3600.0,1.0499999999999998,2.0,0.09917277651095374,1.9764034445571896,30.099172776510954,0.1150174721533418
3625.0,1.0499999999999998,2.0,0.09774327147636484,1.976403165500438,30.097743271476364,0.11502018728244236
3650.0,1.0499999999999998,2.0,0.09562900699201604,1.9766594748268782,30.095629006992016,0.1150391442712894
3675.0,1.0499999999999998,2.0,0.094215858894893,1.9766681445312984,30.09421585889489,0.11504234979084962
3700.0,1.0499999999999998,2.0,0.09213057671354542,1.9769204877905098,30.092130576713547,0.11506102266356147
3725.0,1.0499999999999998,2.0,0.09073423171916456,1.9769336273924025,30.090734231719164,0.11506445707710541
3750.0,1.0499999999999998,2.0,0.08867097069614711,1.9771797342787862,30.088670970696146,0.11508272692235456
3775.0,1.0499999999999998,2.0,0.08727806693291079,1.9771984421901065,30.08727806693291,0.11508647972269893
3800.0,1.0499999999999998,2.0,0.08522153261895475,1.9774406590467297,30.085221532618956,0.11510451229694191
3825.0,1.0499999999999998,2.0,0.08381651294969876,1.9774666252949595,30.0838165129497,0.11510871165792247
3850.0,1.0499999999999998,2.0,0.08175588098576057,1.977706362325309,30.08175588098576,0.1151266097409016
3875.0,1.0499999999999998,2.0,0.08033071357805883,1.9777375964673751,30.080330713578057,0.11513115523474406
3900.0,1.0499999999999998,2.0,0.07826358459000086,1.9779723885865073,30.07826358459,0.11514877991755884
3925.0,1.0499999999999998,2.0,0.07681722777565406,1.9780041899153091,30.076817227775653,0.11515339994206951
3950.0,1.0499999999999998,2.0,0.07474421749701313,1.978229231046176,30.074744217497013,0.11517047021858072
3975.0,1.0499999999999998,2.0,0.07327732132742731,1.9782576594805679,30.073277321327428,0.11517493415673213
4000.0,1.0499999999999998,2.0,0.07119711267578652,1.9784688184480625,30.071197112675787,0.11519121194803554
4025.0,1.0499999999999998,2.0,0.06971064877104972,1.9784922717844937,30.06971064877105,0.1151954246332688
4050.0,1.0499999999999998,2.0,0.06762203434376808,1.9786874758994326,30.067622034343767,0.115210791454384
4075.0,1.0499999999999998,2.0,0.06611974583502961,1.9787060911552714,30.066119745835028,0.11521475365523841
4100.0,1.0499999999999998,2.0,0.06402507098481468,1.9788861952481316,30.064025070984815,0.11522925465419932
4125.0,1.0499999999999998,2.0,0.0625122100714874,1.9789023022636811,30.06251221007149,0.11523309193136685
4150.0,1.0499999999999998,2.0,0.06041491982275539,1.9790726977794055,30.060414919822755,0.11524703433565432
4175.0,1.0499999999999998,2.0,0.05889315324632822,1.9790918479108082,30.058893153246327,0.11525106675146538
4200.0,1.0499999999999998,2.0,0.05679449764129593,1.9792611346068145,30.056794497641295,0.1152649489086158
4225.0,1.0499999999999998,2.0,0.0552622464361294,1.979289499874803,30.05526224643613,0.11526953897163963
4250.0,1.0499999999999998,2.0,0.05316460043814001,1.9794633181902321,30.05316460043814,0.11528368483987532
4275.0,1.0499999999999998,2.0,0.05162435717239689,1.9795025429547104,30.051624357172397,0.11528892363718968
4300.0,1.0499999999999998,2.0,0.04953515472889912,1.9796793342272663,30.0495351547289,0.11530322823745259
4325.0,1.0499999999999998,2.0,0.0479964204635005,1.979726024841354,30.0479964204635,0.11530889998257846
4350.0,1.0499999999999998,2.0,0.04592410233490995,1.9799008984776982,30.04592410233491,0.11532306228359214
4375.0,1.0499999999999998,2.0,0.044396556919159474,1.9799524274969327,30.04439655691916,0.11532899540924636
4400.0,1.0499999999999998,2.0,0.04234313470129104,1.98012451807738,30.04234313470129,0.11534296110202116
4425.0,1.0499999999999998,2.0,0.04082880862946627,1.980183834870134,30.040828808629467,0.11534932353454974
4450.0,1.0499999999999998,2.0,0.03878884844980639,1.9803582698637996,30.038788848449805,0.11536340170617275
4475.0,1.0499999999999998,2.0,0.03728224618021783,1.9804318402656818,30.03728224618022,0.11537058071701801
4500.0,1.0499999999999998,2.0,0.03524922186033071,1.9806146018002457,30.03524922186033,0.1153851324316156
4525.0,1.0499999999999998,2.0,0.033744107930592085,1.980705919283744,30.03374410793059,0.11539334364367813
4550.0,1.0499999999999998,2.0,0.03171673900139571,1.98089773931039,30.031716739001396,0.11540841410320124
4575.0,1.0499999999999998,2.0,0.03021170369679907,1.9810033253377772,30.0302117036968,0.11541745771622879
4600.0,1.0499999999999998,2.0,0.028193381214605018,1.9811990558060573,30.028193381214606,0.11543274055564193
4625.0,1.0499999999999998,2.0,0.02669044302211478,1.9813112065542537,30.026690443022115,0.11544216394424398
4650.0,1.0499999999999998,2.0,0.024682938346511852,1.9815044457127835,30.024682938346512,0.11545728277579481
4675.0,1.0499999999999998,2.0,0.023182203855279953,1.981617615374013,30.02318220385528,0.11546676263181516
4700.0,1.0499999999999998,2.0,0.021181207944463678,1.9818050875007645,30.021181207944462,0.11548153482604724
4725.0,1.0499999999999998,2.0,0.019678531894350253,1.9819191746997358,30.01967853189435,0.11549107321127956
4750.0,1.0499999999999998,2.0,0.017675328672917826,1.9821012712989428,30.01767532867292,0.1155055382941807
4775.0,1.0499999999999998,2.0,0.0161652476968434,1.9822191414216193,30.016165247696843,0.11551531270744544
4800.0,1.0499999999999998,2.0,0.014152998864201568,1.9823969859667374,30.0141529988642,0.115529549280456
4825.0,1.0499999999999998,2.0,0.012633797057243195,1.9825193524379943,30.012633797057244,0.11553960464151154
4850.0,1.0499999999999998,2.0,0.010613248840301298,1.982691419748157,30.0106132488403,0.1155535223685965
4875.0,1.0499999999999998,2.0,0.009088843713021872,1.9828145306193798,30.009088843713023,0.1155636325063882
4900.0,1.0499999999999998,2.0,0.007067238222919733,1.9829765756989692,30.00706723822292,0.11557696998881868
4925.0,1.0499999999999998,2.0,0.005543248803187895,1.9830950106488894,30.00554324880319,0.11558680815127258
4950.0,1.0499999999999998,2.0,0.0035272805453744394,1.9832431646410047,30.003527280545374,0.11559932688865476
4975.0,1.0499999999999998,2.0,0.0020063609721425956,1.9833536820875504,30.002006360972143,0.11560869895049354
5000.0,1.0499999999999998,2.0,0.0,1.983486326201607,30.0,0.11562029678348087
0.0,1.0499999999999998,2.5,0.6076479782170545,2.450367962065436,30.607647978217056,0.14141055375162168
25.0,1.0499999999999998,2.5,0.6076479782170545,2.4488706875275073,30.607647978217056,0.14132414614884342
50.0,1.0499999999999998,2.5,0.60156121011632,2.450591888762976,30.60156121011632,0.14143754068187514
75.0,1.0499999999999998,2.5,0.6014749150418501,2.449136679746645,30.60147491504185,0.14135375163154057
100.0,1.0499999999999998,2.5,0.5954854195122894,2.4508006577164463,30.59548541951229,0.14146363407501766
125.0,1.0499999999999998,2.5,0.59532670331045,2.4493791957236093,30.59532670331045,0.14138195201994444
150.0,1.0499999999999998,2.5,0.5894397488927076,2.450982511514682,30.58943974889271,0.14148811065223998
175.0,1.0499999999999998,2.5,0.5892166784344248,2.4495911771184775,30.589216678434425,0.1414083085574678
200.0,1.0499999999999998,2.5,0.5834232529344318,2.4511398167061005,30.58342325293443,0.14151110869296527
225.0,1.0499999999999998,2.5,0.5831285437324343,2.449783763796261,30.583128543732435,0.14143350143779107
250.0,1.0499999999999998,2.5,0.5774109257136196,2.451288837596311,30.577410925713618,0.14153362465698957
275.0,1.0499999999999998,2.5,0.5770283164140492,2.4499774605007927,30.57702831641405,0.14145879279874884
300.0,1.0499999999999998,2.5,0.5713701094138879,2.451448840747365,30.571370109413888,0.1415568465353917
325.0,1.0499999999999998,2.5,0.5708890961867058,2.4501875468527725,30.570889096186704,0.14148512725831056
350.0,1.0499999999999998,2.5,0.5652862356608791,2.4516275275457153,30.565286235660878,0.1415812530857504
375.0,1.0499999999999998,2.5,0.5647138181215267,2.450411920090889,30.564713818121525,0.14151237697950492
400.0,1.0499999999999998,2.5,0.5591770013008168,2.451814142428807,30.559177001300817,0.14160618254716448
425.0,1.0499999999999998,2.5,0.5585374799552393,2.4506311308111552,30.558537479955238,0.14153933793828896
450.0,1.0499999999999998,2.5,0.5530798582348692,2.451988259255409,30.55307985823487,0.14163036847706897
475.0,1.0499999999999998,2.5,0.5523992523986724,2.45082555065255,30.552399252398672,0.14156478552581864
500.0,1.0499999999999998,2.5,0.5470220363872876,2.452138392830394,30.547022036387286,0.14165308402828408
525.0,1.0499999999999998,2.5,0.5463088463806689,2.450995403457316,30.54630884638067,0.141588709637736
550.0,1.0499999999999998,2.5,0.5410015257554344,2.4522732936702996,30.541001525755433,0.14167483889788557
575.0,1.0499999999999998,2.5,0.5402425340703372,2.4511625799337664,30.540242534070337,0.1416124294461249
600.0,1.0499999999999998,2.5,0.5349941412659679,2.452416097900071,30.53499414126597,0.14169702562354813
625.0,1.0499999999999998,2.5,0.5341675373783097,2.4513539461985014,30.53416753737831,0.14163757317484926
650.0,1.0499999999999998,2.5,0.5289737350743925,2.452588481713365,30.52897373507439,0.14172095754372932
675.0,1.0499999999999998,2.5,0.5280645896529975,2.451583842256906,30.528064589653,0.14166501460842781
700.0,1.0499999999999998,2.5,0.5229272120181364,2.45279728927909,30.522927212018136,0.14174706113087668
725.0,1.0499999999999998,2.5,0.5219335670210251,2.4518469846817617,30.521933567021026,0.1416944494477954
750.0,1.0499999999999998,2.5,0.5168547838448128,2.4530322234485,30.516854783844813,0.14177474146012767
775.0,1.0499999999999998,2.5,0.515782680963369,2.4521245097332214,30.51578268096337,0.14172476902429001
800.0,1.0499999999999998,2.5,0.5107554047669686,2.4532765969445127,30.510755404766968,0.14180303693737586
825.0,1.0499999999999998,2.5,0.5096088576823602,2.4523996682623377,30.50960885768236,0.14175501264726448
850.0,1.0499999999999998,2.5,0.5046136186011998,2.453521133129818,30.5046136186012,0.14183144747916768
875.0,1.0499999999999998,2.5,0.5033908659313697,2.4526687585275497,30.50339086593137,0.14178501569660923
900.0,1.0499999999999998,2.5,0.49840714582357915,2.4537665535033355,30.498407145823577,0.14186006673808543
925.0,1.0499999999999998,2.5,0.4971068468113058,2.4529370504993033,30.497106846811306,0.14181513370007373
950.0,1.0499999999999998,2.5,0.492128699030082,2.4540152967809292,30.492128699030083,0.14188905287582818
975.0,1.0499999999999998,2.5,0.4907556296917994,2.4532089487102415,30.4907556296918,0.14184562423482405
1000.0,1.0499999999999998,2.5,0.4857945091118333,2.4542668452339993,30.485794509111834,0.14191833844443955
1025.0,1.0499999999999998,2.5,0.48435749092388863,2.4534861095458793,30.484357490923887,0.14187653616752222
1050.0,1.0499999999999998,2.5,0.4794317581295404,2.454521986020764,30.47943175812954,0.14194790588595405
1075.0,1.0499999999999998,2.5,0.47794094099485745,2.4537709876810623,30.47794094099486,0.14190794532468046
1100.0,1.0499999999999998,2.5,0.4730669191718505,2.4547848458682937,30.47306691917185,0.14197793236020184
1125.0,1.0499999999999998,2.5,0.4715354819236715,2.4540657033884683,30.47153548192367,0.1419399058287408
1150.0,1.0499999999999998,2.5,0.46672679453569377,2.4550570111437513,30.466726794535695,0.14200844731360865
1175.0,1.0499999999999998,2.5,0.465172053264337,2.4543663984276995,30.465172053264336,0.14197212255913447
1200.0,1.0499999999999998,2.5,0.46044164066476695,2.455330927688667,30.46044164066477,0.1420389432988445
1225.0,1.0499999999999998,2.5,0.45888199229175186,2.454659927920568,30.45888199229175,0.14200376201017706
1250.0,1.0499999999999998,2.5,0.45424116510733137,2.455589612495497,30.45424116510733,0.14206836834269912
1275.0,1.0499999999999998,2.5,0.4526883292928823,2.4549281601982798,30.452688329292883,0.14203372109311962
1300.0,1.0499999999999998,2.5,0.44814009533473,2.4558158494690687,30.44814009533473,0.14209569143241044
1325.0,1.0499999999999998,2.5,0.4465885991610548,2.4551606789316565,30.446588599161053,0.14206140212342275
1350.0,1.0499999999999998,2.5,0.44212027885166577,2.4560065246218845,30.442120278851664,0.14212077391102287
1375.0,1.0499999999999998,2.5,0.44054577973393366,2.455364968634885,30.440545779733934,0.14208732374227434
1400.0,1.0499999999999998,2.5,0.43613272063712943,2.456176919096438,30.43613272063713,0.14214461372212941
1425.0,1.0499999999999998,2.5,0.4345073947894764,2.45556034394321,30.434507394789478,0.14211272564365188
1450.0,1.0499999999999998,2.5,0.43012731747812843,2.4563479101851025,30.430127317478128,0.14216853581530903
1475.0,1.0499999999999998,2.5,0.42843823664749814,2.4557618736872007,30.428438236647498,0.14213856207478343
1500.0,1.0499999999999998,2.5,0.4240806566138011,2.4565311268114196,30.4240806566138,0.14219326808719027
1525.0,1.0499999999999998,2.5,0.4223316488529297,2.4559734403036946,30.42233164885293,0.14216507351703456
1550.0,1.0499999999999998,2.5,0.41799329473176805,2.456728287285658,30.41799329473177,0.14221890903034232
1575.0,1.0499999999999998,2.5,0.416192040741892,2.4561948598246706,30.41619204074189,0.14219223929342836
1600.0,1.0499999999999998,2.5,0.41186559466557304,2.456941161500409,30.411865594665574,0.14224556061884772
1625.0,1.0499999999999998,2.5,0.4100125898215053,2.456431148417707,30.410012589821505,0.1422203660463319
1650.0,1.0499999999999998,2.5,0.40568287338345765,2.457176937094529,30.40568287338346,0.14227367376656633
1675.0,1.0499999999999998,2.5,0.40377228020174577,2.4566919186304412,30.403772280201746,0.14225005991318215
1700.0,1.0499999999999998,2.5,0.3994271472828027,2.45744061113414,30.39942714728279,0.14230358049412573
1725.0,1.0499999999999998,2.5,0.39745734221386636,2.4569788949227074,30.39745734221377,0.14228145359861735
1750.0,1.0499999999999998,2.5,0.39310287145684547,2.4577215837927016,30.393102871456207,0.14233465721470065
1775.0,1.0499999999999998,2.5,0.3910861241010246,2.4572732763285265,30.391086124096976,0.1423134159823003
1800.0,1.0499999999999998,2.5,0.38674595914049825,2.457991034039855,30.386745959116457,0.14236515102627234
1825.0,1.0499999999999998,2.5,0.3847044751618908,2.4575410647100795,30.384704475027792,0.14234387076300498
1850.0,1.0499999999999998,2.5,0.3804016553068768,2.4582175258751846,30.38040165460426,0.14239313484715324
1875.0,1.0499999999999998,2.5,0.3783518996937753,2.4577556123832722,30.378351896235376,0.14237118129754028
1900.0,1.0499999999999998,2.5,0.3740936565210382,2.4583874805316124,30.37409364052956,0.14241776570741244
1925.0,1.0499999999999998,2.5,0.3720366479511465,2.457914894153575,30.37203657848733,0.1423952100134544
1950.0,1.0499999999999998,2.5,0.3678160760782182,2.4585117421780245,30.367815792622473,0.14243968513848787
1975.0,1.0499999999999998,2.5,0.36574349095613595,2.458038767854396,30.365742404359214,0.1424171441621861
2000.0,1.0499999999999998,2.5,0.36155076362204863,2.4586158105899605,30.361546850636216,0.14246041966578088
2025.0,1.0499999999999998,2.5,0.3594571141931377,2.458154987881649,30.3594438767327,0.14243865110573228
2050.0,1.0499999999999998,2.5,0.3552861035108012,2.4587283118209826,30.355244034948537,0.14248172816768795
2075.0,1.0499999999999998,2.5,0.3531707491989975,2.4582951491019895,30.35304515567124,0.14246178659726821
2100.0,1.0499999999999998,2.5,0.3490162015201997,2.4588899433051377,30.348663965760903,0.14250654093005158
2125.0,1.0499999999999998,2.5,0.3468711612274309,2.458528204216714,30.345943143605147,0.1424919636062768
2150.0,1.0499999999999998,2.5,0.34271399589922663,2.4592297639229574,30.340417130225134,0.14254560417935355
2175.0,1.0499999999999998,2.5,0.34049579960441667,2.4591105594768763,30.335155426911854,0.1425510559686885
2200.0,1.0499999999999998,2.5,0.33625895699525776,2.460237186111902,30.324594510630103,0.14264119667057742
2225.0,1.0499999999999998,2.5,0.3338246311929363,2.460922988378468,30.309890741265143,0.1427155626597768
2250.0,1.0499999999999998,2.5,0.3292831617316603,2.4633789972605813,30.28314938142708,0.14292105428397314
2275.0,1.0499999999999998,2.5,0.3262967526520515,2.466192382747088,30.242759268497913,0.14317979691579347
2300.0,1.0499999999999998,2.5,0.32101181116647004,2.47169570728016,30.17890976376803,0.14365102407202754
2325.0,1.0499999999999998,2.5,0.3169723385705064,2.4785499250301535,30.089893913399123,0.1442622957922821
2350.0,1.0499999999999998,2.5,0.3104858883023009,2.488775549777963,29.96960079757603,0.1451478973126658
2375.0,1.0499999999999998,2.5,0.30514655594304535,2.500440204312786,29.82442152608285,0.14618269195060682
2400.0,1.0499999999999998,2.5,0.2976158328467003,2.514499611742211,29.660758640148433,0.1474096590737092
2425.0,1.0499999999999998,2.5,0.2917184049153409,2.527829119517845,29.499136822826884,0.14859649121576782
2450.0,1.0499999999999998,2.5,0.2845094149427818,2.5402386473015524,29.357887667228958,0.1496847696090717
2475.0,1.0499999999999998,2.5,0.2799055463259291,2.548103046480731,29.262210650125766,0.1503934483169276
2500.0,1.0499999999999998,2.5,0.27496411685313393,2.551586937592714,29.224964116853133,0.15069501053613635
2525.0,1.0499999999999998,2.5,0.27317740838461085,2.548498976274436,29.25548251218445,0.1504341121159741
2550.0,1.0499999999999998,2.5,0.2711326511890872,2.5410008800577155,29.344510903475264,0.1497638079611342
2575.0,1.0499999999999998,2.5,0.2716947199265923,2.529000100203285,29.479113137838137,0.14871580829893163
2600.0,1.0499999999999998,2.5,0.27115091977247735,2.5159994886589234,29.634293727074212,0.14756343431973637
2625.0,1.0499999999999998,2.5,0.2721819027025634,2.502364686221086,29.791456872842367,0.14637611895851144
2650.0,1.0499999999999998,2.5,0.2713002897061705,2.491005255705283,29.930415198979905,0.14537300553534774
2675.0,1.0499999999999998,2.5,0.27139492122137604,2.4812357944481107,30.044316496049994,0.1445281254460906
2700.0,1.0499999999999998,2.5,0.2693793567074895,2.4746737345467884,30.127277309309047,0.14394729317512928
2725.0,1.0499999999999998,2.5,0.2683183202215626,2.469659745314993,30.184780836067425,0.14351873765166542
2750.0,1.0499999999999998,2.5,0.2653704584962202,2.4671144139857333,30.219236678191642,0.1432890627244671
2775.0,1.0499999999999998,2.5,0.2635794243900802,2.465164710066044,30.239645534462287,0.1431275015459271
2800.0,1.0499999999999998,2.5,0.2601798814010785,2.464702525421839,30.248515435035923,0.14307968455194853
2825.0,1.0499999999999998,2.5,0.2580832959453478,2.4640844866113487,30.252742923252786,0.1430338117216399
2850.0,1.0499999999999998,2.5,0.2545474561204213,2.4643747002472303,30.252250590446327,0.1430518218986874
2875.0,1.0499999999999998,2.5,0.2523514901619959,2.464182705149233,30.251423472539713,0.1430426324395617
2900.0,1.0499999999999998,2.5,0.24879307095682163,2.4646696030579975,30.248440835197524,0.14307794979103977
2925.0,1.0499999999999998,2.5,0.2465545087725262,2.4645908857995287,30.246428915244767,0.1430781385003134
2950.0,1.0499999999999998,2.5,0.24299340439093967,2.4651133688934017,30.24295133582868,0.14311669812385916
2975.0,1.0499999999999998,2.5,0.24071928297763381,2.4650673651195496,30.240706045517197,0.14311934010536628
3000.0,1.0499999999999998,2.5,0.23715481627251123,2.465588230439342,30.23715090328668,0.14315799620414632
3025.0,1.0499999999999998,2.5,0.23484515379844656,2.4655552966370484,30.234844067201525,0.14316154509328288
3050.0,1.0499999999999998,2.5,0.23127663293415568,2.466066066853107,30.23127634947841,0.1431996518178371
3075.0,1.0499999999999998,2.5,0.22893277829394143,2.4660404889957332,30.228932708830126,0.14320371751068744
3100.0,1.0499999999999998,2.5,0.22536138064972216,2.4665404966559112,30.225361364658244,0.14324121484766242
3125.0,1.0499999999999998,2.5,0.22298882438280837,2.466520188109583,30.22298882092441,0.1432456576083005
3150.0,1.0499999999999998,2.5,0.21942058188282793,2.467010006997586,30.219420581180213,0.14328256282505927
3175.0,1.0499999999999998,2.5,0.21703175255127363,2.46699227246516,30.217031752417178,0.14328719631272413
3200.0,1.0499999999999998,2.5,0.213479385144795,2.4674697043203153,30.213479385120753,0.14332335130416884
3225.0,1.0499999999999998,2.5,0.2110895670211679,2.4674516900287546,30.21108956701712,0.14332797351319887
3250.0,1.0499999999999998,2.5,0.20756469677642417,2.467914441405203,30.207564696775783,0.1433632172352127
3275.0,1.0499999999999998,2.5,0.2051803989386319,2.4678985328906475,30.205180398938538,0.1433679512591409
3300.0,1.0499999999999998,2.5,0.20168153783603446,2.468350931347575,30.20168153783602,0.1434025383632613
3325.0,1.0499999999999998,2.5,0.19929484222379645,2.468347061960571,30.199294842223797,0.14340798010355252
3350.0,1.0499999999999998,2.5,0.19580871162226754,2.468799882886046,30.195808711622266,0.14344256801536118
3375.0,1.0499999999999998,2.5,0.19340739513289978,2.4688187357004905,30.1934073951329,0.14344936741084247
3400.0,1.0499999999999998,2.5,0.18992489824161565,2.469279964886445,30.189924898241614,0.14348444184228418
3425.0,1.0499999999999998,2.5,0.18750683643354601,2.469323799404923,30.187506836433545,0.14349273560985437
3450.0,1.0499999999999998,2.5,0.18403361722831998,2.4697913770660094,30.18403361722832,0.14352816365365564
3475.0,1.0499999999999998,2.5,0.1816081034245427,2.4698529402976477,30.181608103424544,0.14353750858138595
3500.0,1.0499999999999998,2.5,0.17815742515067873,2.4703176712925674,30.17815742515068,0.14357272440552665
3525.0,1.0499999999999998,2.5,0.1757344530012899,2.4703869573592705,30.17573445300129,0.14358251541113526
3550.0,1.0499999999999998,2.5,0.17231325911156262,2.4708406109031267,30.17231325911156,0.14361702398927165
3575.0,1.0499999999999998,2.5,0.16989385359013665,2.4709116788689873,30.169893853590136,0.14362691336721473
3600.0,1.0499999999999998,2.5,0.1664968919266223,2.4713516931492188,30.166496891926624,0.14366057803559065
3625.0,1.0499999999999998,2.5,0.16407152652110726,2.4714246932695105,30.164071526521106,0.1436705971835123
3650.0,1.0499999999999998,2.5,0.1606852786377086,2.471853342275155,30.160685278637708,0.1437035820868045
3675.0,1.0499999999999998,2.5,0.1582394906811002,2.4719317758800865,30.1582394906811,0.14371396903936495
3700.0,1.0499999999999998,2.5,0.15484936240918273,2.472352542157513,30.154849362409184,0.14374651128170396
3725.0,1.0499999999999998,2.5,0.15237170493975843,2.4724388440405045,30.152371704939757,0.14375743500917212
3750.0,1.0499999999999998,2.5,0.14896771567371644,2.4728530549251317,30.148967715673717,0.14378963552356075
3775.0,1.0499999999999998,2.5,0.14645551864432318,2.4729459006156214,30.146455518644323,0.14380102556311605
3800.0,1.0499999999999998,2.5,0.14303671007691654,2.473350668756593,30.143036710076917,0.14383271872780934
3825.0,1.0499999999999998,2.5,0.14049756762562965,2.473445258420803,30.14049756762563,0.14384427799228658
3850.0,1.0499999999999998,2.5,0.1370725829803134,2.473834627726775,30.137072582980313,0.14387509671460133
3875.0,1.0499999999999998,2.5,0.13451872289941755,2.4739264472247218,30.13451872289942,0.14388653352854458
3900.0,1.0499999999999998,2.5,0.13109809418607213,2.4742971189680887,30.131098094186072,0.14391626058358192
3925.0,1.0499999999999998,2.5,0.12853664144594495,2.474386470530144,30.128536641445944,0.14392757546366397
3950.0,1.0499999999999998,2.5,0.12512435580039633,2.474742286064642,30.125124355800395,0.14395642448704277
3975.0,1.0499999999999998,2.5,0.12255463290494847,2.474833800939537,30.122554632904947,0.14396788841229294
4000.0,1.0499999999999998,2.5,0.11914921754420145,2.475182923400414,30.1191492175442,0.14399633759377903
4025.0,1.0499999999999998,2.5,0.11656842806802101,2.47528116277297,30.11656842806802,0.1440082226479092
4050.0,1.0499999999999998,2.5,0.113168632856136,2.4756300467401315,30.113168632856137,0.14403665042939193
4075.0,1.0499999999999998,2.5,0.11057602597545844,2.4757378983352147,30.11057602597546,0.14404912655183363
4100.0,1.0499999999999998,2.5,0.1071821954870514,2.4760891241539924,30.107182195487052,0.144077682275329
4125.0,1.0499999999999998,2.5,0.10457953340770441,2.476209127172286,30.104579533407705,0.1440908931779172
4150.0,1.0499999999999998,2.5,0.10119320292878753,2.476562510147805,30.101193202928787,0.1441195624865846
4175.0,1.0499999999999998,2.5,0.09858665340462244,2.4766961132755796,30.098586653404624,0.1441335779123443
4200.0,1.0499999999999998,2.5,0.09521299911207853,2.4770492585925212,30.09521299911208,0.14416220909137337
4225.0,1.0499999999999998,2.5,0.09261371734566605,2.477194864698783,30.092613717345667,0.1441769095600019
4250.0,1.0499999999999998,2.5,0.08926106862677954,2.4775445756924785,30.08926106862678,0.14420529658147985
4275.0,1.0499999999999998,2.5,0.0866775999853545,2.4776994763965656,30.086677599985354,0.1442205040957423
4300.0,1.0499999999999998,2.5,0.08334901396802065,2.478045793401006,30.08334901396802,0.14424864188303846
4325.0,1.0499999999999998,2.5,0.08077711560013887,2.478210604346303,30.08077711560014,0.14426440252272377
4350.0,1.0499999999999998,2.5,0.07746407696951126,2.4785584218916346,30.077464076969513,0.14429259634420025
4375.0,1.0499999999999998,2.5,0.0748888046793179,2.4787365719900483,30.07488880467932,0.14430914569294323
4400.0,1.0499999999999998,2.5,0.07157893815424687,2.479089905197399,30.071578938154246,0.14433765903745505
4425.0,1.0499999999999998,2.5,0.06898991629607344,2.479281182605176,30.068989916296072,0.1443550098756647
4450.0,1.0499999999999998,2.5,0.06567996187929484,2.479636341908414,30.065679961879294,0.14438363586122607
4475.0,1.0499999999999998,2.5,0.06308024114340045,2.4798342217713034,30.0630802411434,0.14440140114847425
4500.0,1.0499999999999998,2.5,0.05977538929935197,2.4801824504796963,30.05977538929935,0.14442961743204422
4525.0,1.0499999999999998,2.5,0.057171949116290366,2.4803807096226587,30.05717194911629,0.14444741809094194
4550.0,1.0499999999999998,2.5,0.053873117613754684,2.480717825097372,30.053873117613755,0.14447497876196355
4575.0,1.0499999999999998,2.5,0.051264418416999795,2.4809172602148553,30.051264418417,0.14449286488195576
4600.0,1.0499999999999998,2.5,0.047963806590595105,2.4812470808777998,30.047963806590595,0.14452001093172742
4625.0,1.0499999999999998,2.5,0.04534215421455169,2.4814527666452926,30.045342154214552,0.14453829662322518
4650.0,1.0499999999999998,2.5,0.04203230713685231,2.481780643029585,30.042032307136854,0.14456535759136915
4675.0,1.0499999999999998,2.5,0.039394095658175525,2.4819948077326215,30.039394095658174,0.14458418146519159
4700.0,1.0499999999999998,2.5,0.03607513032134703,2.4823210486462886,30.036075130321347,0.14461117510271537
4725.0,1.0499999999999998,2.5,0.033423367996820455,2.482541080580585,30.03342336799682,0.14463037793224098
4750.0,1.0499999999999998,2.5,0.030099374963531537,2.482861582302958,30.03009937496353,0.1446570553313274
4775.0,1.0499999999999998,2.5,0.02743752464163333,2.48308365513208,30.027437524641634,0.14467640594762424
4800.0,1.0499999999999998,2.5,0.024109481915013022,2.4833948244482373,30.024109481915012,0.14470255532943874
4825.0,1.0499999999999998,2.5,0.021436968353449957,2.4836171984930857,30.02143696835345,0.14472195378650662
4850.0,1.0499999999999998,2.5,0.018103151922526498,2.4839181550533365,30.018103151922528,0.14474752789167175
4875.0,1.0499999999999998,2.5,0.015418556193739054,2.484140573756783,30.01541855619374,0.14476696267524053
4900.0,1.0499999999999998,2.5,0.012079805172263026,2.4844318434701567,30.012079805172263,0.14479199000672954
4925.0,1.0499999999999998,2.5,0.009384672177051627,2.4846543836661605,30.009384672177053,0.14481146188382055
4950.0,1.0499999999999998,2.5,0.006043821315143571,2.4849374335697654,30.006043821315142,0.14483602098825923
4975.0,1.0499999999999998,2.5,0.003341294549336948,2.485161275792264,30.003341294549337,0.14485559119672825
5000.0,1.0499999999999998,2.5,0.0,2.485438064319765,30.0,0.14487979213041607
0.0,1.0499999999999998,3.0,0.8885434341816075,2.9137016509624405,30.888543434181607,0.167383198186903
25.0,1.0499999999999998,3.0,0.8885434341816075,2.9117139344436045,30.888543434181607,0.1672690099865079
50.0,1.0499999999999998,3.0,0.8799156963760933,2.914231966178697,30.879915696376095,0.16743704892045835
75.0,1.0499999999999998,3.0,0.8797504296086714,2.9123244441434437,30.87975042960867,0.16732790010242696
100.0,1.0499999999999998,3.0,0.8712299895429197,2.9147810123848155,30.87122998954292,0.167492151563881
125.0,1.0499999999999998,3.0,0.870923876752428,2.912945751298367,30.87092387675243,0.16738752179148586
150.0,1.0499999999999998,3.0,0.8625139218328153,2.915344334716948,30.862513921832814,0.1675481759051475
175.0,1.0499999999999998,3.0,0.8621000925712311,2.9135691058081234,30.862100092571232,0.16744727410500496
200.0,1.0499999999999998,3.0,0.8538026821123955,2.9159142306304986,30.853802682112395,0.16760458414341028
225.0,1.0499999999999998,3.0,0.8533039726636974,2.914191912769241,30.853303972663696,0.16750694035758754
250.0,1.0499999999999998,3.0,0.8451188505507607,2.916487849599809,30.84511885055076,0.16766115118983158
275.0,1.0499999999999998,3.0,0.844536754255277,2.914820335924609,30.844536754255277,0.1675668713850479
300.0,1.0499999999999998,3.0,0.8364652619095889,2.91706714094664,30.836465261909588,0.16771798137739685
325.0,1.0499999999999998,3.0,0.8357871194909364,2.915459936835275,30.835787119490938,0.16762741771803347
350.0,1.0499999999999998,3.0,0.8278336373160223,2.9176520044436693,30.827833637316022,0.1677750914681413
375.0,1.0499999999999998,3.0,0.8270476463187405,2.916106208697403,30.82704764631874,0.1676883405779953
400.0,1.0499999999999998,3.0,0.8192152552188979,2.918235616298249,30.819215255218896,0.1678321127991847
425.0,1.0499999999999998,3.0,0.8183161626461055,2.9167468499664224,30.818316162646106,0.16774893850921502
450.0,1.0499999999999998,3.0,0.8106005694898047,2.9188087965227636,30.810600569489804,0.16788854326620764
475.0,1.0499999999999998,3.0,0.8095872732937458,2.917371310351803,30.809587273293747,0.1678086191808567
500.0,1.0499999999999998,3.0,0.8019731299275024,2.9193683509154438,30.801973129927504,0.16794424370339303
525.0,1.0499999999999998,3.0,0.8008470067840895,2.9179779711056772,30.80084700678409,0.1678673271460856
550.0,1.0499999999999998,3.0,0.7933112720310935,2.919919629876365,30.793311272031094,0.16799958079435814
575.0,1.0499999999999998,3.0,0.7920758265300463,2.9185745211740084,30.792075826530045,0.16792555771073775
600.0,1.0499999999999998,3.0,0.7846006937451999,2.920470648963389,30.7846006937452,0.16805505480651012
625.0,1.0499999999999998,3.0,0.7832619703481362,2.9191704628545314,30.783261970348136,0.16798388970290976
650.0,1.0499999999999998,3.0,0.775848685597305,2.9210233580197023,30.775848685597303,0.1681107582962749
675.0,1.0499999999999998,3.0,0.7744184070082792,2.9197663244367007,30.77441840700828,0.16804231833966732
700.0,1.0499999999999998,3.0,0.7670865593312594,2.9215702868333664,30.767086559331258,0.16816617596835085
725.0,1.0499999999999998,3.0,0.7655829890658029,2.9203514929163776,30.765582989065802,0.16810012947396125
750.0,1.0499999999999998,3.0,0.7583525741613324,2.9221012939207722,30.758352574161332,0.1682206192936243
775.0,1.0499999999999998,3.0,0.7567902938060775,2.920917172283224,30.756790293806077,0.16815672190479045
800.0,1.0499999999999998,3.0,0.749662815743403,2.9226166624964627,30.749662815743402,0.1682740600473285
825.0,1.0499999999999998,3.0,0.7480393487539954,2.9214712861232552,30.748039348753995,0.16821255383096018
850.0,1.0499999999999998,3.0,0.7409956908342917,2.9231329860350077,30.740995690834293,0.1683275122898279
875.0,1.0499999999999998,3.0,0.7392945680951349,2.9220357087420146,30.739294568095136,0.16826898182743588
900.0,1.0499999999999998,3.0,0.732310313158624,2.9236719986833504,30.732310313158624,0.16838233968186814
925.0,1.0499999999999998,3.0,0.7305177070910079,2.922628636396326,30.730517707091007,0.16832715887500677
950.0,1.0499999999999998,3.0,0.7235811470917133,2.924243098909929,30.723581147091714,0.16843915423988745
975.0,1.0499999999999998,3.0,0.7216947802848278,2.9232524347908875,30.721694780284828,0.16838726045528166
1000.0,1.0499999999999998,3.0,0.7148136223938514,2.9248382583270027,30.71481362239385,0.16849747958612835
1025.0,1.0499999999999998,3.0,0.7128389091412858,2.923895772844001,30.712838909141286,0.1684485988137004
1050.0,1.0499999999999998,3.0,0.7060308543643442,2.9254425126017156,30.706030854364343,0.16855639087647517
1075.0,1.0499999999999998,3.0,0.703972672620539,2.9245455930553566,30.703972672620537,0.1685103603043651
1100.0,1.0499999999999998,3.0,0.6972464047538375,2.926049775230084,30.697246404753837,0.16861550044409332
1125.0,1.0499999999999998,3.0,0.6951022356147145,2.9252009941508463,30.695102235614716,0.1685724762929346
1150.0,1.0499999999999998,3.0,0.6884472491924362,2.9266704633356677,30.688447249192436,0.1686754445588691
1175.0,1.0499999999999998,3.0,0.6862092264657147,2.925875309795854,30.686209226465714,0.16863576593584792
1200.0,1.0499999999999998,3.0,0.6796051533952007,2.9273223525822196,30.6796051533952,0.16873732591745877
1225.0,1.0499999999999998,3.0,0.6772724658454456,2.926581382671182,30.677272465845444,0.16870102838887857
1250.0,1.0499999999999998,3.0,0.670705707309775,2.9280124004962644,30.670705707309775,0.1688015863031364
1275.0,1.0499999999999998,3.0,0.6682923827411186,2.9273165141757196,30.668292382741118,0.16876810794967248
1300.0,1.0499999999999998,3.0,0.6617621856844097,2.928728588149139,30.66176218568441,0.16886749745177967
1325.0,1.0499999999999998,3.0,0.6592890543810189,2.9280634740972813,30.65928905438102,0.16883595681884817
1350.0,1.0499999999999998,3.0,0.6528014409275932,2.9294482995822553,30.652801440927593,0.1689336820879382
1375.0,1.0499999999999998,3.0,0.6502825960664537,2.9288020258199103,30.650282596066454,0.1689033529808362
1400.0,1.0499999999999998,3.0,0.6438431967543882,2.9301506083580375,30.64384319675439,0.16899887907628358
1425.0,1.0499999999999998,3.0,0.6412819305889406,2.929516183992947,30.641281930588942,0.16896934964700447
1450.0,1.0499999999999998,3.0,0.6348930487495105,2.930821433888269,30.63489304874951,0.1690622603101481
1475.0,1.0499999999999998,3.0,0.6322873289645189,2.9301947487536535,30.63228732896452,0.16903329934978603
1500.0,1.0499999999999998,3.0,0.6259489451999302,2.9314523225441858,30.62594894519993,0.16912334291699277
1525.0,1.0499999999999998,3.0,0.6232984092986937,2.93082995903767,30.623298409298695,0.1690947544453017
1550.0,1.0499999999999998,3.0,0.6170115379661404,2.932037907798703,30.61701153796614,0.1691818144143582
1575.0,1.0499999999999998,3.0,0.6143201412646693,2.9314173715359635,30.61432014126467,0.16915344369207103
1600.0,1.0499999999999998,3.0,0.6080863124948436,2.932577479098639,30.608086312494844,0.16923761746618463
1625.0,1.0499999999999998,3.0,0.6053583591206599,2.9319601190782185,30.60535835912066,0.16920953050915932
1650.0,1.0499999999999998,3.0,0.5991743921826193,2.9330806986084395,30.59917439218262,0.16929130543469484
1675.0,1.0499999999999998,3.0,0.5964099722657059,2.9324734838713438,30.596409972265707,0.16926390433906327
1700.0,1.0499999999999998,3.0,0.5902678222332065,2.9335679558881527,30.59026782223319,0.16934407638216184
1725.0,1.0499999999999998,3.0,0.5874650480592964,2.9329804171571134,30.5874650480592,0.16931791682574354
1750.0,1.0499999999999998,3.0,0.5813588594677086,2.934061125861965,30.58135885946707,0.1693972142808845
1775.0,1.0499999999999998,3.0,0.5785174424798754,2.9335014834207187,30.578517442475825,0.16937277215802377
1800.0,1.0499999999999998,3.0,0.5724464311436426,2.934576068397503,30.5724464311196,0.16945163807682345
1825.0,1.0499999999999998,3.0,0.5695641845403319,2.934051902122126,30.569564184406236,0.16942935781582455
1850.0,1.0499999999999998,3.0,0.5635273838180787,2.935125082068109,30.563527383115463,0.1695080673590239
1875.0,1.0499999999999998,3.0,0.5605958841459071,2.934645060986673,30.560595880687508,0.16948847383338222
1900.0,1.0499999999999998,3.0,0.5545882268890686,2.9357205099729398,30.55458821089759,0.16956725344713275
1925.0,1.0499999999999998,3.0,0.5515972085096745,2.9352915521582026,30.55159713904586,0.16955077593509177
1950.0,1.0499999999999998,3.0,0.5456136621005001,2.936369995249674,30.545613378644756,0.16962968230959305
1975.0,1.0499999999999998,3.0,0.5425612265428009,2.9359916657984124,30.54256013994588,0.1696163041405106
2000.0,1.0499999999999998,3.0,0.5366062477209308,2.9370668832396802,30.5366023347351,0.1696949725806664
2025.0,1.0499999999999998,3.0,0.5335063048158895,2.9367286305107774,30.533493067355455,0.16968406826657334
2050.0,1.0499999999999998,3.0,0.5275981924525726,2.9377882408107876,30.52755612389031,0.1697617975843911
2075.0,1.0499999999999998,3.0,0.5244751407764926,2.9374782136690905,30.524349547248733,0.16975279803200718
2100.0,1.0499999999999998,3.0,0.5186308415573863,2.938524458358972,30.518278605798088,0.1698301485335324
2125.0,1.0499999999999998,3.0,0.5154930997123139,2.938270344513316,30.51456508209003,0.1698257948671858
2150.0,1.0499999999999998,3.0,0.5096898144006069,2.9393940671979992,30.507392948726512,0.1699107127078651
2175.0,1.0499999999999998,3.0,0.5064795300581771,2.9393915029935966,30.501139157365614,0.16992798237135595
2200.0,1.0499999999999998,3.0,0.5005880947498778,2.94098202842,30.48892364838472,0.17005398776971897
2225.0,1.0499999999999998,3.0,0.4970880059910541,2.941912730712604,30.47315411606326,0.17015181179811673
2250.0,1.0499999999999998,3.0,0.49075663598730673,2.94507370490507,30.444622855682727,0.17041442958742942
2275.0,1.0499999999999998,3.0,0.4864624061033205,2.9485429369072467,30.402924921949182,0.17073213420497327
2300.0,1.0499999999999998,3.0,0.4790344496845981,2.955358931758512,30.336932402286156,0.17131283351196783
2325.0,1.0499999999999998,3.0,0.47320413935511557,2.9636863210010302,30.246125714183734,0.1720532400428278
2350.0,1.0499999999999998,3.0,0.46400478743083506,2.9761926334194757,30.123119696704567,0.17313168665317122
2375.0,1.0499999999999998,3.0,0.456266498089083,2.990326976266637,29.975541468228887,0.17438159939558148
2400.0,1.0499999999999998,3.0,0.44551468409752915,3.0074809151223936,29.808657491399263,0.17587218853078676
2425.0,1.0499999999999998,3.0,0.4369202529036361,3.0236659560403947,29.64433867081518,0.1773080376779032
2450.0,1.0499999999999998,3.0,0.42658093554768567,3.0388911311525018,29.499959187833863,0.1786363886696845
2475.0,1.0499999999999998,3.0,0.4197898487892372,3.0485595197732325,29.402094952589074,0.17950272130772052
2500.0,1.0499999999999998,3.0,0.4126810339621871,3.053088528216213,29.362681033962186,0.17989000754641765
2525.0,1.0499999999999998,3.0,0.4099131584571159,3.049609097244762,29.392218262256954,0.17959468871691905
2550.0,1.0499999999999998,3.0,0.4069818539971867,3.0409208324439776,29.480360106283364,0.17881511159057525
2575.0,1.0499999999999998,3.0,0.40761206333959416,3.0267023991780238,29.61503048125114,0.17757389683497748
2600.0,1.0499999999999998,3.0,0.40688662837585354,3.0113473950455094,29.77002943567759,0.17621250446664194
2625.0,1.0499999999999998,3.0,0.40823791339160564,2.995119595250124,29.92751288353141,0.17480117659342012
2650.0,1.0499999999999998,3.0,0.4070733951673855,2.981676035042572,30.06618830444112,0.17361480804089083
2675.0,1.0499999999999998,3.0,0.40710878712913995,2.970052053275179,30.18003036195776,0.1726114977654009
2700.0,1.0499999999999998,3.0,0.40432040917785267,2.9623289068410243,30.26221836177941,0.17192870518871636
2725.0,1.0499999999999998,3.0,0.4026777168015624,2.956397107807835,30.319140232647424,0.17142328930787207
2750.0,1.0499999999999998,3.0,0.39849842632603083,2.95348608495131,30.352364646021453,0.17116074172529586
2775.0,1.0499999999999998,3.0,0.39574392148148235,2.9512349463619056,30.37181003155369,0.17097552413199535
2800.0,1.0499999999999998,3.0,0.390828514508691,2.9508369377275434,30.379164068143535,0.17093177316519964
2825.0,1.0499999999999998,3.0,0.38755883279210146,2.9501939929567644,30.38221846009954,0.17088593918000577
2850.0,1.0499999999999998,3.0,0.38236844159014266,2.950715658175761,30.38007157591605,0.17092219492542998
2875.0,1.0499999999999998,3.0,0.3789034109835095,2.9505898595940097,30.377975393361226,0.17092080470797705
2900.0,1.0499999999999998,3.0,0.37363995386512017,2.9513558444818107,30.37328771810582,0.17097836891548526
2925.0,1.0499999999999998,3.0,0.37010070755828034,2.951365389701646,30.36997511403052,0.17098824639651494
2950.0,1.0499999999999998,3.0,0.3648333877047386,2.95217400358511,30.364791319142476,0.1710496923872081
2975.0,1.0499999999999998,3.0,0.3612650014910782,2.952219508826035,30.36125176403064,0.1710622994355528
3000.0,1.0499999999999998,3.0,0.35602096795317256,2.953022615192653,30.35601705496734,0.17112358702833302
3025.0,1.0499999999999998,3.0,0.35244594913091,2.953081074739546,30.35244486253399,0.17113704438619423
3050.0,1.0499999999999998,3.0,0.34723945920583577,2.9538677067826544,30.34723917575009,0.17119731279327183
3075.0,1.0499999999999998,3.0,0.34366583029385533,2.953935384984449,30.34366576083004,0.17121131565941905
3100.0,1.0499999999999998,3.0,0.3384991540623219,2.954706376827373,30.338499138070844,0.17127058442636003
3125.0,1.0499999999999998,3.0,0.33492092854980027,2.954787804963151,30.3349209250914,0.17128540569000725
3150.0,1.0499999999999998,3.0,0.32978534991399083,2.955549839590291,30.329785349211374,0.17134408443188112
3175.0,1.0499999999999998,3.0,0.32619073962504064,2.9556515325889228,30.326190739490944,0.17136013483523038
3200.0,1.0499999999999998,3.0,0.32107492337474725,2.9564105935988976,30.321074923350707,0.17141860216818325
3225.0,1.0499999999999998,3.0,0.31745505322177525,2.956535613868477,30.317455053217724,0.17143608481530684
3250.0,1.0499999999999998,3.0,0.31235048593871106,2.9572934418451577,30.312350485938072,0.1714944657394794
3275.0,1.0499999999999998,3.0,0.30870024664308227,2.9574406426886846,30.308700246642985,0.17151332916927725
3300.0,1.0499999999999998,3.0,0.30360138247471197,2.9581954405144573,30.3036013824747,0.17157153522693347
3325.0,1.0499999999999998,3.0,0.2999184548723011,2.958360428337817,30.2999184548723,0.17159153175567207
3350.0,1.0499999999999998,3.0,0.29482414584434713,2.9591075080339437,30.29482414584435,0.17164929430998035
3375.0,1.0499999999999998,3.0,0.2911117023331081,2.9592824706056082,30.291111702333108,0.17166996225311823
3400.0,1.0499999999999998,3.0,0.28602791223070834,2.960014131679544,30.286027912230708,0.17172681755670186
3425.0,1.0499999999999998,3.0,0.2822953632412369,2.960189274049374,30.282295363241236,0.1717475622271604
3450.0,1.0499999999999998,3.0,0.27723154649252185,2.9608974980497584,30.277231546492523,0.17180301783994587
3475.0,1.0499999999999998,3.0,0.2734864410891399,2.9610669327501107,30.27348644108914,0.17182347619015115
3500.0,1.0499999999999998,3.0,0.26844341968029056,2.961750077512103,30.268443419680292,0.17187743386033028
3525.0,1.0499999999999998,3.0,0.26468080502398295,2.9619177636596485,30.264680805023982,0.17189784957331392
3550.0,1.0499999999999998,3.0,0.2596438367220691,2.962584032029785,30.25964383672207,0.17195082665534314
3575.0,1.0499999999999998,3.0,0.2558488746273596,2.9627610989692457,30.25584887462736,0.17197188788688364
3600.0,1.0499999999999998,3.0,0.2508000403838506,2.963421315777042,30.25080004038385,0.17202456340347982
3625.0,1.0499999999999998,3.0,0.24696493103308503,2.96361516577877,30.246964931033084,0.17204672240215882
3650.0,1.0499999999999998,3.0,0.2419023330238566,2.964272137388961,30.241902333023855,0.17209926476344853
3675.0,1.0499999999999998,3.0,0.23803620910428835,2.9644801870993827,30.238036209104287,0.17212234609168514
3700.0,1.0499999999999998,3.0,0.23297445457321553,2.9651287328105687,30.232974454573217,0.17217441300530578
3725.0,1.0499999999999998,3.0,0.22909292206630735,2.9653444288616098,30.229092922066307,0.1721979920826972
3750.0,1.0499999999999998,3.0,0.2240464501971831,2.9659806051019495,30.224046450197182,0.17224931325909154
3775.0,1.0499999999999998,3.0,0.22015716381678138,2.9662019141628964,30.220157163816783,0.1722732503594005
3800.0,1.0499999999999998,3.0,0.21513041590875717,2.966827628384673,30.215130415908757,0.17232392361744003
3825.0,1.0499999999999998,3.0,0.21123319728815645,2.9670570662363573,30.211233197288156,0.17234836549297342
3850.0,1.0499999999999998,3.0,0.20622514291109056,2.9676763538004325,30.20622514291109,0.17239862791838897
3875.0,1.0499999999999998,3.0,0.20231979937337813,2.967916416142694,30.202319799373377,0.17242372028674174
3900.0,1.0499999999999998,3.0,0.19732859672227612,2.968532126908125,30.197328596722276,0.172473742547148
3925.0,1.0499999999999998,3.0,0.19341565392819882,2.968784674027637,30.1934156539282,0.17249959224055766
3950.0,1.0499999999999998,3.0,0.1884373062506472,2.9693993760389503,30.18843730625065,0.1725495348949117
3975.0,1.0499999999999998,3.0,0.18451458714843608,2.969667412109735,30.184514587148435,0.17257632301061487
4000.0,1.0499999999999998,3.0,0.17954397690002427,2.970283535635719,30.179543976900025,0.17262634194154655
4025.0,1.0499999999999998,3.0,0.17560910798381535,2.9705694509579463,30.175609107983817,0.17265421457751678
4050.0,1.0499999999999998,3.0,0.17064643175424068,2.971186122480411,30.17064643175424,0.17270425854825058
4075.0,1.0499999999999998,3.0,0.1667032408202354,2.9714874703441705,30.166703240820237,0.1727330629574431
4100.0,1.0499999999999998,3.0,0.1617561056243856,2.9720991094154305,30.161756105624384,0.1727827858235425
4125.0,1.0499999999999998,3.0,0.1578125945504942,2.97240928308253,30.157812594550496,0.17281211531368712
4150.0,1.0499999999999998,3.0,0.15288589110342637,2.973011016121013,30.152885891103427,0.1728612195454425
4175.0,1.0499999999999998,3.0,0.14894241722948764,2.9733261458848927,30.148942417229488,0.1728908482179707
4200.0,1.0499999999999998,3.0,0.1440289088696817,2.973919383090676,30.144028908869682,0.17293943628391992
4225.0,1.0499999999999998,3.0,0.14007445427272383,2.974241617862489,30.140074454272725,0.17296952079321126
4250.0,1.0499999999999998,3.0,0.13516120860870576,2.974831307052405,30.135161208608707,0.1730179173855617
4275.0,1.0499999999999998,3.0,0.13118436532693822,2.9751641932300954,30.131184365326938,0.17304869696435954
4300.0,1.0499999999999998,3.0,0.1262653185112438,2.975752505039817,30.126265318511244,0.17309704577828192
4325.0,1.0499999999999998,3.0,0.12226506535115432,2.976095892239382,30.122265065351154,0.17312851496134501
4350.0,1.0499999999999998,3.0,0.11734423829427569,2.9766801297710956,30.117344238294276,0.17317664762975202
4375.0,1.0499999999999998,3.0,0.11332920685701357,2.977030167365244,30.113329206857014,0.17320855789567888
4400.0,1.0499999999999998,3.0,0.10841406745608227,2.977605303914352,30.10841406745608,0.17325616042754327
4425.0,1.0499999999999998,3.0,0.10439291996051663,2.977958108017968,30.104392919960517,0.17328826102723646
4450.0,1.0499999999999998,3.0,0.09948572935679183,2.9785207164782417,30.099485729356793,0.17333512727071415
4475.0,1.0499999999999998,3.0,0.095458513630145,2.978875420790841,30.095458513630145,0.1733673676917241
4500.0,1.0499999999999998,3.0,0.09055322214311808,2.9794258538617275,30.090553222143118,0.173413535314715
4525.0,1.0499999999999998,3.0,0.08651152072579922,2.979784303211929,30.0865115207258,0.17344604723425483
4550.0,1.0499999999999998,3.0,0.08159808956002876,2.9803259373432387,30.08159808956003,0.1734917415039757
4575.0,1.0499999999999998,3.0,0.07753253313998737,2.9806903640122875,30.077532533139987,0.17352468204112848
4600.0,1.0499999999999998,3.0,0.07260467803637924,2.9812268630884757,30.07260467803638,0.17357013432731408
4625.0,1.0499999999999998,3.0,0.06851292130282731,2.9815978803483527,30.068512921302826,0.17360354621533838
4650.0,1.0499999999999998,3.0,0.06357367711967409,2.9821300893165166,30.063573677119674,0.17364879699503805
4675.0,1.0499999999999998,3.0,0.05946255012509853,2.982506260107641,30.059462550125097,0.173682577099247
4700.0,1.0499999999999998,3.0,0.05452200141635312,2.9830317963369444,30.054522001416352,0.17372745849226973
4725.0,1.0499999999999998,3.0,0.050400983633464146,2.9834117040383505,30.050400983633462,0.17376149709565197
4750.0,1.0499999999999998,3.0,0.04546602905046069,2.983928775755556,30.04546602905046,0.17380588468152533
4775.0,1.0499999999999998,3.0,0.04133814461738862,2.9843134846293995,30.041338144617388,0.1738402351316922
4800.0,1.0499999999999998,3.0,0.03640606707346896,2.984823723133357,30.036406067073468,0.17388423163011163
4825.0,1.0499999999999998,3.0,0.03226792314707533,2.985215385805563,30.032267923147074,0.17391902928229017
4850.0,1.0499999999999998,3.0,0.02733240874492544,2.9857211393524135,30.027332408744925,0.17396278969151574
4875.0,1.0499999999999998,3.0,0.023181422175251598,2.98611989902011,30.023181422175252,0.1739980505743396
4900.0,1.0499999999999998,3.0,0.018239858659534095,2.986621512171601,30.018239858659534,0.17404160252499565
4925.0,1.0499999999999998,3.0,0.014076206025106197,2.987026565299881,30.014076206025106,0.17407727951923577
4950.0,1.0499999999999998,3.0,0.009128530239898344,2.987523913065015,30.0091285302399,0.17412061590689012
4975.0,1.0499999999999998,3.0,0.004953058731900386,2.9879359716434326,30.0049530587319,0.17415674825636596
5000.0,1.0499999999999998,3.0,0.0,2.9884292857219226,30.0,0.17419988046668014
0.0,1.4,0.5,0.019028282864614682,0.4996830629778334,30.019028282864614,0.02911801801269771
25.0,1.4,0.5,0.019028282864614682,0.49956683295554394,30.019028282864614,0.029111244943659766
50.0,1.4,0.5,0.01877350863916368,0.49959023966141436,30.018773508639164,0.029112732463483844
75.0,1.4,0.5,0.01876130292680062,0.4994796570246284,30.0187613029268,0.029106294374396182
100.0,1.4,0.5,0.018503065396555225,0.49950520309959473,30.018503065396555,0.029107908227982322
125.0,1.4,0.5,0.018480293661440196,0.49940202521633165,30.01848029366144,0.029101906731510172
150.0,1.4,0.5,0.01821778628652149,0.49943140849256856,30.01821778628652,0.02910374625237919
175.0,1.4,0.5,0.018186927254068595,0.4993341137676503,30.018186927254067,0.029098091479458167
200.0,1.4,0.5,0.017920216709883464,0.499366107050445,30.017920216709882,0.029100085126221583
225.0,1.4,0.5,0.017882802115766996,0.4992715644316978,30.017882802115768,0.029094593876880313
250.0,1.4,0.5,0.017612962661299025,0.4993029544825603,30.0176129626613,0.029096553882365563
275.0,1.4,0.5,0.01756890036558086,0.4992085262640135,30.017568900365582,0.029091072490673133
300.0,1.4,0.5,0.017298100935364366,0.4992360703990705,30.017298100935363,0.02909280883706165
325.0,1.4,0.5,0.017247399471500214,0.4991406978072434,30.0172473994715,0.02908727559765743
350.0,1.4,0.5,0.016979153558207255,0.49916259294179116,30.016979153558207,0.029088681504338448
375.0,1.4,0.5,0.016924474958610245,0.499066292138039,30.01692447495861,0.029083096067324333
400.0,1.4,0.5,0.016663496193697884,0.4990823941499825,30.016663496193697,0.029084160847078194
425.0,1.4,0.5,0.016610513529845904,0.49898524773089137,30.016610513529844,0.029078525276744146
450.0,1.4,0.5,0.016361332025110267,0.49899654120022674,30.01636133202511,0.0290793041077901
475.0,1.4,0.5,0.016316032857137994,0.4988983249017383,30.016316032857137,0.029073602435962548
500.0,1.4,0.5,0.01608095668114757,0.49890621588742595,30.016080956681147,0.029074176137012207
525.0,1.4,0.5,0.016046301841146717,0.4988066323096004,30.016046301841147,0.02906838960124805
550.0,1.4,0.5,0.015824545404149383,0.4988121480098388,30.01582454540415,0.029068818412858962
575.0,1.4,0.5,0.01579932019378006,0.4987111110400847,30.01579932019378,0.029062942586176154
600.0,1.4,0.5,0.015588069782002976,0.4987143223189497,30.015588069782,0.029063232000324107
625.0,1.4,0.5,0.015568451347376328,0.4986120840817135,30.015568451347377,0.02905728342884
650.0,1.4,0.5,0.015364676463355615,0.49861235591417347,30.015364676463356,0.029057397905351164
675.0,1.4,0.5,0.015346929466630363,0.49850948749337726,30.01534692946663,0.029051411679267555
700.0,1.4,0.5,0.01514826091139928,0.49850649586770013,30.0151482609114,0.029051333481735366
725.0,1.4,0.5,0.015130248260044096,0.49840381370600345,30.015130248260043,0.029045358215421
750.0,1.4,0.5,0.014934447857006665,0.4983983664150169,30.014934447857005,0.029045135501493815
775.0,1.4,0.5,0.014914578877382635,0.49829702266187054,30.014914578877384,0.029039239108449442
800.0,1.4,0.5,0.014718395804818313,0.49829101465525233,30.014718395804817,0.029038983882305414
825.0,1.4,0.5,0.01469328215754781,0.4981927357138486,30.01469328215755,0.029033268611201275
850.0,1.4,0.5,0.014492023993755352,0.4981885278929685,30.014492023993757,0.029033120729624398
875.0,1.4,0.5,0.014456107757588772,0.49809546409800826,30.01445610775759,0.029027714583466525
900.0,1.4,0.5,0.014245173531828225,0.49809501401497025,30.01424517353183,0.02902779035406167
925.0,1.4,0.5,0.014193848769097647,0.49800876242455694,30.014193848769096,0.029022788631617613
950.0,1.4,0.5,0.013971891049776855,0.49801259335926823,30.013971891049778,0.02902311920406763
975.0,1.4,0.5,0.013905544677352938,0.49793298243539585,30.013905544677353,0.029018511720995187
1000.0,1.4,0.5,0.01367661521586437,0.49793966510145443,30.013676615215864,0.029019011843742858
1025.0,1.4,0.5,0.013601666300800097,0.497864546491261,30.0136016663008,0.029014670295841143
1050.0,1.4,0.5,0.013373952889079308,0.49787151915231964,30.01337395288908,0.02901518671969046
1075.0,1.4,0.5,0.01330004359628722,0.4977978969558905,30.01330004359629,0.02901093185165653
1100.0,1.4,0.5,0.013081899752980033,0.49780316322941104,30.01308189975298,0.029011344193244793
1125.0,1.4,0.5,0.013017621441149286,0.4977286416443849,30.01301762144115,0.029007032230562835
1150.0,1.4,0.5,0.012813871552425988,0.4977316861048122,30.012813871552424,0.029007308119462078
1175.0,1.4,0.5,0.012763373829553911,0.49765513258483596,30.012763373829554,0.029002871055619252
1200.0,1.4,0.5,0.012574023472888569,0.49765610908776176,30.01257402347289,0.029003019455375652
1225.0,1.4,0.5,0.012535569142202354,0.4975772861194843,30.0125355691422,0.02899844429022975
1250.0,1.4,0.5,0.01235672466419588,0.49757552826410717,30.012356724664198,0.02899842824452868
1275.0,1.4,0.5,0.012323759037807896,0.4974943184565684,30.01232375903781,0.02899371130496709
1300.0,1.4,0.5,0.012149496638476354,0.4974880621631765,30.012149496638475,0.028993430864719023
1325.0,1.4,0.5,0.012113833891976619,0.4974043091422641,30.012113833891977,0.02898856699108074
1350.0,1.4,0.5,0.01193809921960012,0.49739220541364626,30.0119380992196,0.0289879464585524
1375.0,1.4,0.5,0.011893264284677494,0.4973065151115176,30.011893264284677,0.02898297408891234
1400.0,1.4,0.5,0.011711347485342135,0.49728948191626465,30.011711347485342,0.028982069233390844
1425.0,1.4,0.5,0.01165421984464064,0.4972039826298979,30.01165421984464,0.02897711390755831
1450.0,1.4,0.5,0.011463721237405225,0.49718538914614996,30.011463721237405,0.0289761222398011
1475.0,1.4,0.5,0.011394550170664382,0.4971031822528165,30.011394550170664,0.02897136458290399
1500.0,1.4,0.5,0.011195920843751504,0.49708700456708343,30.01119592084375,0.028970517611478574
1525.0,1.4,0.5,0.01111774455968372,0.4970104479180698,30.011117744559684,0.02896609357274625
1550.0,1.4,0.5,0.010914190433229734,0.4969990395686267,30.01091419043323,0.028965526917993388
1575.0,1.4,0.5,0.010831868630357702,0.49692836284506664,30.01083186863036,0.028961447539958687
1600.0,1.4,0.5,0.010628475930093693,0.4969214710932371,30.010628475930094,0.02896114402173367
1625.0,1.4,0.5,0.010547153654606026,0.4968547852520633,30.010547153654606,0.02895729672968146
1650.0,1.4,0.5,0.010349457151528914,0.49684996766751643,30.01034945715153,0.028957111333656742
1675.0,1.4,0.5,0.010273023368187783,0.4967843088622568,30.010273023368185,0.02895332151744848
1700.0,1.4,0.5,0.010085245597956049,0.4967781438692815,30.01008524559794,0.028953052794025765
1725.0,1.4,0.5,0.010015661014947263,0.49671071920043114,30.01001566101482,0.02894915673500289
1750.0,1.4,0.5,0.009839282067090817,0.4967003343187172,30.00983928206624,0.02894863655675795
1775.0,1.4,0.5,0.009776916747202838,0.4966296158095715,30.009776916741803,0.028944545023808728
1800.0,1.4,0.5,0.009610502294755107,0.4966141236657252,30.0096105022627,0.02894372236290721
1825.0,1.4,0.5,0.009554620732662398,0.4965406573538731,30.009554620553867,0.028939467535234405
1850.0,1.4,0.5,0.009394713460348656,0.4965218571103781,30.009394712523527,0.028938448916613565
1875.0,1.4,0.5,0.009343168853878743,0.49644834345971445,30.00934316424268,0.02893418922072469
1900.0,1.4,0.5,0.009185174619436012,0.49643001422158445,30.009185153297466,0.028933197121576396
1925.0,1.4,0.5,0.00913375160487211,0.49636014358097424,30.00913365898645,0.028929149704401348
1950.0,1.4,0.5,0.008972713333899745,0.49634592294783003,30.00897233539291,0.028928398646199307
1975.0,1.4,0.5,0.00891578029395456,0.49628215757288224,30.008914331498058,0.02892471017973647
2000.0,1.4,0.5,0.008747850701917415,0.49627305464466204,30.008742633387477,0.028924262381874285
2025.0,1.4,0.5,0.008680814966852695,0.49621477493310406,30.008663165019602,0.028920903961617846
2050.0,1.4,0.5,0.008504986970860383,0.49620834252085816,30.00844889555451,0.028920632311607294
2075.0,1.4,0.5,0.008426484068799887,0.4961529011501354,30.008259026031787,0.02891749249217921
2100.0,1.4,0.5,0.008244604930982894,0.4961473644703858,30.007774957251918,0.02891740303242754
2125.0,1.4,0.5,0.008156100622396521,0.49609876774278133,30.00691874379269,0.028914983144977598
2150.0,1.4,0.5,0.007970274490096055,0.49611000891079093,30.00490778692464,0.028916607293701747
2175.0,1.4,0.5,0.0078728128857107,0.4961083552133244,30.000752315962295,0.028918513480953176
2200.0,1.4,0.5,0.007681058149202214,0.49621897091316836,29.992128462995662,0.028929119552265486
2225.0,1.4,0.5,0.007569912877233791,0.4964135362850531,29.975658059640175,0.028948412249321064
2250.0,1.4,0.5,0.0073608929660406545,0.4968678844757212,29.94584918589327,0.028989325215782742
2275.0,1.4,0.5,0.007219987721747602,0.49761626006965326,29.89583667551623,0.029057262921275986
2300.0,1.4,0.5,0.00697017717141447,0.498880534824513,29.817500780640156,0.029169328789259808
2325.0,1.4,0.5,0.00677396055096954,0.5007035715945228,29.704002726989128,0.029331798816981468
2350.0,1.4,0.5,0.006458552313083891,0.5032381896634368,29.551945098011394,0.02955602682434062
2375.0,1.4,0.5,0.0061942613899137675,0.5063585546023458,29.365227554909655,0.029833689301142177
2400.0,1.4,0.5,0.005821173705362777,0.5099433366231996,29.156678250107678,0.030152157668499584
2425.0,1.4,0.5,0.005528243691847054,0.5135330488960034,28.948752800907236,0.030473263408377704
2450.0,1.4,0.5,0.00517170055372541,0.5166988303379343,28.76967603693529,0.030756399187468426
2475.0,1.4,0.5,0.004950705932164107,0.5188276014720624,28.64802417766528,0.030948615925616273
2500.0,1.4,0.5,0.004719456429732765,0.5195884468334859,28.604719456429734,0.03101745321350336
2525.0,1.4,0.5,0.004654707765639987,0.518749611086901,28.647728179498756,0.030944123577958078
2550.0,1.4,0.5,0.004585715665039874,0.5165403474713423,28.769090052046607,0.030747278659190226
2575.0,1.4,0.5,0.004651772539594345,0.5132946620967797,28.947876329754987,0.03045957854760105
2600.0,1.4,0.5,0.0046693602126428495,0.5096183091008449,29.155526436614956,0.0301335345034213
2625.0,1.4,0.5,0.004765160708990764,0.505948118778682,29.363798454228732,0.02981023258547565
2650.0,1.4,0.5,0.004770821235567912,0.5027335750182811,29.550257366933877,0.029527233127884918
2675.0,1.4,0.5,0.004824094271171871,0.500107847700285,29.70205286070933,0.029297862235650507
2700.0,1.4,0.5,0.004776452616116517,0.4981858887777628,29.81530705608486,0.02912978471954475
2725.0,1.4,0.5,0.004777963353672416,0.4968299938659553,29.893394651148153,0.02901253550775066
2750.0,1.4,0.5,0.004687362367502354,0.49598532572673937,29.94317565529473,0.028939124946578756
2775.0,1.4,0.5,0.00465953680424152,0.495448102836386,29.97274768356718,0.028893515575905093
2800.0,1.4,0.5,0.004549918239921727,0.49516873220379487,29.98899732308638,0.028869398583921943
2825.0,1.4,0.5,0.004513720780883729,0.4949925329394514,29.99739322385747,0.028855086849588835
2850.0,1.4,0.5,0.0044007974533365225,0.4949262246657631,30.00133830988788,0.028849324489214373
2875.0,1.4,0.5,0.004365811216723191,0.4948695522134094,30.003128454387014,0.028845160477867234
2900.0,1.4,0.5,0.004256057398442026,0.4948657336597391,30.00378640971938,0.02884462162727545
2925.0,1.4,0.5,0.004224560969081284,0.4948414538276707,30.00405710293207,0.02884307629956361
2950.0,1.4,0.5,0.0041205727060994474,0.49485273680906,30.00406448128975,0.028843730409947206
2975.0,1.4,0.5,0.004092500380117462,0.4948354505993515,30.00407485043287,0.028842717856050474
3000.0,1.4,0.5,0.003995382907183834,0.4948482053165434,30.003990165592743,0.028843502001161814
3025.0,1.4,0.5,0.003970017006352477,0.4948300900243051,30.003968568210457,0.028842456485349593
3050.0,1.4,0.5,0.0038786577794045615,0.49483957679035784,30.003878279838418,0.02884305284363527
3075.0,1.4,0.5,0.003854395136217081,0.4948180309103588,30.003854302517794,0.02884180850852606
3100.0,1.4,0.5,0.003764961226694414,0.4948230105043913,30.003764939904723,0.028842141708977958
3125.0,1.4,0.5,0.0037392788815714577,0.49479850175735035,30.003739274270373,0.028840725483558746
3150.0,1.4,0.5,0.0036470831682989097,0.4948005127399691,30.003647082231478,0.02884088700886367
3175.0,1.4,0.5,0.003617996920446956,0.49477582373525886,30.003617996741653,0.028839461916884974
3200.0,1.4,0.5,0.0035210311972793105,0.49477824468870607,30.003521031165224,0.028839649631238005
3225.0,1.4,0.5,0.0034893391742965196,0.4947568258006405,30.003489339168897,0.028838416397094103
3250.0,1.4,0.5,0.003390502942017358,0.49476294999249687,30.003390502941166,0.028838820864219118
3275.0,1.4,0.5,0.003360316233275052,0.49474689804048705,30.00336031623315,0.028837899732560388
3300.0,1.4,0.5,0.0032658782176342486,0.4947581374863086,30.003265878217615,0.028838600245435685
3325.0,1.4,0.5,0.0032422223832597624,0.49474726642640904,30.003242222383257,0.02883797795860411
3350.0,1.4,0.5,0.003157504103930724,0.49476273979799806,30.003157504103932,0.028838920590513777
3375.0,1.4,0.5,0.0031428896466975773,0.4947552761682859,30.003142889646696,0.028838492571175614
3400.0,1.4,0.5,0.0030688786483752265,0.4947728259408452,30.003068878648374,0.02883955108966927
3425.0,1.4,0.5,0.003061630819054103,0.49476681869223393,30.003061630819055,0.028839204419675718
3450.0,1.4,0.5,0.002994901832396428,0.4947843873193952,30.002994901832395,0.028840260539633202
3475.0,1.4,0.5,0.002990184738283984,0.4947785459754435,30.002990184738284,0.028839922323328517
3500.0,1.4,0.5,0.002925165421630295,0.494794765396791,30.00292516542163,0.028840898980319704
3525.0,1.4,0.5,0.0029174862740367464,0.494788338679457,30.002917486274036,0.028840528066719356
3550.0,1.4,0.5,0.0028487560399151736,0.49480224142572704,30.002848756039914,0.028841371473284548
3575.0,1.4,0.5,0.002834012332483944,0.49479462391319184,30.002834012332485,0.028840934544870127
3600.0,1.4,0.5,0.002757599923131208,0.49480539532797435,30.002757599923132,0.028841599124104948
3625.0,1.4,0.5,0.0027338594400173224,0.4947960786549135,30.002733859440017,0.02884106747730302
3650.0,1.4,0.5,0.002648217581477526,0.49480334215038757,30.002648217581477,0.028841532021357443
3675.0,1.4,0.5,0.0026160459421650673,0.49479198982626243,30.002616045942165,0.0288408857700616
3700.0,1.4,0.5,0.0025231919876224215,0.4947960997240456,30.002523191987624,0.0288411699612778
3725.0,1.4,0.5,0.0024859937200985747,0.4947825563581761,30.0024859937201,0.028840398410737864
3750.0,1.4,0.5,0.0023914789660947466,0.49478454232940566,30.002391478966096,0.028840559598331695
3775.0,1.4,0.5,0.00235468486937463,0.4947692160522863,30.002354684869374,0.028839683927098216
3800.0,1.4,0.5,0.0022649716307042264,0.4947707423470915,30.002264971630705,0.028839816012082443
3825.0,1.4,0.5,0.002233504797343457,0.4947553566520587,30.002233504797342,0.028838934314803298
3850.0,1.4,0.5,0.002152198781155198,0.49475869842282305,30.002152198781154,0.02883916818130224
3875.0,1.4,0.5,0.0021281148609130166,0.4947463586620303,30.002128114860913,0.02883846047942734
3900.0,1.4,0.5,0.0020544433144840182,0.49475382541055185,30.002054443314485,0.02883893111925333
3925.0,1.4,0.5,0.002036853673758586,0.4947475930992856,30.002036853673758,0.02883857629498166
3950.0,1.4,0.5,0.0019677064835518414,0.4947603652939108,30.00196770648355,0.028839354013238595
3975.0,1.4,0.5,0.001954550246219431,0.4947611086877711,30.001954550246218,0.02883940366854456
4000.0,1.4,0.5,0.0018877294645671728,0.4947782877238028,30.001887729464567,0.028840437143803545
4025.0,1.4,0.5,0.0018772237075534261,0.49478370358603885,30.001877223707552,0.028840757881924382
4050.0,1.4,0.5,0.0018125492031282162,0.49480249136768073,30.001812549203127,0.02884188410170276
4075.0,1.4,0.5,0.0018030324649184425,0.49480845845381977,30.001803032464917,0.028842236495764798
4100.0,1.4,0.5,0.0017404932288978116,0.49482564748568186,30.001740493228898,0.028843268501413524
4125.0,1.4,0.5,0.0017294567912217334,0.4948288855373753,30.00172945679122,0.028843462551848668
4150.0,1.4,0.5,0.0016668683784342815,0.4948425711052144,30.001666868378436,0.028844290367388024
4175.0,1.4,0.5,0.001650867135327083,0.49484220697409437,30.00165086713533,0.028844276834224598
4200.0,1.4,0.5,0.001583813363853965,0.49485219184667567,30.001583813363855,0.02884489108514885
4225.0,1.4,0.5,0.001559669534043095,0.4948490759783378,30.001559669534043,0.028844721067878838
4250.0,1.4,0.5,0.0014837280822504954,0.4948558273331731,30.00148372808225,0.0288451511110908
4275.0,1.4,0.5,0.001449886241375691,0.4948508398567145,30.001449886241375,0.028844876659633697
4300.0,1.4,0.5,0.001363133659665492,0.49485445081291435,30.001363133659666,0.02884512884692986
4325.0,1.4,0.5,0.001320266519225319,0.49484763989638064,30.001320266519226,0.028844752445011175
4350.0,1.4,0.5,0.001224511552875371,0.49484797093398847,30.001224511552877,0.028844817773169374
4375.0,1.4,0.5,0.0011754308903986278,0.49483909162589235,30.0011754308904,0.028844323789997867
4400.0,1.4,0.5,0.0010755704515357366,0.4948367641966496,30.001075570451537,0.02884423612822075
4425.0,1.4,0.5,0.0010245220849488218,0.49482643710050017,30.00102452208495,0.028843658697080086
4450.0,1.4,0.5,0.0009261651095901365,0.49482343113373684,30.00092616510959,0.02884353075903797
4475.0,1.4,0.5,0.0008773717367937937,0.49481363006192414,30.000877371736795,0.028842982904214515
4500.0,1.4,0.5,0.0007841083834534605,0.4948125986580074,30.000784108383453,0.028842967614984075
4525.0,1.4,0.5,0.0007401855369863808,0.4948058056909996,30.000740185536987,0.028842592761854642
4550.0,1.4,0.5,0.0006525296571229828,0.4948085540387428,30.000652529657124,0.028842795101391414
4575.0,1.4,0.5,0.0006141332418976418,0.494806348432087,30.000614133241896,0.02884268499197605
4600.0,1.4,0.5,0.0005309403682472727,0.4948129620986785,30.000530940368247,0.028843110499817953
4625.0,1.4,0.5,0.0004980612998954397,0.49481541709173527,30.000498061299897,0.028843269409048463
4650.0,1.4,0.5,0.0004190778043554298,0.4948248317235145,30.000419077804356,0.02884385616624815
4675.0,1.4,0.5,0.00039259213445245875,0.49483104679483636,30.000392592134453,0.028844231181717018
4700.0,1.4,0.5,0.00031964331303890224,0.4948421982246998,30.000319643313038,0.02884491628010217
4725.0,1.4,0.5,0.00030127910590831727,0.49485110197201204,30.00030127910591,0.028845444118326714
4750.0,1.4,0.5,0.00023681465415963292,0.4948633597992584,30.00023681465416,0.028846189633548795
4775.0,1.4,0.5,0.00022749094194489495,0.49487393076169495,30.000227490941946,0.028846810310480767
4800.0,1.4,0.5,0.0001720783294440724,0.4948866041453817,30.000172078329445,0.02884757569941154
4825.0,1.4,0.5,0.00017051844082567074,0.494897562321809,30.000170518440825,0.02884821521558396
4850.0,1.4,0.5,0.00012197622369383976,0.49490937243993904,30.000121976223692,0.028848926982279196
4875.0,1.4,0.5,0.0001250860072677192,0.4949190961736759,30.00012508600727,0.02884949229642427
4900.0,1.4,0.5,7.984742785262807e-05,0.4949283824861775,30.000079847427852,0.028850055360105806
4925.0,1.4,0.5,8.450452556318049e-05,0.4949354462588193,30.000084504525564,0.02885046487779963
4950.0,1.4,0.5,3.969204229334894e-05,0.4949408280444616,30.000039692042293,0.028850800137334664
4975.0,1.4,0.5,4.4440172299895544e-05,0.4949445192267398,30.0000444401723,0.028851013018428465
5000.0,1.4,0.5,0.0,0.4949452524073969,30.0,0.028851077125651686
0.0,1.4,1.0,0.08525763107788856,0.9971661325914718,30.085257631077887,0.05804384166280447
25.0,1.4,1.0,0.08525763107788856,0.9967917354140644,30.085257631077887,0.05802204845325376
50.0,1.4,1.0,0.08428306760635937,0.9969496647771775,30.08428306760636,0.058032181268739005
75.0,1.4,1.0,0.08427964979681297,0.9965788365016224,30.084279649796812,0.05801059874628107
100.0,1.4,1.0,0.08331417055364519,0.9967303826422091,30.083314170553646,0.05802035122434501
125.0,1.4,1.0,0.08329416282208121,0.9963653931644464,30.08329416282208,0.057999124226385874
150.0,1.4,1.0,0.08232594577145905,0.9965131920114335,30.08232594577146,0.05800866119893137
175.0,1.4,1.0,0.08227118765896686,0.9961612135408173,30.082271187658968,0.057988224734316016
200.0,1.4,1.0,0.08129040687983413,0.9963098680571963,30.081290406879834,0.05799782363190429
225.0,1.4,1.0,0.08119106649605658,0.9959773716088534,30.081191066496057,0.05797856387142236
250.0,1.4,1.0,0.08019527968236519,0.9961311745349128,30.080195279682364,0.0579884769729824
275.0,1.4,1.0,0.08005712935105817,0.9958188002555801,30.080057129351058,0.05797042563329288
300.0,1.4,1.0,0.07905365529409747,0.9959781666208662,30.079053655294096,0.0579806700885476
325.0,1.4,1.0,0.0788933509203362,0.9956803671363291,30.078893350920335,0.05796348820756035
350.0,1.4,1.0,0.07789554510422635,0.9958409939766383,30.077895545104226,0.057973800681066175
375.0,1.4,1.0,0.07772869607366556,0.9955506341402268,30.077728696073667,0.0579570578665674
400.0,1.4,1.0,0.07674777996415362,0.9957070282054856,30.076747779964155,0.05796710775619075
425.0,1.4,1.0,0.07658108851087288,0.9954202318160256,30.076581088510874,0.05795057190880663
450.0,1.4,1.0,0.07562099745617938,0.9955696431104245,30.07562099745618,0.05796019531198046
475.0,1.4,1.0,0.07545447751452869,0.9952864163719596,30.07545447751453,0.05794386679242896
500.0,1.4,1.0,0.07451433736940934,0.9954288955548174,30.074514337369408,0.05795306748153503
525.0,1.4,1.0,0.07434858152862923,0.9951500780136875,30.07434858152863,0.05793699460940018
550.0,1.4,1.0,0.07342848506328087,0.9952857557910013,30.073428485063282,0.057945780087093605
575.0,1.4,1.0,0.0732688693788125,0.9950099426451434,30.07326886937881,0.057929875910834525
600.0,1.4,1.0,0.07237240153788434,0.9951371787702369,30.072372401537883,0.057938147207624226
625.0,1.4,1.0,0.07222722009079775,0.9948602216600982,30.0722272200908,0.05792216223041308
650.0,1.4,1.0,0.07135946826436454,0.9949757565054521,30.071359468264365,0.05792972463589805
675.0,1.4,1.0,0.07123358575269398,0.9946931374086782,30.071233585752694,0.05791339113344491
700.0,1.4,1.0,0.07039712029026682,0.9947931820384872,30.070397120290266,0.057920021529964304
725.0,1.4,1.0,0.07028624077231004,0.9945029616254,30.07028624077231,0.05790323072919395
750.0,1.4,1.0,0.0694778305902629,0.9945845743995528,30.069477830590262,0.057908760908494936
775.0,1.4,1.0,0.06936924817913433,0.9942880733426913,30.069369248179136,0.05789160193534628
800.0,1.4,1.0,0.06857983840395834,0.9943507560544876,30.06857983840396,0.057896011560133256
825.0,1.4,1.0,0.06845982151245801,0.9940511556613801,30.06845982151246,0.05787868285540857
850.0,1.4,1.0,0.06767821413102515,0.9940983496735691,30.067678214131025,0.05788218303651194
875.0,1.4,1.0,0.06753900452095803,0.9937999689553928,30.06753900452096,0.057864943530985855
900.0,1.4,1.0,0.06675564229696453,0.9938400097637631,30.066755642296965,0.05786802877988111
925.0,1.4,1.0,0.06659581260941727,0.9935492310630132,30.066595812609417,0.057851251458177974
950.0,1.4,1.0,0.06580391914230908,0.993594469106844,30.065803919142308,0.05785464741975441
975.0,1.4,1.0,0.06562434457125468,0.9933196166678264,30.065624344571255,0.05783881614238324
1000.0,1.4,1.0,0.06482062213174317,0.9933820732291531,30.064820622131744,0.057843225996139704
1025.0,1.4,1.0,0.06462232396100466,0.9931301302174856,30.064622323961004,0.05782874642320953
1050.0,1.4,1.0,0.06380904187791266,0.9932150291710755,30.063809041877914,0.057834472234170264
1075.0,1.4,1.0,0.06359421240145259,0.9929873192905774,30.06359421240145,0.05782141937850374
1100.0,1.4,1.0,0.06277983158738605,0.9930891763289035,30.062779831587385,0.05782813373705157
1125.0,1.4,1.0,0.06255295158981683,0.9928795444475651,30.062552951589815,0.057816144922269073
1150.0,1.4,1.0,0.06174802942601039,0.9929844820408938,30.06174802942601,0.05782302962801195
1175.0,1.4,1.0,0.06151470146698832,0.9927814512357773,30.061514701466987,0.05781143118439759
1200.0,1.4,1.0,0.060725236666838954,0.9928745407738678,30.06072523666684,0.0578176111516598
1225.0,1.4,1.0,0.060489159957804246,0.9926666269998021,30.060489159957804,0.057805730787604724
1250.0,1.4,1.0,0.05971378250826339,0.9927389369563734,30.059713782508265,0.057810687183463494
1275.0,1.4,1.0,0.059475284575198926,0.992519902235835,30.0594752845752,0.0577981613094678
1300.0,1.4,1.0,0.05870937133587991,0.9925705854310244,30.05870937133588,0.057801849180407046
1325.0,1.4,1.0,0.05846847366458976,0.9923404945682688,30.05846847366459,0.057788681521264554
1350.0,1.4,1.0,0.05771106530653435,0.992373666089041,30.057711065306535,0.057791341368802394
1375.0,1.4,1.0,0.057471623583971274,0.9921356478849681,30.05747162358397,0.05777771039913419
1400.0,1.4,1.0,0.05672769775930261,0.9921560061133653,30.056727697759303,0.05777961100512312
1425.0,1.4,1.0,0.05649516492841462,0.9919136168558825,30.056495164928414,0.05776571857489347
1450.0,1.4,1.0,0.055769753308192394,0.9919252756730528,30.05576975330819,0.057767094652063644
1475.0,1.4,1.0,0.05554291403238913,0.9916833804841483,30.05554291403239,0.05775322525871431
1500.0,1.4,1.0,0.054832638074807045,0.9916918169824501,30.054832638074807,0.057754399013077946
1525.0,1.4,1.0,0.05459961197870769,0.9914576198011318,30.05459961197871,0.05774098362226504
1550.0,1.4,1.0,0.05389107303769653,0.9914703897418113,30.053891073037697,0.0577424079685168
1575.0,1.4,1.0,0.053636121426251786,0.9912507424691085,30.05363612142625,0.05772986076068403
1600.0,1.4,1.0,0.05291359894592744,0.9912745330112976,30.052913598945928,0.057731940281735644
1625.0,1.4,1.0,0.05262876653815715,0.9910715214502508,30.052628766538156,0.057720390394421825
1650.0,1.4,1.0,0.05188543980192137,0.9911078449311022,30.05188543980192,0.05772321976034717
1675.0,1.4,1.0,0.051577119430504255,0.9909175093596655,30.0515771194305,0.057712430459666626
1700.0,1.4,1.0,0.05082172081956226,0.9909613294966616,30.050821720819545,0.057715708002986664
1725.0,1.4,1.0,0.05050825511685321,0.990776834120794,30.050508255116725,0.057705263565512074
1750.0,1.4,1.0,0.049761682344120456,0.9908200473136779,30.049761682343267,0.05770849726488117
1775.0,1.4,1.0,0.04946396638177303,0.99063632114116,30.049463966376372,0.05769808229139123
1800.0,1.4,1.0,0.048747653426213844,0.9906729303493197,30.04874765339416,0.05770090227342825
1825.0,1.4,1.0,0.04847821816144709,0.9904888991486805,30.04847821798265,0.05769044217710078
1850.0,1.4,1.0,0.04780269732186116,0.9905168478775751,30.047802696385038,0.05769271853467929
1875.0,1.4,1.0,0.047559862646790935,0.9903337913552043,30.04755985803559,0.05768228948250282
1900.0,1.4,1.0,0.0469203503630949,0.9903528856527862,30.046920329041125,0.057684015509028456
1925.0,1.4,1.0,0.04668975463110978,0.9901714185175863,30.04668966201269,0.05767366716643184
1950.0,1.4,1.0,0.04606860655417642,0.9901815632665091,30.046068228613187,0.057674854485145415
1975.0,1.4,1.0,0.04582883095851923,0.9900009853202477,30.045827382162624,0.057664567524621436
2000.0,1.4,1.0,0.045201836991666355,0.99000316915191,30.045196619677224,0.05766530002322894
2025.0,1.4,1.0,0.04493151915504817,0.9898231156395957,30.0449138692078,0.057655083631780055
2050.0,1.4,1.0,0.044276948254885054,0.9898209080214011,30.044220856838535,0.0576556199853646
2075.0,1.4,1.0,0.04396263924604687,0.9896438418833934,30.043795181209035,0.05764571451426366
2100.0,1.4,1.0,0.043270266631600975,0.9896469481960303,30.042800618952537,0.05764684962503146
2125.0,1.4,1.0,0.042911015590210586,0.9894900398062628,30.0416736587605,0.057638790802992834
2150.0,1.4,1.0,0.042183652846516546,0.9895394607357103,30.039121165281063,0.05764411854273207
2175.0,1.4,1.0,0.0417853783959152,0.9894877270633159,30.034664881472498,0.05764538086191332
2200.0,1.4,1.0,0.04102513074063799,0.9897488231234198,30.0254725355871,0.05766941750989757
2225.0,1.4,1.0,0.04057907923604224,0.990099736663684,30.008667225998984,0.057706015430152344
2250.0,1.4,1.0,0.03975748260814462,0.9910540171976505,29.978245775535374,0.05779093415928025
2275.0,1.4,1.0,0.039209117627200675,0.992517652923941,29.927825805421683,0.05792501467417171
2300.0,1.4,1.0,0.03824286657557357,0.9950883355387178,29.848773470044314,0.058151897017320923
2325.0,1.4,1.0,0.037490354954037346,0.9986998442235778,29.734719121392196,0.05847477484152571
2350.0,1.4,1.0,0.036279060332821605,1.003801575830929,29.58176560603113,0.058925235060076776
2375.0,1.4,1.0,0.0352618981502515,1.0100007346996305,29.394295191669993,0.0594779046559314
2400.0,1.4,1.0,0.03382740427582733,1.0171924302861726,29.18468448067814,0.060116143806645844
2425.0,1.4,1.0,0.03269095633557564,1.0243209674735418,28.975915513550966,0.06075513295858004
2450.0,1.4,1.0,0.03131693582124574,1.0306684566618087,28.79582127220281,0.061322485106574766
2475.0,1.4,1.0,0.030454038645767928,1.034867816053244,28.673527510378886,0.0617035022241798
2500.0,1.4,1.0,0.029561282389317954,1.0364059523612912,28.629561282389318,0.06184264391834695
2525.0,1.4,1.0,0.029303460094044824,1.0346698297065615,28.672376931827163,0.061692935166479286
2550.0,1.4,1.0,0.029028319286449923,1.0302761401175464,28.793532655668017,0.0613015792360968
2575.0,1.4,1.0,0.02927225045549702,1.0237362333732192,28.97249680767089,0.060724033212543695
2600.0,1.4,1.0,0.02931142342662977,1.0164214473874924,29.180168499828945,0.06007522680460137
2625.0,1.4,1.0,0.029658114229093615,1.0090474935870652,29.388691407748833,0.059427434216180804
2650.0,1.4,1.0,0.029631374016802946,1.0026658762806133,29.57511791971511,0.05886518167529815
2675.0,1.4,1.0,0.029802326938996423,0.9973918431154366,29.727031093377153,0.05840574120388528
2700.0,1.4,1.0,0.02956363937427677,0.9935964437540753,29.84009424284302,0.058073156134885374
2725.0,1.4,1.0,0.029530075250648033,0.9908652966889784,29.91814676304513,0.057837933880820744
2750.0,1.4,1.0,0.029132358312877984,0.9892184906725034,29.967620651240107,0.057694124947093715
2775.0,1.4,1.0,0.02898232206524995,0.9881222193571035,29.99707046882819,0.057601890836396476
2800.0,1.4,1.0,0.028517655309418605,0.9875980398647657,30.012965060155878,0.05755608751656291
2825.0,1.4,1.0,0.028323881025655667,0.9872202579915765,30.02120338410224,0.05752617611903865
2850.0,1.4,1.0,0.027840206106801414,0.987117182146815,30.024777718541348,0.057516745921119
2875.0,1.4,1.0,0.027628980100065974,0.9869769535273196,30.026391623270356,0.05750702961438544
2900.0,1.4,1.0,0.027136364146421104,0.9869981361807735,30.026666716467357,0.05750800040392449
2925.0,1.4,1.0,0.02691196292502689,0.9869230104464275,30.026744504888015,0.05750354867526553
2950.0,1.4,1.0,0.026411545955992436,0.986975649056586,30.02635545453964,0.057506988243771553
2975.0,1.4,1.0,0.02617702329047267,0.9869149111277299,30.026159373343223,0.05750363705430273
3000.0,1.4,1.0,0.025673224454150555,0.9869710935518895,30.025668007139707,0.0575073811271176
3025.0,1.4,1.0,0.02543426087761791,0.9869086152589527,30.02543281208172,0.05750396595232361
3050.0,1.4,1.0,0.024933144807017717,0.9869577168734811,30.02493276686603,0.05750730581115626
3075.0,1.4,1.0,0.024695998950462553,0.9868885758450056,30.02469590633204,0.057503503971119745
3100.0,1.4,1.0,0.024202513201075082,0.9869278993194974,30.024202491879105,0.05750626777065562
3125.0,1.4,1.0,0.023972581399601983,0.9868541285124698,30.023972576788402,0.05750218946327757
3150.0,1.4,1.0,0.02349061282544199,0.986887234121659,30.02349061188862,0.05750458001957333
3175.0,1.4,1.0,0.023271363579511307,0.986815930751216,30.023271363400717,0.05750063522037231
3200.0,1.4,1.0,0.022804152362407865,0.9868503649540126,30.02280415233035,0.05750308908463892
3225.0,1.4,1.0,0.022596049006911832,0.9867903677321455,30.02259604900151,0.05749979236846616
3250.0,1.4,1.0,0.022144893314434276,0.9868340825227883,30.02214489331358,0.05750277166252369
3275.0,1.4,1.0,0.021945139511897256,0.9867915353470711,30.021945139511768,0.05750048373221578
3300.0,1.4,1.0,0.02150812933589896,0.9868489213912576,30.02150812933588,0.057504246152923016
3325.0,1.4,1.0,0.021312319537770227,0.9868237010605426,30.021312319537767,0.05750296407654425
3350.0,1.4,1.0,0.020885735992041632,0.9868928833602231,30.020885735992042,0.05750740395458611
3375.0,1.4,1.0,0.020690934911304575,0.9868781523675084,30.020690934911304,0.05750673213902684
3400.0,1.4,1.0,0.020271996449870645,0.986951455824283,30.02027199644987,0.05751140491810829
3425.0,1.4,1.0,0.020078245245486705,0.9869372127198168,30.020078245245486,0.0575107605351257
3450.0,1.4,1.0,0.019665113791840768,0.9870052013961444,30.01966511379184,0.05751511812642243
3475.0,1.4,1.0,0.01947304981140991,0.9869836981669016,30.01947304981141,0.05751404906857786
3500.0,1.4,1.0,0.019061649641088488,0.9870401718939124,30.01906164964109,0.057517734061827426
3525.0,1.4,1.0,0.018868343669300125,0.9870092229215204,30.0188683436693,0.05751611576028464
3550.0,1.4,1.0,0.018450500566144955,0.9870535098347638,30.018450500566146,0.05751909681287515
3575.0,1.4,1.0,0.018248043112105088,0.9870157862394895,30.018248043112106,0.057517092486082534
3600.0,1.4,1.0,0.01781446647058585,0.9870514827589096,30.017814466470586,0.057519588056777635
3625.0,1.4,1.0,0.01759382407992194,0.987011411851552,30.01759382407992,0.057517464346678614
3650.0,1.4,1.0,0.01714069542447109,0.98704349654178,30.01714069542447,0.05751976820628048
3675.0,1.4,1.0,0.016899093077571984,0.9870044523749649,30.016899093077573,0.05751772439020115
3700.0,1.4,1.0,0.0164333250164597,0.9870367649315768,30.01643332501646,0.057520053672824624
3725.0,1.4,1.0,0.01617927710680076,0.987000151325826,30.0161792771068,0.05751816340358325
3750.0,1.4,1.0,0.015717244682712943,0.9870342060418109,30.015717244682712,0.05752059066991363
3775.0,1.4,1.0,0.015467539124027475,0.9870005923309709,30.015467539124028,0.057518871045838464
3800.0,1.4,1.0,0.015026112586248976,0.9870362716145054,30.01502611258625,0.05752137328159976
3825.0,1.4,1.0,0.014795521755889498,0.9870073379419259,30.01479552175589,0.05751990806719974
3850.0,1.4,1.0,0.014381425063294612,0.9870449906524011,30.014381425063295,0.05752249916093096
3875.0,1.4,1.0,0.014173256051232387,0.9870241787400015,30.014173256051233,0.057521485769597806
3900.0,1.4,1.0,0.013779995415706682,0.9870659716507848,30.013779995415707,0.057524298220981665
3925.0,1.4,1.0,0.013585647967297925,0.9870566785895418,30.013585647967297,0.05752394288126936
3950.0,1.4,1.0,0.01320045234214441,0.9871053455555437,30.013200452342144,0.057527148261335016
3975.0,1.4,1.0,0.01300776673294893,0.987107870541648,30.013007766732947,0.05752748007840248
4000.0,1.4,1.0,0.012621502132383526,0.9871635635166306,30.012621502132383,0.05753109601026488
4025.0,1.4,1.0,0.012423546129429369,0.9871734899511643,30.01242354612943,0.05753186424831434
4050.0,1.4,1.0,0.012034615662526654,0.9872319029524531,30.012034615662525,0.057535641325015006
4075.0,1.4,1.0,0.011830871541981374,0.9872418276289633,30.01183087154198,0.057536415033233895
4100.0,1.4,1.0,0.011440596363632545,0.9872962129989861,30.01144059636363,0.05753995873777064
4125.0,1.4,1.0,0.011231166589750988,0.9872998335825617,30.011231166589752,0.05754037051484477
4150.0,1.4,1.0,0.010837057632719416,0.9873452429644933,30.01083705763272,0.057543394830865645
4175.0,1.4,1.0,0.010618121765730024,0.9873401844495505,30.01061812176573,0.057543309912066826
4200.0,1.4,1.0,0.010213047867226118,0.9873755223642413,30.010213047867225,0.05754575781455659
4225.0,1.4,1.0,0.009978681633224523,0.9873627421840483,30.009978681633225,0.0575452376676993
4250.0,1.4,1.0,0.009555855877509912,0.9873894075804569,30.009555855877508,0.05754719718111383
4275.0,1.4,1.0,0.00930268666594636,0.9873710951315634,30.009302686665947,0.0575463726312125
4300.0,1.4,1.0,0.008860119186475397,0.9873910596528336,30.008860119186476,0.05754796056264989
4325.0,1.4,1.0,0.008589504119978742,0.9873697370012564,30.00858950411998,0.05754697729311323
4350.0,1.4,1.0,0.008130834297196353,0.9873850961629526,30.008130834297198,0.05754831227645852
4375.0,1.4,1.0,0.00784819514261572,0.9873636924491849,30.007848195142614,0.057547335804649755
4400.0,1.4,1.0,0.00738166705373115,0.9873770312498596,30.007381667053732,0.05754856059272537
4425.0,1.4,1.0,0.007094996312614016,0.9873583573791703,30.007094996312613,0.057547747086868294
4450.0,1.4,1.0,0.006631510296036099,0.9873727099988421,30.006631510296035,0.05754902807241989
4475.0,1.4,1.0,0.006349447204001626,0.9873585667339803,30.006349447204002,0.057548474211278115
4500.0,1.4,1.0,0.005898804387993665,0.9873766595437643,30.005898804387993,0.05754996090726283
4525.0,1.4,1.0,0.005627812079103093,0.9873681872609921,30.0056278120791,0.05754972696919437
4550.0,1.4,1.0,0.005193870084858444,0.9873918044411243,30.00519387008486,0.05755151967691557
4575.0,1.4,1.0,0.00493579221233554,0.9873909947896353,30.004935792212336,0.05755171999001306
4600.0,1.4,1.0,0.004514989241272927,0.9874210303975487,30.004514989241272,0.05755387424755169
4625.0,1.4,1.0,0.004268117966919103,0.9874307769051047,30.00426811796692,0.05755467911767797
4650.0,1.4,1.0,0.0038551871325436323,0.9874671124509437,30.003855187132544,0.057557193082740814
4675.0,1.4,1.0,0.0036192011941453416,0.9874884623262916,30.003619201194144,0.0575586638732846
4700.0,1.4,1.0,0.00321522339672558,0.9875293121182683,30.003215223396726,0.05756143243689405
4725.0,1.4,1.0,0.0029942231481626127,0.98755910379719,30.002994223148164,0.05756338094707367
4750.0,1.4,1.0,0.0026069616124327413,0.9876012937088433,30.002606961612432,0.0575662116526497
4775.0,1.4,1.0,0.0024056733609389767,0.9876336978826906,30.00240567336094,0.05756829357080422
4800.0,1.4,1.0,0.002041097771433967,0.9876742445151406,30.002041097771436,0.057571006787509434
4825.0,1.4,1.0,0.0018586001024995735,0.9877045420838888,30.001858600102498,0.057572947920521984
4850.0,1.4,1.0,0.0015136106073329154,0.9877414645155529,30.001513610607333,0.0575754311450781
4875.0,1.4,1.0,0.0013425810861605924,0.987767746121313,30.00134258108616,0.05757712721447238
4900.0,1.4,1.0,0.001006738632775582,0.9877990897652944,30.001006738632775,0.05757927651932774
4925.0,1.4,1.0,0.0008391233728318059,0.9878206443135477,30.00083912337283,0.05758069379569111
4950.0,1.4,1.0,0.0005030891053101116,0.987843413611393,30.00050308910531,0.05758234351844136
4975.0,1.4,1.0,0.00033577212228299295,0.9878585093439042,30.000335772122284,0.057583384038720486
5000.0,1.4,1.0,0.0,0.9878695658555109,30.0,0.057584350786178885
0.0,1.4,1.5,0.20496759108451418,1.4898211648233146,30.204967591084515,0.08654868007100615
25.0,1.4,1.5,0.20496759108451418,1.489106405673995,30.204967591084515,0.08650715732827507
50.0,1.4,1.5,0.2027805099664668,1.4895715618647305,30.202780509966466,0.08653731285604638
75.0,1.4,1.5,0.2027544190473896,1.488873507745297,30.20275441904739,0.08649679645646921
100.0,1.4,1.5,0.20059218992137015,1.4893277115234813,30.20059218992137,0.08652628091908966
125.0,1.4,1.5,0.2005390757918992,1.4886452082949935,30.200539075791898,0.0864867052109686
150.0,1.4,1.5,0.19839856094092437,1.4890877379224396,30.198398560940923,0.08651548113834638
175.0,1.4,1.5,0.19831618455632943,1.488418984912219,30.19831618455633,0.08647674476780554
200.0,1.4,1.5,0.19620029737954017,1.4888451845633615,30.19620029737954,0.08650453743716821
225.0,1.4,1.5,0.1960858580763295,1.4881898793453496,30.19608585807633,0.0864666268937129
250.0,1.4,1.5,0.1939961815114903,1.4885987817038908,30.19399618151149,0.08649337776518799
275.0,1.4,1.5,0.1938471439025591,1.487960129044624,30.19384714390256,0.08645648293715304
300.0,1.4,1.5,0.19177758722438923,1.488359251777637,30.19177758722439,0.08648263748878995
325.0,1.4,1.5,0.19159066481538403,1.4877446007326722,30.191590664815383,0.08644719016581043
350.0,1.4,1.5,0.18952781957929193,1.4881479456036306,30.189527819579293,0.08647358121592581
375.0,1.4,1.5,0.18930054782644753,1.487565606330062,30.18930054782645,0.08644006790386255
400.0,1.4,1.5,0.1872325135367433,1.4879854864594058,30.187232513536742,0.08646742812574308
425.0,1.4,1.5,0.1869684956121392,1.4874385106965777,30.18696849561214,0.08643602113283388
450.0,1.4,1.5,0.18489639180737472,1.4878761533948612,30.184896391807374,0.08646442044571537
475.0,1.4,1.5,0.18460529643173038,1.4873593977838087,30.18460529643173,0.08643480718826164
500.0,1.4,1.5,0.18254485052516992,1.4878021864817768,30.18254485052517,0.08646349004863944
525.0,1.4,1.5,0.18223344493229782,1.4873059102482418,30.182233444932297,0.08643509489419847
550.0,1.4,1.5,0.1802013864145829,1.4877351908252017,30.180201386414584,0.08646295328990901
575.0,1.4,1.5,0.17986583281640556,1.4872508227079098,30.179865832816404,0.0864352836971211
600.0,1.4,1.5,0.17786431868008581,1.487653919485232,30.177864318680086,0.08646157776233378
625.0,1.4,1.5,0.17749380738223072,1.487176787221729,30.17749380738223,0.08643437771792656
650.0,1.4,1.5,0.17551040197855297,1.487552549976422,30.175510401978553,0.08645905825666435
675.0,1.4,1.5,0.17509944717626177,1.4870808924510333,30.17509944717626,0.0864322332817872
700.0,1.4,1.5,0.17312291638367763,1.4874353104068891,30.17312291638368,0.0864556643481359
725.0,1.4,1.5,0.17268261803629079,1.4869669614761527,30.17268261803629,0.0864290726491557
750.0,1.4,1.5,0.17071924710490266,1.4873043298120012,30.170719247104902,0.08645149477809698
775.0,1.4,1.5,0.17027805223661766,1.4868340077899767,30.17027805223662,0.0864247886093028
800.0,1.4,1.5,0.1683531416673432,1.487152169007784,30.168353141667342,0.0864460400180532
825.0,1.4,1.5,0.16794251644697644,1.4866736417770117,30.167942516446978,0.08641881204148334
850.0,1.4,1.5,0.16608438384668947,1.486967450182372,30.16608438384669,0.08643855286611733
875.0,1.4,1.5,0.16571837017045707,1.4864795413411214,30.165718370170456,0.08641071457723042
900.0,1.4,1.5,0.16393807673816363,1.4867479287134635,30.163938076738162,0.08642886666316316
925.0,1.4,1.5,0.16360460346423233,1.486257094347598,30.163604603464233,0.08640081066919757
950.0,1.4,1.5,0.16188831779448878,1.486505666798598,30.16188831779449,0.08641771955498576
975.0,1.4,1.5,0.16155916573173354,1.4860215236161005,30.161559165731735,0.08639004536661596
1000.0,1.4,1.5,0.159877455370322,1.4862587147861437,30.15987745537032,0.08640624340368604
1025.0,1.4,1.5,0.15952518566356821,1.4857879754142214,30.15952518566357,0.08637938060942206
1050.0,1.4,1.5,0.15784842533588636,1.4860203713970466,30.157848425335885,0.08639529310025794
1075.0,1.4,1.5,0.15745512660767047,1.4855661748208762,30.15745512660767,0.08636944989009049
1100.0,1.4,1.5,0.15576292698808822,1.485798032360779,30.15576292698809,0.086385353541948
1125.0,1.4,1.5,0.1553191563922789,1.4853636064736877,30.155319156392277,0.08636073115442099
1150.0,1.4,1.5,0.15360243657663797,1.4855986290574368,30.153602436576637,0.08637685435493425
1175.0,1.4,1.5,0.1531046077701846,1.485188807711246,30.153104607770185,0.08635373903981089
1200.0,1.4,1.5,0.1513650951559524,1.4854296444154012,30.151365095155953,0.08637023343085304
1225.0,1.4,1.5,0.1508156417166794,1.4850477305061827,30.15081564171668,0.08634881384355633
1250.0,1.4,1.5,0.14906378170078702,1.4852933263428014,30.149063781700786,0.08636560322852846
1275.0,1.4,1.5,0.1484726665288546,1.4849363113009832,30.148472666528853,0.08634569028330892
1300.0,1.4,1.5,0.14672291489844536,1.485180511586175,30.146722914898444,0.08636239615692297
1325.0,1.4,1.5,0.1461070994066449,1.4848373183715597,30.146107099406645,0.08634332155206949
1350.0,1.4,1.5,0.14437214436884,1.485070649402083,30.14437214436884,0.08635937484992016
1375.0,1.4,1.5,0.14375019824276505,1.4847261557104114,30.143750198242763,0.08634023265906293
1400.0,1.4,1.5,0.1420367190681269,1.484940227834929,30.142036719068127,0.08635513584742281
1425.0,1.4,1.5,0.14142132487305967,1.4845826502304547,30.14142132487306,0.08633522263326968
1450.0,1.4,1.5,0.13973100964158355,1.4847737011716469,30.139731009641583,0.08634875434362932
1475.0,1.4,1.5,0.1391268630969991,1.4843993485766087,30.139126863096998,0.08632784864877499
1500.0,1.4,1.5,0.13746353399876174,1.4845677893293836,30.137463533998762,0.08634002713158594
1525.0,1.4,1.5,0.13687261234967224,1.4841803920561794,30.136872612349674,0.08631834299122995
1550.0,1.4,1.5,0.13524665372552308,1.48432912945472,30.135246653725524,0.0863293222704928
1575.0,1.4,1.5,0.13467137490069633,1.4839377726410827,30.134671374900698,0.0863073845666501
1600.0,1.4,1.5,0.13309210624488593,1.4840737849035635,30.133092106244884,0.08631755703623664
1625.0,1.4,1.5,0.13252906614726895,1.4836929500403033,30.13252906614727,0.08629621292967782
1650.0,1.4,1.5,0.13099177255144867,1.4838291707495779,30.13099177255145,0.08630633755662101
1675.0,1.4,1.5,0.13042534385635854,1.483476589192626,30.130425343856356,0.08628664083926559
1700.0,1.4,1.5,0.12890884802771987,1.4836277375504698,30.128908848027702,0.08629760415810324
1725.0,1.4,1.5,0.12831661408492068,1.483316250168297,30.128316614084792,0.08628033398739575
1750.0,1.4,1.5,0.12679505203530156,1.4834897626362085,30.12679505203445,0.08629260575292294
1775.0,1.4,1.5,0.12616191653473965,1.4832181907159596,30.12616191652934,0.08627771537709641
1800.0,1.4,1.5,0.12462036815918004,1.4834077171696263,30.124620368127125,0.0862909477637198
1825.0,1.4,1.5,0.12394829519014167,1.483158962798964,30.12394829501135,0.08627743995397147
1850.0,1.4,1.5,0.1223902376461624,1.4833459426107647,30.12239023670934,0.08629054840298638
1875.0,1.4,1.5,0.12169394139501749,1.4830956281380399,30.121693936783817,0.08627698406386697
1900.0,1.4,1.5,0.12013489092571761,1.4832589649917443,30.12013486960375,0.08628871908914562
1925.0,1.4,1.5,0.11942744419171294,1.4829890353624138,30.119427351573293,0.08627402919830376
1950.0,1.4,1.5,0.11788094210052573,1.4831166806958258,30.117880564159538,0.08628367064732248
1975.0,1.4,1.5,0.11716519064017611,1.4828229156287447,30.11716374184428,0.08626760681409615
2000.0,1.4,1.5,0.11563547707072339,1.4829163974286441,30.11563025975628,0.08627524186962775
2025.0,1.4,1.5,0.11490904095554585,1.4826055349980907,30.114891391008296,0.08625821422128749
2050.0,1.4,1.5,0.1133949835250658,1.4826763771171125,30.113338892108715,0.08626455943336991
2075.0,1.4,1.5,0.11265763035149422,1.4823624016262225,30.112490172314484,0.0862475072371965
2100.0,1.4,1.5,0.11115589830653526,1.482433996615901,30.11068625062747,0.086254256427117
2125.0,1.4,1.5,0.11040593363933252,1.4821541729821834,30.109168576809623,0.08624014852452518
2150.0,1.4,1.5,0.10890189914839234,1.4823001780349343,30.105839411582938,0.08625341257160866
2175.0,1.4,1.5,0.10811838159438085,1.482193853309097,30.100997884670964,0.08625416149414437
2200.0,1.4,1.5,0.10656110270045989,1.4826756368756877,30.09100850754692,0.08629651865851855
2225.0,1.4,1.5,0.10566859598288471,1.4831965607980122,30.073756742745825,0.08635159519575206
2250.0,1.4,1.5,0.10393028072701367,1.4847443526202804,30.042418573654242,0.08648678077048631
2275.0,1.4,1.5,0.10275552051488372,1.4869562732724384,29.991372208309365,0.08668930585283509
2300.0,1.4,1.5,0.1006103635779231,1.4909524437478825,29.911140967046666,0.08703878053670011
2325.0,1.4,1.5,0.09890388562287328,1.4963988045990608,29.796132652061033,0.0875251571807334
2350.0,1.4,1.5,0.09613159839406181,1.504204325412067,29.641618144092373,0.08821072171853722
2375.0,1.4,1.5,0.09377465613144868,1.513534095443569,29.452807949651188,0.08904188642629583
2400.0,1.4,1.5,0.09046641423139241,1.5244739004792647,29.241323490633707,0.09000921563231404
2425.0,1.4,1.5,0.08782910958087148,1.5351913412728508,29.03105366679626,0.09096966790016685
2450.0,1.4,1.5,0.08467935430806504,1.544849320562199,28.84918369068963,0.09183005787272049
2475.0,1.4,1.5,0.08269444318495063,1.5511567829788704,28.72576791491807,0.09240285052578255
2500.0,1.4,1.5,0.08069697666907208,1.5535695606930484,28.680696976669072,0.09261926905610653
2525.0,1.4,1.5,0.08014204988052424,1.550951096780804,28.723215521613643,0.09239470264135685
2550.0,1.4,1.5,0.07961622738043002,1.544435499076298,28.844120563761997,0.09181351633577803
2575.0,1.4,1.5,0.08024975647298964,1.5346017698041674,29.023474313688382,0.09094660493948786
2600.0,1.4,1.5,0.08047687291169203,1.5236993648614219,29.231333949314006,0.08997885566309242
2625.0,1.4,1.5,0.08135057743202935,1.5126298729350143,29.44038387095177,0.08900746560337393
2650.0,1.4,1.5,0.08140911719274105,1.503148812315573,29.62689566289105,0.08817072265660472
2675.0,1.4,1.5,0.08183449379180435,1.4952576346854993,29.77906326022996,0.08748347158660415
2700.0,1.4,1.5,0.08133859420932338,1.4896846265089982,29.891869197678066,0.08699279721304565
2725.0,1.4,1.5,0.0812148877216152,1.4856293936892004,29.969831575516096,0.08664306930456486
2750.0,1.4,1.5,0.08026556747188816,1.483293649900048,30.018753860399116,0.08643632701037492
2775.0,1.4,1.5,0.07980062296287334,1.4816903238470471,30.047888769725816,0.08630102613401479
2800.0,1.4,1.5,0.0786328636446652,1.4810259248011244,30.063080268491124,0.08624053039661103
2825.0,1.4,1.5,0.07803393266433857,1.4804754972442762,30.070913435740923,0.08619724990725708
2850.0,1.4,1.5,0.07680538242087259,1.4804072468987708,30.073742894855418,0.08618922138825406
2875.0,1.4,1.5,0.07617228332045585,1.4801781540742158,30.074934926490748,0.08617417579360741
2900.0,1.4,1.5,0.07494058654527318,1.4802577010372466,30.07447093886621,0.08617947170012849
2925.0,1.4,1.5,0.07429323308590366,1.4801029397917906,30.07412577504889,0.08617095611091438
2950.0,1.4,1.5,0.07306513562398315,1.480209260421582,30.073009044207634,0.08617874608804055
2975.0,1.4,1.5,0.07239725202276166,1.4800772050608684,30.07237960207551,0.0861719595534408
3000.0,1.4,1.5,0.07117031267273226,1.480194066107435,30.07116509535829,0.08618050361643029
3025.0,1.4,1.5,0.0704832150800589,1.480081320973007,30.070481766284164,0.08617491843351337
3050.0,1.4,1.5,0.06926251448501683,1.4802103488458438,30.06926213654403,0.08618417862718568
3075.0,1.4,1.5,0.06857194933371544,1.4801172956725184,30.068571856715295,0.08617974986432433
3100.0,1.4,1.5,0.06736844964155916,1.4802578707869114,30.06736842831959,0.08618965963574514
3125.0,1.4,1.5,0.06669410626827657,1.4801825865484255,30.066694101657077,0.08618624259044044
3150.0,1.4,1.5,0.06551737566106573,1.4803316323316473,30.065517374724244,0.08619660780859502
3175.0,1.4,1.5,0.06487161439315804,1.480270736338761,30.064871614214365,0.08619398762389033
3200.0,1.4,1.5,0.06372619635994219,1.4804240723485136,30.063726196327885,0.0862045582896519
3225.0,1.4,1.5,0.06311031511692462,1.4803723743965866,30.063110315111526,0.08620243090649742
3250.0,1.4,1.5,0.06199485168112934,1.4805253173386266,30.061994851680275,0.08621293624970956
3275.0,1.4,1.5,0.061399636740993996,1.480476802718709,30.061399636740866,0.08621096465435779
3300.0,1.4,1.5,0.06030475164356194,1.48062629592532,30.060304751643542,0.08622124009979482
3325.0,1.4,1.5,0.05971179160971241,1.4805778761420134,30.059711791609708,0.08621927084405892
3350.0,1.4,1.5,0.05861954856710285,1.4807244784388127,30.0586195485671,0.08622937463275906
3375.0,1.4,1.5,0.05800606688338948,1.480678106096324,30.05800606688339,0.08622755409420152
3400.0,1.4,1.5,0.0568968969189956,1.480823883641026,30.056896896918996,0.08623763461698052
3425.0,1.4,1.5,0.05624673344119176,1.4807825120807434,30.056246733441192,0.08623615798846375
3450.0,1.4,1.5,0.055112122482809764,1.4809253300591967,30.05511212248281,0.08624610315520617
3475.0,1.4,1.5,0.054426562161121475,1.4808861348767925,30.054426562161122,0.08624480413907924
3500.0,1.4,1.5,0.05327553079693327,1.4810172886324477,30.053275530796935,0.08625409406170824
3525.0,1.4,1.5,0.05257173993703077,1.4809716336195626,30.05257173993703,0.08625244506509519
3550.0,1.4,1.5,0.05142202627117896,1.4810822691395273,30.05142202627118,0.08626053856649563
3575.0,1.4,1.5,0.05071793273323548,1.48102482239571,30.050717932733235,0.08625820328322731
3600.0,1.4,1.5,0.04958057532829755,1.4811157561822739,30.049580575328296,0.0862651319643497
3625.0,1.4,1.5,0.04888239107786846,1.4810522454294766,30.048882391077868,0.08626243502001178
3650.0,1.4,1.5,0.04775708495620019,1.4811359075930868,30.0477570849562,0.08626892320616011
3675.0,1.4,1.5,0.04706163308076628,1.4810800234465968,30.047061633080766,0.08626666654973042
3700.0,1.4,1.5,0.04594493646438459,1.481172191731536,30.045944936464384,0.08627363815499968
3725.0,1.4,1.5,0.04525007772514567,1.4811353422369171,30.045250077725147,0.08627248938526931
3750.0,1.4,1.5,0.04414376336140309,1.4812449814332351,30.044143763361404,0.08628046410594506
3775.0,1.4,1.5,0.0434540975779119,1.4812291705072267,30.04345409757791,0.08628053343549445
3800.0,1.4,1.5,0.042365063032866704,1.481354530042062,30.042365063032868,0.08628939948934142
3825.0,1.4,1.5,0.04168871564028786,1.481353499028388,30.041688715640287,0.08629031077000861
3850.0,1.4,1.5,0.04062243290905758,1.481485972304677,30.040622432909057,0.08629955901725361
3875.0,1.4,1.5,0.03996408252161897,1.4814913833057906,30.039964082521617,0.08630081988001975
3900.0,1.4,1.5,0.0389188686432381,1.4816224342846145,30.03891886864324,0.08630995550086154
3925.0,1.4,1.5,0.038275602721910856,1.4816288427375528,30.03827560272191,0.08631125297432207
3950.0,1.4,1.5,0.03724228099391885,1.4817541744900724,30.03724228099392,0.08632003881268042
3975.0,1.4,1.5,0.03660379873546681,1.4817600196196299,30.036603798735467,0.08632129676537657
4000.0,1.4,1.5,0.03556902565431791,1.4818792584333353,30.03556902565432,0.08632973019222903
4025.0,1.4,1.5,0.03492010993679238,1.4818851769792178,30.03492010993679,0.08633100758031069
4050.0,1.4,1.5,0.033870498182645904,1.481998964016593,30.033870498182647,0.08633914516842899
4075.0,1.4,1.5,0.03319632219706703,1.4820046329574466,30.033196322197067,0.08634044448843692
4100.0,1.4,1.5,0.0321234217249796,1.4821113774853258,30.03212342172498,0.08634820569974372
4125.0,1.4,1.5,0.0314168163337847,1.482112945689415,30.031416816333785,0.08634931289681466
4150.0,1.4,1.5,0.03032049558558452,1.4822082767113631,30.030320495585585,0.08635644324271465
4175.0,1.4,1.5,0.029584530629326294,1.482200147322983,30.029584530629325,0.08635702780757602
4200.0,1.4,1.5,0.028471264024546566,1.4822804016751177,30.028471264024546,0.08636330450447915
4225.0,1.4,1.5,0.027715089159259472,1.482260434951536,30.02771508915926,0.08636322857031871
4250.0,1.4,1.5,0.026593443525788477,1.4823263799572757,30.026593443525787,0.08636868393513374
4275.0,1.4,1.5,0.025826737407780305,1.4822989090775216,30.02582673740778,0.08636818600680629
4300.0,1.4,1.5,0.0247036690729346,1.482355922918238,30.024703669072935,0.08637312333651911
4325.0,1.4,1.5,0.023933351828854234,1.4823299423136,30.023933351828855,0.08637271751380649
4350.0,1.4,1.5,0.022812098081512067,1.4823855488457236,30.022812098081513,0.08637757052165704
4375.0,1.4,1.5,0.022041510031290873,1.4823702871027014,30.02204151003129,0.08637778975628618
4400.0,1.4,1.5,0.020922379707337357,1.482431484859917,30.020922379707336,0.0863829658146358
4425.0,1.4,1.5,0.02015302439167479,1.4824323602408616,30.020153024391675,0.08638412372728543
4450.0,1.4,1.5,0.01903812670780081,1.4825033688883769,30.0190381267078,0.08638986573642968
4475.0,1.4,1.5,0.018273360020346602,1.482520113842133,30.018273360020345,0.08639194198449245
4500.0,1.4,1.5,0.01717085261403493,1.4826010860350554,30.017170852614036,0.08639824716089743
4525.0,1.4,1.5,0.016417891708556544,1.4826292900796663,30.016417891708556,0.08640097440778277
4550.0,1.4,1.5,0.01533895857340013,1.482717468220178,30.015338958573402,0.08640766599932567
4575.0,1.4,1.5,0.014605376360441936,1.4827532651835438,30.014605376360443,0.08641080808010414
4600.0,1.4,1.5,0.013554529299150863,1.482846321996472,30.01355452929915,0.0864177439841291
4625.0,1.4,1.5,0.012841438953893334,1.4828906828033617,30.012841438953892,0.08642135590213074
4650.0,1.4,1.5,0.011810577961666771,1.4829889140085093,30.01181057796167,0.08642856502453594
4675.0,1.4,1.5,0.011111135531678385,1.4830463021487643,30.011111135531678,0.08643291679440886
4700.0,1.4,1.5,0.010086563216114541,1.4831504520323529,30.010086563216113,0.0864404622595046
4725.0,1.4,1.5,0.009393565317901541,1.4832218178140466,30.0093935653179,0.08644561968939712
4750.0,1.4,1.5,0.008369560044262035,1.4833287361942702,30.00836956004426,0.08645332616987193
4775.0,1.4,1.5,0.0076826701257427955,1.4834068733630326,30.007682670125742,0.08645886978866381
4800.0,1.4,1.5,0.006664980474339242,1.4835090551066794,30.00666498047434,0.08646629158273023
4825.0,1.4,1.5,0.005987570159372617,1.4835826028165682,30.005987570159373,0.08647155437670642
4850.0,1.4,1.5,0.004982751737376369,1.4836729697688529,30.004982751737376,0.08647826944435556
4875.0,1.4,1.5,0.004313572625065516,1.4837346692778333,30.004313572625065,0.08648283008656857
4900.0,1.4,1.5,0.0033191921384109445,1.483810635798933,30.00331919213841,0.08648869115060427
4925.0,1.4,1.5,0.002651848178662625,1.4838604982431816,30.00265184817866,0.08649255944778274
4950.0,1.4,1.5,0.0016599675479156825,1.4839227740492849,30.001659967547916,0.08649761924179104
4975.0,1.4,1.5,0.000990865235938296,1.483964114493657,30.000990865235938,0.08650099355521337
5000.0,1.4,1.5,0.0,1.484013128108738,30.0,0.0865052791319692
0.0,1.4,2.0,0.3796496960590644,1.9750063150920194,30.379649696059065,0.11440436740988603
25.0,1.4,2.0,0.3796496960590644,1.9738957580441165,30.379649696059065,0.11434003719708263
50.0,1.4,2.0,0.3757636855768387,1.9748600556373685,30.37576368557684,0.11440321234640885
75.0,1.4,2.0,0.3756857271136368,1.9737928257929818,30.375685727113638,0.1143415346813746
100.0,1.4,2.0,0.37183954413820824,1.9747424693436468,30.371839544138208,0.11440379055473378
125.0,1.4,2.0,0.3717066360642077,1.973715751730738,30.371706636064207,0.11434455937297387
150.0,1.4,2.0,0.36790530675249755,1.9746559347349457,30.367905306752498,0.11440618738244177
175.0,1.4,2.0,0.3677512280195296,1.97365711265886,30.36775122801953,0.11434860843908357
200.0,1.4,2.0,0.3640088139035426,1.9745829905626462,30.364008813903542,0.11440930133529012
225.0,1.4,2.0,0.3638525979986524,1.9736011055676546,30.36385259799865,0.1143527041023019
250.0,1.4,2.0,0.3601792803921526,1.9745032207626771,30.360179280392153,0.11441189448192222
275.0,1.4,2.0,0.3600096935404469,1.9735373980212798,30.360009693540448,0.11435624961078354
300.0,1.4,2.0,0.35640218189283807,1.9744082839602999,30.35640218189284,0.1144135106946225
325.0,1.4,2.0,0.3561876278434634,1.9734652747967056,30.356187627843465,0.11435926909801314
350.0,1.4,2.0,0.3526305488232821,1.974302707341481,30.35263054882328,0.11441450065315707
375.0,1.4,2.0,0.3523443184523514,1.973387964833835,30.352344318452353,0.1143620288574241
400.0,1.4,2.0,0.3488190200790291,1.9741949505962424,30.34881902007903,0.11441544002971257
425.0,1.4,2.0,0.3484551207091541,1.9733082993922573,30.348455120709154,0.11436473937354472
450.0,1.4,2.0,0.3449487651500065,1.9740910798044164,30.344948765150008,0.11441671591636676
475.0,1.4,2.0,0.34451769504171037,1.9732302676763478,30.34451769504171,0.11436763628137024
500.0,1.4,2.0,0.341026266390798,1.9739962416875119,30.3410262663908,0.1144186144988424
525.0,1.4,2.0,0.3405396278299663,1.9731628995105988,30.340539627829965,0.11437122874253983
550.0,1.4,2.0,0.3370626592079797,1.97392023819591,30.33706265920798,0.11442168310944452
575.0,1.4,2.0,0.33652191954129007,1.9731217360566378,30.33652191954129,0.11437641590848956
600.0,1.4,2.0,0.3330573822935269,1.97387816336766,30.33305738229353,0.11442679806741349
625.0,1.4,2.0,0.33245691630210356,1.9731224530773035,30.332456916302103,0.11438412129407538
650.0,1.4,2.0,0.32900507969931897,1.9738805042247056,30.329005079699318,0.11443457788758996
675.0,1.4,2.0,0.328344775783772,1.9731679924980554,30.328344775783773,0.11439451570261021
700.0,1.4,2.0,0.32491371526667256,1.9739217825846658,30.32491371526667,0.11444469049667398
725.0,1.4,2.0,0.3242053881180635,1.9732427770855594,30.324205388118063,0.11440665905013991
750.0,1.4,2.0,0.3208056619386625,1.9739828646852653,30.320805661938664,0.11445598475523493
775.0,1.4,2.0,0.32006445167786296,1.9733245846581158,30.32006445167786,0.11441921472420409
800.0,1.4,2.0,0.3166995366204293,1.9740460366097135,30.31669953662043,0.11446739861050848
825.0,1.4,2.0,0.31593057140242076,1.9734024187680779,30.315930571402422,0.11443152892064659
850.0,1.4,2.0,0.3125987686459609,1.9741057718843469,30.312598768645962,0.11447860512879618
875.0,1.4,2.0,0.3117968098872882,1.9734791703450658,30.311796809887287,0.11444378232711354
900.0,1.4,2.0,0.3085019361549998,1.9741646021435555,30.308501936155,0.11448975376845129
925.0,1.4,2.0,0.3076649284827084,1.9735579849696039,30.30766492848271,0.11445615403288666
950.0,1.4,2.0,0.3044223085135455,1.974219897839849,30.304422308513544,0.11450066693782204
975.0,1.4,2.0,0.3035632808131844,1.9736279961479675,30.303563280813183,0.11446796026600403
1000.0,1.4,2.0,0.3003952404565982,1.9742541963776041,30.3003952404566,0.11451026490567975
1025.0,1.4,2.0,0.2995385001894185,1.9736626796926726,30.299538500189417,0.11447757431456272
1050.0,1.4,2.0,0.29645889311701745,1.974240631011418,30.296458893117016,0.11451691682162836
1075.0,1.4,2.0,0.2956208025806135,1.973635369220267,30.295620802580615,0.11448339176477869
1100.0,1.4,2.0,0.29261757924843945,1.9741627121605752,30.29261757924844,0.11451965734836997
1125.0,1.4,2.0,0.2917903453892717,1.9735404196881068,30.291790345389273,0.1144851218379782
1150.0,1.4,2.0,0.2888260444080789,1.97402883631335,30.28882604440808,0.11451905835008017
1175.0,1.4,2.0,0.2879824663918412,1.9733984951146775,30.287982466391842,0.11448408472105724
1200.0,1.4,2.0,0.285018327478945,1.9738653554376602,30.285018327478944,0.11451677274024348
1225.0,1.4,2.0,0.28413218718783806,1.9732409216829663,30.284132187187836,0.11448222016346274
1250.0,1.4,2.0,0.2811528982741287,1.9736983252265017,30.28115289827413,0.11451439048787199
1275.0,1.4,2.0,0.2802140239219347,1.973092001012956,30.280214023921936,0.11448098619879346
1300.0,1.4,2.0,0.2772290556938875,1.973545142131171,30.277229055693887,0.11451292232557597
1325.0,1.4,2.0,0.2762413307049634,1.9729669580684355,30.276241330704963,0.11448124115026784
1350.0,1.4,2.0,0.27326745754065374,1.9734202471538407,30.273267457540655,0.11451316735709421
1375.0,1.4,2.0,0.2722369055321269,1.9728807073604493,30.272236905532125,0.11448380769398225
1400.0,1.4,2.0,0.2692830355940116,1.9733417452506992,30.26928303559401,0.1145161483475443
1425.0,1.4,2.0,0.26821111393459196,1.9728504832182716,30.26821111393459,0.11448966685416796
1450.0,1.4,2.0,0.2652767737503752,1.9733269922145786,30.265276773750376,0.1145228712385066
1475.0,1.4,2.0,0.26416539003109923,1.972885621824849,30.2641653900311,0.11449935842862441
1500.0,1.4,2.0,0.26125000150427075,1.9733777995051998,30.26125000150427,0.11453343940853929
1525.0,1.4,2.0,0.26010935978512983,1.9729740331289531,30.26010935978513,0.11451216327835435
1550.0,1.4,2.0,0.2572213048005348,1.9734692605190867,30.257221304800535,0.1145463728048324
1575.0,1.4,2.0,0.2560677413845057,1.9730807083148352,30.256067741384506,0.11452600319657633
1600.0,1.4,2.0,0.25322196936048397,1.9735574555484738,30.253221969360485,0.1145590632595706
1625.0,1.4,2.0,0.25206731626259105,1.9731631547019728,30.25206731626259,0.11453836105633391
1650.0,1.4,2.0,0.24927406295835655,1.9736019451885545,30.249274062958357,0.11456912136485474
1675.0,1.4,2.0,0.24811995237676984,1.9731910700772823,30.248119952376765,0.11454745495080032
1700.0,1.4,2.0,0.2453781407815999,1.9735828270815683,30.245378140781582,0.11457539008756554
1725.0,1.4,2.0,0.2442196473801743,1.973155378106823,30.244219647380046,0.1145527686326863
1750.0,1.4,2.0,0.24151902640637934,1.9735028292888952,30.241519026405527,0.11457805579679103
1775.0,1.4,2.0,0.24034884924407,1.9730664656708439,30.24034884923867,0.11455493764132464
1800.0,1.4,2.0,0.2376733515506416,1.9733820493958807,30.237673351518584,0.11457832896271802
1825.0,1.4,2.0,0.23648105266387034,1.9729493327618026,30.236481052485075,0.11455546314434072
1850.0,1.4,2.0,0.23380993551990198,1.973252009680177,30.23380993458308,0.11457809856838201
1875.0,1.4,2.0,0.2325819394096383,1.9728367571332657,30.23258193479844,0.11455631314986364
1900.0,1.4,2.0,0.2298932921054062,1.973146242684261,30.229893270783435,0.11457937902270901
1925.0,1.4,2.0,0.2286183316909799,1.972757768060494,30.22861823907256,0.11455923649840526
1950.0,1.4,2.0,0.22589788336710237,1.9730858094614363,30.225897505426115,0.11458344273134241
1975.0,1.4,2.0,0.22457436372133413,1.972723577757635,30.22457291492544,0.11456491708913812
2000.0,1.4,2.0,0.2218249474703562,1.9730667011823921,30.221819730155914,0.11459006298443702
2025.0,1.4,2.0,0.2204642910262594,1.972719369904782,30.22044664107901,0.11457249373430886
2050.0,1.4,2.0,0.2177058922543897,1.9730614651429408,30.21764980083804,0.11459766510922118
2075.0,1.4,2.0,0.21632529885645368,1.9727174324196324,30.21615784081944,0.1145805119676385
2100.0,1.4,2.0,0.21357946783646964,1.973052769426092,30.213109820157406,0.11460576971442028
2125.0,1.4,2.0,0.21218374840794454,1.972737542359722,30.210946391578236,0.11459156236417369
2150.0,1.4,2.0,0.20944700200222877,1.9731395067230495,30.206384514436774,0.11462356595577042
2175.0,1.4,2.0,0.20800267661496272,1.9730281748356242,30.200882179691547,0.11462753910423912
2200.0,1.4,2.0,0.20520721755121285,1.9738378307315791,30.189654622397672,0.1146958996992517
2225.0,1.4,2.0,0.2035922552653197,1.974537017152968,30.17168040202826,0.11477069906369727
2250.0,1.4,2.0,0.20053651997515876,1.9767354119047529,30.139024812902388,0.11496071089315932
2275.0,1.4,2.0,0.19846185600692318,1.9796756505974806,30.087078543801404,0.11523105228081389
2300.0,1.4,2.0,0.1947566097645357,1.9851271872640093,30.005287213233277,0.11570574938939407
2325.0,1.4,2.0,0.19178389938442678,1.9923908861073039,29.889012665822584,0.11635478773538627
2350.0,1.4,2.0,0.18701425109352005,2.002944903508833,29.73250079679183,0.11727860181569436
2375.0,1.4,2.0,0.18290667329027274,2.01543128065162,29.541939966810013,0.11838971782796787
2400.0,1.4,2.0,0.17717821019063726,2.0302243548850667,29.32803528659295,0.11969280494038956
2425.0,1.4,2.0,0.17254821402362222,2.0446295371596466,29.115772771239012,0.12098066462864521
2450.0,1.4,2.0,0.1670417364153339,2.0577814963027694,28.931546072796902,0.12214591094110476
2475.0,1.4,2.0,0.16351910506032327,2.0663561349221187,28.80659257679344,0.12292061519122366
2500.0,1.4,2.0,0.1599947328485554,2.069869658474728,28.759994732848558,0.12322933181944676
2525.0,1.4,2.0,0.15897691281178597,2.0665307987937376,28.802050384544902,0.12294069832079332
2550.0,1.4,2.0,0.1580455151329453,2.0580948381485773,28.92254985151451,0.12218350817134062
2575.0,1.4,2.0,0.1591382874950961,2.0450764041471063,29.102362844710488,0.12103498164092479
2600.0,1.4,2.0,0.15956609335115446,2.0307171460101734,29.31042316975347,0.11975782164212605
2625.0,1.4,2.0,0.16109603035556544,2.015990414803817,29.520129323875306,0.11846630184568104
2650.0,1.4,2.0,0.1612504255847102,2.0034620137848633,29.70673697128302,0.11735973855478843
2675.0,1.4,2.0,0.16197393364544452,1.9929343368480104,29.859202700083603,0.11644460783988597
2700.0,1.4,2.0,0.1611396737858783,1.985577758968587,29.97167027725462,0.11579689724867222
2725.0,1.4,2.0,0.1608454270585852,1.9801520720964754,30.049462114853068,0.11533090225635584
2750.0,1.4,2.0,0.15916445485799152,1.977102369184045,30.09765274778522,0.11506105167766441
2775.0,1.4,2.0,0.15820000223577263,1.9749576264944724,30.126288148998714,0.11488159736722464
2800.0,1.4,2.0,0.1560687991214121,1.9741538153138107,30.140516203967874,0.11480773283783938
2825.0,1.4,2.0,0.1548045731613944,1.973442507528757,30.14768407623798,0.11475272228049829
2850.0,1.4,2.0,0.15251066432493374,1.9734667621764659,30.149448176759478,0.11475077536346624
2875.0,1.4,2.0,0.1511535754312949,1.973218170295347,30.149916218601586,0.11473542996490287
2900.0,1.4,2.0,0.14883240745967438,1.9734707252149004,30.14836275978061,0.11475307144546124
2925.0,1.4,2.0,0.1474657912370126,1.973343785675263,30.147298333200002,0.1147477158601383
2950.0,1.4,2.0,0.1451707662548965,1.9736462633920402,30.145114674838545,0.11476946122002649
2975.0,1.4,2.0,0.14382524434385655,1.9735506121556148,30.143807594396606,0.11476638714695908
3000.0,1.4,2.0,0.14157853680343743,1.9738607612955654,30.141573319488995,0.11478867719137464
3025.0,1.4,2.0,0.14026368836960856,1.9737742897273813,30.140262239573712,0.11478614496597636
3050.0,1.4,2.0,0.13807028120683854,1.9740817307470189,30.13806990326585,0.11480819992490504
3075.0,1.4,2.0,0.13677881223069338,1.9740006513717043,30.136778719612273,0.11480594382947014
3100.0,1.4,2.0,0.13462577051299693,1.9743036091173767,30.134625749191027,0.1148276652705915
3125.0,1.4,2.0,0.1333358673820415,1.9742323541770852,30.133335862770842,0.11482597854436236
3150.0,1.4,2.0,0.131196846341692,1.9745326106486494,30.13119684540487,0.11484751846681902
3175.0,1.4,2.0,0.12988371566678497,1.974476482879071,30.129883715487992,0.11484675639002337
3200.0,1.4,2.0,0.1277329365638212,1.9747745466027897,30.127732936531764,0.11486819339214269
3225.0,1.4,2.0,0.1263817832169112,1.974732944163642,30.12638178321151,0.1148683492795154
3250.0,1.4,2.0,0.12420725956932503,1.9750248204508976,30.124207259568472,0.11488947388594514
3275.0,1.4,2.0,0.12281761848584202,1.9749903797288955,30.122817618485715,0.11489012042231783
3300.0,1.4,2.0,0.12062466985601583,1.9752687733523022,30.120624669856,0.11491049810690544
3325.0,1.4,2.0,0.11920756205006915,1.9752313417599505,30.119207562050065,0.11491102372318446
3350.0,1.4,2.0,0.11701302276834791,1.9754897254068895,30.117013022768347,0.1149302425333631
3375.0,1.4,2.0,0.11558485460713744,1.975441810591162,30.11558485460714,0.11493018000422928
3400.0,1.4,2.0,0.11340539274338557,1.9756792610418583,30.113405392743385,0.11494815421676853
3425.0,1.4,2.0,0.11197883066900577,1.9756213775672276,30.111978830669006,0.11494750920026088
3450.0,1.4,2.0,0.10982027626478845,1.9758454976702324,30.109820276264788,0.11496466982384501
3475.0,1.4,2.0,0.108397411835065,1.9757878734025704,30.108397411835064,0.11496403334520129
3500.0,1.4,2.0,0.1062533507793579,1.9760128034163869,30.106253350779358,0.11498121527802924
3525.0,1.4,2.0,0.10482841872271233,1.9759702736206795,30.10482841872271,0.11498146160751378
3550.0,1.4,2.0,0.10268988951383903,1.9762093095021438,30.10268988951384,0.11499945570358795
3575.0,1.4,2.0,0.10126015978950424,1.9761917148563681,30.101260159789504,0.115001162864255
3600.0,1.4,2.0,0.09912851787463962,1.976448488955796,30.09912851787464,0.11502017809189177
3625.0,1.4,2.0,0.09770272878684651,1.9764538560834555,30.097702728786846,0.11502321477838195
3650.0,1.4,2.0,0.09559167373376413,1.9767198991872383,30.095591673733765,0.11504273224913139
3675.0,1.4,2.0,0.09418418743774624,1.976737578039537,30.094184187437747,0.1150464513683352
3700.0,1.4,2.0,0.09210554001580444,1.9770003638664637,30.092105540015805,0.11506571949034683
3725.0,1.4,2.0,0.09072006012693977,1.977021632250152,30.09072006012694,0.11506960636458324
3750.0,1.4,2.0,0.08866884848006336,1.9772752248197754,30.088668848480065,0.11508828905535423
3775.0,1.4,2.0,0.08729156444889556,1.9772991987000434,30.087291564448897,0.11509231862517681
3800.0,1.4,2.0,0.08524919334182154,1.9775457360801294,30.08524919334182,0.11511057579136134
3825.0,1.4,2.0,0.08385934919919805,1.9775749833568173,30.083859349199198,0.11511493724562781
3850.0,1.4,2.0,0.08180915910377351,1.9778176023019824,30.081809159103774,0.11513298330648412
3875.0,1.4,2.0,0.0803926844110749,1.9778513533105129,30.080392684411073,0.11513765882410518
3900.0,1.4,2.0,0.07832864375351473,1.9780883317587656,30.078328643753515,0.11515540507455344
3925.0,1.4,2.0,0.07688153853531879,1.9781214741989346,30.076881538535318,0.11516010475848304
3950.0,1.4,2.0,0.07480422517545911,1.9783469550114179,30.07480422517546,0.11517720908109125
3975.0,1.4,2.0,0.07332804169314021,1.9783740315927276,30.07332804169314,0.11518161225631823
4000.0,1.4,2.0,0.0712380627585192,1.978582447020823,30.071238062758518,0.11519774924032021
4025.0,1.4,2.0,0.06973694169235485,1.9786010247579953,30.069736941692355,0.11520170628328058
4050.0,1.4,2.0,0.06763543934556171,1.9787899638029025,30.067635439345562,0.1152167332178519
4075.0,1.4,2.0,0.06611697371104984,1.978800824966326,30.06611697371105,0.11522027506292054
4100.0,1.4,2.0,0.06400876092963201,1.9789720889955882,30.06400876092963,0.11523428744910749
4125.0,1.4,2.0,0.062481498862844695,1.9789791238354666,30.062481498862844,0.1152376241761667
4150.0,1.4,2.0,0.060371929856582754,1.9791398508214586,30.060371929856583,0.11525102725972967
4175.0,1.4,2.0,0.05883850596003415,1.9791505561556997,30.058838505960033,0.1152545903530378
4200.0,1.4,2.0,0.05672890632400998,1.9793115144227915,30.05672890632401,0.11526800861697205
4225.0,1.4,2.0,0.05518589275186703,1.9793340174854142,30.05518589275187,0.11527227800240925
4250.0,1.4,2.0,0.05307754335642619,1.9795026736194412,30.053077543356427,0.11528614387372337
4275.0,1.4,2.0,0.05152571924663306,1.9795395289041822,30.051525719246634,0.11529126695867047
4300.0,1.4,2.0,0.0494266551856455,1.9797146902092,30.049426655185645,0.11530549565593015
4325.0,1.4,2.0,0.047877295846173486,1.9797616655140546,30.047877295846174,0.11531120444378377
4350.0,1.4,2.0,0.04579924049485822,1.9799374197650128,30.04579924049486,0.11532542916403654
4375.0,1.4,2.0,0.04426625660826872,1.9799904945317865,30.044266256608267,0.1153314628441135
4400.0,1.4,2.0,0.042214269122702944,1.9801651184566909,30.042214269122702,0.11534557347429515
4425.0,1.4,2.0,0.0407022162728059,1.9802271260397897,30.040702216272805,0.11535208837190743
4450.0,1.4,2.0,0.03867064440921283,1.980406020299575,30.038670644409212,0.11536641033701663
4475.0,1.4,2.0,0.03717268508774518,1.9804847245027135,30.037172685087747,0.11537387191572857
4500.0,1.4,2.0,0.035151718257955024,1.9806746560657222,30.035151718257953,0.11538881832098125
4525.0,1.4,2.0,0.03365784444781424,1.9807748191892527,30.033657844447813,0.11539752338589847
4550.0,1.4,2.0,0.031642241723179344,1.9809768238169054,30.03164224172318,0.11541316476711619
4575.0,1.4,2.0,0.030147666759739147,1.9810948375523447,30.03014766675974,0.1154229124770139
4600.0,1.4,2.0,0.028138758029197068,1.9813030842558061,30.028138758029197,0.11543890667296335
4625.0,1.4,2.0,0.026644307936604526,1.9814294286181922,30.026644307936603,0.11544914090849513
4650.0,1.4,2.0,0.024644753548523548,1.9816359145546107,30.024644753548525,0.11546501655779605
4675.0,1.4,2.0,0.023151294528469965,1.9817624410196981,30.02315129452847,0.11547526091080931
4700.0,1.4,2.0,0.02115889548778264,1.981962124903203,30.021158895487783,0.11549072845208255
4725.0,1.4,2.0,0.019663223109610335,1.9820869748431773,30.01966322310961,0.11550088076905254
4750.0,1.4,2.0,0.01766934475370039,1.982279457036886,30.0176693447537,0.11551593345485862
4775.0,1.4,2.0,0.01616530537430292,1.982405870983637,30.016165305374304,0.11552619440225005
4800.0,1.4,2.0,0.01416001863268249,1.9825928820307333,30.014160018632683,0.11554095214226463
4825.0,1.4,2.0,0.012643873250653045,1.9827235536306151,30.012643873250653,0.11555148592267618
4850.0,1.4,2.0,0.010624689291209643,1.9829044112352978,30.01062468929121,0.11556591372829772
4875.0,1.4,2.0,0.009099706598482705,1.9830367072738921,30.009099706598484,0.11557656062608916
4900.0,1.4,2.0,0.007074585704677688,1.9832065127094294,30.00707458570468,0.11559035762078888
4925.0,1.4,2.0,0.005548667570234764,1.9833335006064017,30.005548667570235,0.11560069835456231
4950.0,1.4,2.0,0.003528511302007303,1.983486343499809,30.003528511302008,0.1156134989327669
4975.0,1.4,2.0,0.002007180813859774,1.9836019134624618,30.00200718081386,0.11562316665401187
5000.0,1.4,2.0,0.0,1.9837346283858963,30.0,0.11563477067818853
0.0,1.4,2.5,0.6087445097212436,2.450280179776084,30.608744509721244,0.14140295495554445
25.0,1.4,2.5,0.6087445097212436,2.448781574627286,30.608744509721244,0.14131647211243914
50.0,1.4,2.5,0.6026558484969929,2.4504993021740096,30.602655848496994,0.14142966749087776
75.0,1.4,2.5,0.602557491056618,2.449047131949816,30.60255749105662,0.14134608316407565
100.0,1.4,2.5,0.596561620880411,2.450709463005928,30.59656162088041,0.14145588234366224
125.0,1.4,2.5,0.5963882023786338,2.449292337310723,30.596388202378634,0.14137448595889468
150.0,1.4,2.5,0.5904958217336184,2.4508945466851704,30.59049582173362,0.14148059047393308
175.0,1.4,2.5,0.5902667697271501,2.449504180818914,30.59026676972715,0.14140085945461403
200.0,1.4,2.5,0.5844748830955159,2.451049974751254,30.584474883095517,0.14150348904528184
225.0,1.4,2.5,0.5841876443136453,2.4496896663636867,30.584187644313644,0.14142562012628865
250.0,1.4,2.5,0.5784798488334064,2.4511895486279447,30.578479848833407,0.1415254181690729
275.0,1.4,2.5,0.5781138616577148,2.449870755943863,30.578113861657716,0.1414501209463369
300.0,1.4,2.5,0.5724701506790476,2.451335860467132,30.57247015067905,0.1415477759697784
325.0,1.4,2.5,0.5720052742039418,2.450068102882699,30.572005274203942,0.14147564731767695
350.0,1.4,2.5,0.5664160923651751,2.451502490244545,30.566416092365174,0.14157141559892827
375.0,1.4,2.5,0.565852121244505,2.450283774014392,30.565852121244504,0.14150234156819289
400.0,1.4,2.5,0.5603243527909667,2.451681969582626,30.560324352790968,0.14159589071455533
425.0,1.4,2.5,0.559687140295065,2.4504972459509218,30.559687140295065,0.14152894300090182
450.0,1.4,2.5,0.5542347379499373,2.451850958336317,30.554234737949937,0.14161976125219924
475.0,1.4,2.5,0.5535585472583381,2.4506835601728456,30.553558547258337,0.1415538982911818
500.0,1.4,2.5,0.548187617074424,2.4519914876733635,30.548187617074426,0.14164189544937325
525.0,1.4,2.5,0.5474871507412798,2.4508390018233848,30.54748715074128,0.14157694405943488
550.0,1.4,2.5,0.5421914424084655,2.452109589506896,30.542191442408466,0.14166262158837709
575.0,1.4,2.5,0.5414522068449621,2.4509874101544944,30.541452206844962,0.14159950497182247
600.0,1.4,2.5,0.536220649950599,2.4522327137378257,30.5362206499506,0.14168358445818544
625.0,1.4,2.5,0.5354145481248782,2.4511618575092102,30.535414548124876,0.14162358250705867
650.0,1.4,2.5,0.5302395893984183,2.4523893646261077,30.53023958939842,0.14170651388327435
675.0,1.4,2.5,0.5293457025765606,2.451381572855988,30.52934570257656,0.1416503542974804
700.0,1.4,2.5,0.5242256579405433,2.4525899057178564,30.524225657940544,0.14173206183255355
725.0,1.4,2.5,0.5232399320991936,2.4516410973568723,30.523239932099195,0.1416795190631698
750.0,1.4,2.5,0.5181741573726875,2.4528224689490123,30.518174157372687,0.14175955414835173
775.0,1.4,2.5,0.5171047637470333,2.4519172209516054,30.51710476374703,0.14170971868913906
800.0,1.4,2.5,0.5120836222459582,2.453066013079682,30.512083622245957,0.1417877787034275
825.0,1.4,2.5,0.5109369968330141,2.452189471307723,30.510936996833014,0.14173977765981513
850.0,1.4,2.5,0.5059378050171996,2.4533090947520266,30.5059378050172,0.14181611207026462
875.0,1.4,2.5,0.50471070144061,2.452455631802639,30.50471070144061,0.1417696281224897
900.0,1.4,2.5,0.4997100145732056,2.4535554037441463,30.499710014573207,0.14184482977814075
925.0,1.4,2.5,0.49839704840078497,2.452726833342887,30.498397048400786,0.14179998067471525
950.0,1.4,2.5,0.4933901545556944,2.453812372677703,30.493390154555694,0.1418743853464083
975.0,1.4,2.5,0.49199497401485515,2.4530118605204834,30.491994974014855,0.1418313460598428
1000.0,1.4,2.5,0.4870008517264669,2.454081133540534,30.487000851726467,0.14190479203422054
1025.0,1.4,2.5,0.4855365689305931,2.453311325797845,30.485536568930595,0.14186368554891537
1050.0,1.4,2.5,0.4805829275176816,2.454360181166483,30.48058292751768,0.14193586817675807
1075.0,1.4,2.5,0.479065693162227,2.4536239232821204,30.479065693162227,0.1418968219661804
1100.0,1.4,2.5,0.47417280567002335,2.454651569392377,30.474172805670023,0.14196764799565295
1125.0,1.4,2.5,0.4726187745437661,2.4539500343586313,30.472618774543765,0.14193069282102558
1150.0,1.4,2.5,0.467797171168467,2.4549570291280634,30.467797171168467,0.1420001696313496
1175.0,1.4,2.5,0.4662235547344589,2.4542858672082253,30.46622355473446,0.14196501432286227
1200.0,1.4,2.5,0.4614813062334828,2.455268153230315,30.461481306233484,0.14203288795756241
1225.0,1.4,2.5,0.45990670060916417,2.454615765514365,30.459906700609164,0.14199881861789032
1250.0,1.4,2.5,0.45525465389475905,2.455562088437191,30.45525465389476,0.14206441206970707
1275.0,1.4,2.5,0.4536936741231762,2.4549137059565465,30.453693674123176,0.14203054038865887
1300.0,1.4,2.5,0.4491402148035159,2.4558109060988595,30.449140214803517,0.14209307178291525
1325.0,1.4,2.5,0.447591417803501,2.4551585949837986,30.4475914178035,0.1420589420643561
1350.0,1.4,2.5,0.44313001814859887,2.4560018443923073,30.443130018148597,0.1421181461323894
1375.0,1.4,2.5,0.4415694453441483,2.4553518971100843,30.441569445344147,0.14208417830905937
1400.0,1.4,2.5,0.4371752182947167,2.4561495353627047,30.437175218294716,0.1421405946852019
1425.0,1.4,2.5,0.43556943313144136,2.4555174882496194,30.43556943313144,0.1421077659549643
1450.0,1.4,2.5,0.4312126292956653,2.45628495551064,30.431212629295665,0.14216235698641033
1475.0,1.4,2.5,0.42954127508097095,2.455682883268833,30.42954127508097,0.14213141401328866
1500.0,1.4,2.5,0.42520333331932464,2.456433281265119,30.425203333319324,0.14218498106424635
1525.0,1.4,2.5,0.42346716685385877,2.455863310299203,30.423467166853857,0.14215604562170472
1550.0,1.4,2.5,0.41914171452987026,2.4566046888281554,30.41914171452987,0.14220906947115372
1575.0,1.4,2.5,0.4173505179063643,2.4560632413356727,30.417350517906364,0.14218191207991351
1600.0,1.4,2.5,0.41303076865194865,2.456802712596399,30.41303076865195,0.1422348203608876
1625.0,1.4,2.5,0.4111871193425221,2.4562879427423825,30.41118711934252,0.14220932858830895
1650.0,1.4,2.5,0.4068577500837821,2.4570338376973484,30.40685775008378,0.14226263963898472
1675.0,1.4,2.5,0.4049529203699471,2.456547741777623,30.404952920369944,0.14223894994080005
1700.0,1.4,2.5,0.4005998099999785,2.457303420469157,30.40059980999996,0.14229289170368256
1725.0,1.4,2.5,0.39862584309461757,2.4568460020521545,30.39862584309449,0.1422710234154362
1750.0,1.4,2.5,0.3942538250244741,2.457601147712815,30.394253825023622,0.14232498754897202
1775.0,1.4,2.5,0.39222027832160955,2.4571623815296357,30.39222027831621,0.1423043382125087
1800.0,1.4,2.5,0.3878559560161822,2.4578941855466065,30.387855955984126,0.14235694157485143
1825.0,1.4,2.5,0.3857905642208209,2.457455098390446,30.385790564042026,0.14233634763064634
1850.0,1.4,2.5,0.38146444933122775,2.458141606096145,30.381464448394407,0.14238624664828547
1875.0,1.4,2.5,0.3793938744999925,2.4576865295886967,30.379393869888794,0.14236473799142355
1900.0,1.4,2.5,0.3751206850033402,2.458320353390065,30.375120663681372,0.14241146931837248
1925.0,1.4,2.5,0.37305341656737223,2.457847726610047,30.37305332394895,0.14238893546134304
1950.0,1.4,2.5,0.36882909885150406,2.4584385716155452,30.368828720910514,0.14243307039842373
1975.0,1.4,2.5,0.3667586472973014,2.457959594951886,30.366757198501407,0.14241017735020745
2000.0,1.4,2.5,0.362571648523896,2.4585264848939326,30.362566431209455,0.14245285197957763
2025.0,1.4,2.5,0.3604910637901081,2.4580566588372936,30.360473413842858,0.14243053839207903
2050.0,1.4,2.5,0.35633230319494347,2.4586207284982162,30.356276211778592,0.14247307153030006
2075.0,1.4,2.5,0.3542377616707819,2.4581804691969253,30.35407030363377,0.14245273514071707
2100.0,1.4,2.5,0.35009824392260813,2.4587749862372696,30.349628596243544,0.1424976138984794
2125.0,1.4,2.5,0.34797391690644025,2.458423172205148,30.34673656007673,0.14248401347467582
2150.0,1.4,2.5,0.3438239035496907,2.459162137637069,30.340761415984236,0.1425408755880295
2175.0,1.4,2.5,0.3416055213672869,2.4591279596709703,30.33448502444387,0.14255363984851396
2200.0,1.4,2.5,0.3373357701004524,2.46043677413561,30.321783174946912,0.1426593815056974
2225.0,1.4,2.5,0.3348264984270037,2.4614715014581905,30.302914645189944,0.14276380254994026
2250.0,1.4,2.5,0.3301306471897758,2.4645580239631797,30.268618940117005,0.143023776310648
2275.0,1.4,2.5,0.32687661531457607,2.4684300706421602,30.215493303109056,0.1433743560067341
2300.0,1.4,2.5,0.32116252023861075,2.475597143775571,30.131693123707354,0.1439904541233988
2325.0,1.4,2.5,0.3164851869054391,2.4848846643377285,30.013713953343597,0.1448144377833986
2350.0,1.4,2.5,0.3091240607358554,2.498416971424287,29.854610606434164,0.14599053904256307
2375.0,1.4,2.5,0.3026675116828332,2.5142224710757297,29.661700805202575,0.1473910711217598
2400.0,1.4,2.5,0.2938374424855029,2.5330199643956255,29.444694518887818,0.14903922465928454
2425.0,1.4,2.5,0.28657319074970455,2.5511926846187767,29.229797747965094,0.1506592676727022
2450.0,1.4,2.5,0.27811751078828056,2.567880928268244,29.042621847169848,0.15213266321672553
2475.0,1.4,2.5,0.2725958126005229,2.5787035805790492,28.915669284333642,0.15310885020868276
2500.0,1.4,2.5,0.2672386530735073,2.5832606111587264,28.86723865307351,0.15350802952026488
2525.0,1.4,2.5,0.26561760561627523,2.5791169663848756,28.908691077349392,0.1531518758781761
2550.0,1.4,2.5,0.2642574843478285,2.5686752754632067,29.028761820729397,0.15221604927909277
2575.0,1.4,2.5,0.2658723205313843,2.5524060207659045,29.209096877746774,0.1507843235956896
2600.0,1.4,2.5,0.2665337015821273,2.5345702924433873,29.41739077798444,0.14919963534848918
2625.0,1.4,2.5,0.268750294468809,2.516203824404178,29.62778358798855,0.14759163116447985
2650.0,1.4,2.5,0.268894818394111,2.50071467984006,29.81438136409242,0.14622335310869838
2675.0,1.4,2.5,0.269807382092229,2.487652281649676,29.967036148530386,0.14508859529601406
2700.0,1.4,2.5,0.2683843696338702,2.478678055459418,30.078914973102613,0.14429608069070549
2725.0,1.4,2.5,0.26772598668290354,2.4720242189060824,30.156342674477386,0.1437238633818905
2750.0,1.4,2.5,0.26503111068932944,2.4684464534907153,30.203519403616557,0.14340372465117865
2775.0,1.4,2.5,0.26338916354934966,2.4658918897360422,30.23147731031229,0.14318906177188012
2800.0,1.4,2.5,0.2600776452355245,2.465100783090895,30.244525050081986,0.14311224400481978
2825.0,1.4,2.5,0.25802946364335344,2.464317312502634,30.250908966719937,0.14305166271501202
2850.0,1.4,2.5,0.25453015380893024,2.464528789931783,30.251467666243474,0.14306261771683956
2875.0,1.4,2.5,0.2523566450734262,2.464303223983978,30.251119288243718,0.14305034760487126
2900.0,1.4,2.5,0.24882336352428613,2.464773863637673,30.248353715845223,0.14308420833229063
2925.0,1.4,2.5,0.24659941179960615,2.464689438641892,30.246431953762595,0.14308385265119702
2950.0,1.4,2.5,0.24305555446297963,2.4652063194130958,30.24299946304663,0.1431219806587563
2975.0,1.4,2.5,0.24078670042454547,2.4651590289891034,30.240769050477297,0.14312451292153042
3000.0,1.4,2.5,0.23722833720232678,2.4656756339788974,30.237223119887886,0.1431629001035995
3025.0,1.4,2.5,0.2349135671228155,2.4656422041945194,30.23491211832692,0.14316643023211623
3050.0,1.4,2.5,0.23134025742355815,2.4661490097771175,30.23133987948257,0.14320431768240047
3075.0,1.4,2.5,0.22898380923747624,2.466122840501819,30.228983716619055,0.14320837886392324
3100.0,1.4,2.5,0.22539986328275588,2.4666193057574826,30.225399841960787,0.1432457004095559
3125.0,1.4,2.5,0.22301125267820418,2.4665978512416182,30.223011248067007,0.1432501148235621
3150.0,1.4,2.5,0.21942685364727374,2.4670849167989046,30.219426852710452,0.14328689867607897
3175.0,1.4,2.5,0.2170222486154399,2.467065177762281,30.217022248436646,0.14329145331331586
3200.0,1.4,2.5,0.21345533950337744,2.4675403584042144,30.21345533947132,0.1433275122915369
3225.0,1.4,2.5,0.21105415670109623,2.4675189131887736,30.211054156695695,0.1433319623345511
3250.0,1.4,2.5,0.20752191636511153,2.467978880162716,30.207521916364257,0.14336706205595634
3275.0,1.4,2.5,0.20513447216929453,2.4679578957809576,30.205134472169167,0.14337150883300673
3300.0,1.4,2.5,0.20163775771801162,2.468406864231465,30.201637757717993,0.14340589180784857
3325.0,1.4,2.5,0.1992564041279447,2.4683979885330647,30.19925640412794,0.14341103014368256
3350.0,1.4,2.5,0.1957784600008627,2.4688488904458943,30.195778460000863,0.14344548731502563
3375.0,1.4,2.5,0.19338663289340802,2.4688662821646825,30.193386632893407,0.1434521793940802
3400.0,1.4,2.5,0.1899121031753327,2.469329952542539,30.18991210317533,0.14348737692166819
3425.0,1.4,2.5,0.18750257367616766,2.469378225302207,30.187502573676166,0.14349590843749113
3450.0,1.4,2.5,0.18403401403791486,2.4698531404547257,30.184034014037916,0.14353175199544826
3475.0,1.4,2.5,0.1816146009019807,2.469923897769805,30.18161460090198,0.14354161688170836
3500.0,1.4,2.5,0.17816709383916285,2.470398478378721,30.178167093839164,0.143577397843254
3525.0,1.4,2.5,0.1757497582095246,2.4704780513114715,30.175749758209523,0.1435877735112884
3550.0,1.4,2.5,0.17233379084856104,2.4709406955227937,30.172333790848562,0.143622792517628
3575.0,1.4,2.5,0.1699216774039392,2.4710196814342056,30.169921677403938,0.1436331250104587
3600.0,1.4,2.5,0.16653385464158263,2.4714652479988906,30.16653385464158,0.14366709100362768
3625.0,1.4,2.5,0.1641174909514088,2.4715420153618037,30.16411749095141,0.14367730796514033
3650.0,1.4,2.5,0.16074287060511686,2.471971757668729,30.160742870605116,0.14371032907240786
3675.0,1.4,2.5,0.15830513773627944,2.4720498325666678,30.158305137736278,0.1437206762350287
3700.0,1.4,2.5,0.15492429260587876,2.4724681252831875,30.15492429260588,0.14375305286648538
3725.0,1.4,2.5,0.15244895078907292,2.4725514730394718,30.152448950789072,0.14376379955693247
3750.0,1.4,2.5,0.14904592690388116,2.4729619114029022,30.14904592690388,0.14379577871527063
3775.0,1.4,2.5,0.14652603059759456,2.473051333328941,30.146526030597595,0.14380698826147362
3800.0,1.4,2.5,0.14309731581272292,2.4734527638383157,30.143097315812724,0.14383851126020214
3825.0,1.4,2.5,0.14054082932086942,2.4735444434834593,30.14054082932087,0.14384994290611772
3850.0,1.4,2.5,0.1370990076711118,2.473930291016407,30.13709900767111,0.14388059729222652
3875.0,1.4,2.5,0.13452454938657368,2.474018552204814,30.134524549386573,0.14389187655411734
3900.0,1.4,2.5,0.13108771245057438,2.474383344732518,30.131087712450576,0.14392130065646047
3925.0,1.4,2.5,0.12850987327007196,2.47446687714531,30.128509873270072,0.14393231641270965
3950.0,1.4,2.5,0.1250861946232626,2.4748138584957835,30.12508619462326,0.14396067905615945
3975.0,1.4,2.5,0.12250635722736984,2.4748977680634314,30.12250635722737,0.14397172492343832
4000.0,1.4,2.5,0.11909278129195192,2.4752373322770804,30.11909278129195,0.14399963779760527
4025.0,1.4,2.5,0.1165048686827631,2.4753284616813587,30.116504868682764,0.14401112639285055
4050.0,1.4,2.5,0.11309765692053887,2.475669855406886,30.113097656920537,0.1440391363181952
4075.0,1.4,2.5,0.11049789777911236,2.4757728243576045,30.110497897779112,0.14405134558451843
4100.0,1.4,2.5,0.10709805208888697,2.4761199496965336,30.107098052088887,0.14407967727636434
4125.0,1.4,2.5,0.10448847657902083,2.4762378157622003,30.10448847657902,0.14409278048795685
4150.0,1.4,2.5,0.10109952949619973,2.4765908816491153,30.1010995294962,0.14412143776994898
4175.0,1.4,2.5,0.09848823470850701,2.4767255286019454,30.09848823470851,0.1441355254169165
4200.0,1.4,2.5,0.09511613222986066,2.47708223600831,30.09511613222986,0.1441643603592881
4225.0,1.4,2.5,0.09251645554133972,2.4772323336386273,30.09251645554134,0.14417932331525882
4250.0,1.4,2.5,0.08916995928373862,2.4775884015695997,30.089169959283737,0.14420806579230291
4275.0,1.4,2.5,0.08659280097817083,2.4777501556837453,30.08659280097817,0.14422365725313022
4300.0,1.4,2.5,0.08327580668397137,2.4781033552057083,30.08327580668397,0.14425216811039276
4325.0,1.4,2.5,0.08071755325994949,2.4782755075794958,30.080717553259948,0.14426832357471367
4350.0,1.4,2.5,0.07742046467946566,2.4786294572555656,30.077420464679467,0.1442968363781653
4375.0,1.4,2.5,0.07486239100615641,2.478814914739357,30.074862391006157,0.1443137700889918
4400.0,1.4,2.5,0.07156845308675928,2.479174761154906,30.07156845308676,0.14434262468797426
4425.0,1.4,2.5,0.06899377717007849,2.479374342632047,30.06899377717008,0.14436042480753006
4450.0,1.4,2.5,0.06569576430730968,2.479737905429428,30.06569576430731,0.14438951173082765
4475.0,1.4,2.5,0.06310455007538063,2.4799452194008764,30.06310455007538,0.1444078061858511
4500.0,1.4,2.5,0.059808507765200344,2.480302842775637,30.0598085077652,0.1444365487258502
4525.0,1.4,2.5,0.057210647003135315,2.480509751194056,30.057210647003135,0.14445483996314323
4550.0,1.4,2.5,0.05392117907874829,2.48085482454026,30.05392117907875,0.14448284197077593
4575.0,1.4,2.5,0.05131908186692121,2.481060491473318,30.05131908186692,0.14450107549129876
4600.0,1.4,2.5,0.048029079688409804,2.4813961164734284,30.04802907968841,0.14452853451710604
4625.0,1.4,2.5,0.04541478140447416,2.4816064470215347,30.045414781404475,0.14454707340998849
4650.0,1.4,2.5,0.04211344277724165,2.4819395619854387,30.042113442777243,0.1445744194966128
4675.0,1.4,2.5,0.039479849322756104,2.482158809274138,30.039479849322756,0.14459352869661182
4700.0,1.4,2.5,0.03616409344009803,2.482491125582754,30.0361640934401,0.14462086900437426
4725.0,1.4,2.5,0.03351180385896956,2.4827173356379357,30.03351180385897,0.14464043342422875
4750.0,1.4,2.5,0.03018555146001294,2.483044225535375,30.03018555146001,0.14466748895966713
4775.0,1.4,2.5,0.027518551451185674,2.483272330635625,30.027518551451184,0.1446872038769369
4800.0,1.4,2.5,0.02418466190141495,2.4835885546635605,30.024184661901415,0.1447136624294036
4825.0,1.4,2.5,0.021504185615942743,2.4838153648275285,30.021504185615942,0.14473333903774144
4850.0,1.4,2.5,0.018162530988397627,2.484119169323924,30.0181625309884,0.1447590985969537
4875.0,1.4,2.5,0.015468355140144134,2.4843442039456285,30.015468355140143,0.14477870942338367
4900.0,1.4,2.5,0.012120538037162936,2.4846366364662757,30.012120538037163,0.14480382702004285
4925.0,1.4,2.5,0.00941495329960497,2.4848605797269756,30.009414953299604,0.14482340640455996
4950.0,1.4,2.5,0.006064467556619081,2.4851441914068473,30.00606446755662,0.14484802215609088
4975.0,1.4,2.5,0.0033512461189044327,2.485368902877874,30.003351246118903,0.1448676693819657
5000.0,1.4,2.5,0.0,2.4856465389742013,30.0,0.14489194442060296
0.0,1.4,3.0,0.8901601834073911,2.9135491517568557,30.890160183407392,0.16737005744336952
25.0,1.4,3.0,0.8901601834073911,2.911560086927625,30.890160183407392,0.16725579477698332
50.0,1.4,3.0,0.8815353168545931,2.9140724241518634,30.881535316854592,0.16742349190224884
75.0,1.4,3.0,0.8813637395065086,2.9121664608315005,30.881363739506508,0.16731445254752414
100.0,1.4,3.0,0.8728425363847614,2.9146198321855277,30.872842536384763,0.16747851563024663
125.0,1.4,3.0,0.8725298755556509,2.91278721291732,30.87252987555565,0.16737405805474975
150.0,1.4,3.0,0.8641175710680424,2.915185619798481,30.864117571068043,0.16753470179250027
175.0,1.4,3.0,0.8637046442001917,2.9134111498258464,30.86370464420019,0.167433843662632
200.0,1.4,3.0,0.8554067815235993,2.915758088756936,30.855406781523598,0.16759125271877456
225.0,1.4,3.0,0.8549185415414415,2.914034000066092,30.85491854154144,0.16749348112772414
250.0,1.4,3.0,0.8467370123858913,2.916332199435685,30.84673701238589,0.16764780585734212
275.0,1.4,3.0,0.8461690663423224,2.9146629864191587,30.846169066342323,0.1675533922376991
300.0,1.4,3.0,0.8381038602785266,2.9169117328691745,30.838103860278526,0.16770459041370764
325.0,1.4,3.0,0.8374346335800947,2.91530610206438,30.837434633580095,0.1676140951904679
350.0,1.4,3.0,0.8294866703665854,2.9174996606543853,30.829486670366585,0.16776183341698284
375.0,1.4,3.0,0.8286996131325682,2.9159591759123167,30.828699613132567,0.16767539292273873
400.0,1.4,3.0,0.8208705974711804,2.9180886596121236,30.82087059747118,0.16781915426170183
425.0,1.4,3.0,0.8199634029405257,2.9166055968704883,30.819963402940527,0.16773633201594024
450.0,1.4,3.0,0.8122509546733699,2.918664384499274,30.81225095467337,0.16787574063917912
475.0,1.4,3.0,0.8112308912514644,2.917227776458911,30.811230891251466,0.16779588734601292
500.0,1.4,3.0,0.8036215753983174,2.919217764007639,30.803621575398317,0.16793108723232295
525.0,1.4,3.0,0.8024970943329169,2.917820315835624,30.802497094332917,0.16785376131398164
550.0,1.4,3.0,0.7949671250973559,2.919752772975404,30.794967125097354,0.16798546407569326
575.0,1.4,3.0,0.7937415755688256,2.918394714681271,30.793741575568827,0.16791067056978864
600.0,1.4,3.0,0.7862709931007186,2.920282504091609,30.786270993100718,0.16803966957579897
625.0,1.4,3.0,0.7849437362106841,2.9189697667362298,30.784943736210685,0.16796775244473344
650.0,1.4,3.0,0.7775329068081828,2.920817488611051,30.777532906808183,0.1680943106456627
675.0,1.4,3.0,0.7761096850950794,2.9195539153007224,30.77610968509508,0.1680254764359196
700.0,1.4,3.0,0.7687801095702139,2.9213561113951876,30.768780109570216,0.1681492202293206
725.0,1.4,3.0,0.7672803655230818,2.920137260682366,30.76728036552308,0.16808316130471282
750.0,1.4,3.0,0.7600569163226355,2.9218862884879124,30.760056916322636,0.16820358170510852
775.0,1.4,3.0,0.7585024109209685,2.9207040720117816,30.75850241092097,0.16813977396164564
800.0,1.4,3.0,0.7513913342813163,2.9224001652409326,30.751391334281315,0.16825686587987457
825.0,1.4,3.0,0.7497851706093014,2.921253576868747,30.7497851706093,0.16819524370806851
850.0,1.4,3.0,0.7427658241397915,2.922908129055506,30.74276582413979,0.168309718235506
875.0,1.4,3.0,0.7410894064389949,2.9218051585164053,30.741089406438995,0.16825079338149304
900.0,1.4,3.0,0.7341286502737274,2.92343323746709,30.73412865027373,0.16836360805739983
925.0,1.4,3.0,0.7323599765689546,2.9223822169855196,30.732359976568954,0.1683079216013806
950.0,1.4,3.0,0.7254381514272217,2.92399037774971,30.725438151427223,0.1684195075077847
975.0,1.4,3.0,0.7235673551099254,2.922993515073948,30.723567355109925,0.16836721482554484
1000.0,1.4,3.0,0.7166914881259643,2.924575131016592,30.716691488125964,0.16847717087815572
1025.0,1.4,3.0,0.7147216063022384,2.9236297161431364,30.714721606302238,0.16842810877472147
1050.0,1.4,3.0,0.7079140528687504,2.9251727509483083,30.70791405286875,0.16853567985055043
1075.0,1.4,3.0,0.7058527857837069,2.9242758729154685,30.70585278578371,0.1684896606795338
1100.0,1.4,3.0,0.6991269350618707,2.925775874064694,30.69912693506187,0.1685945526945265
1125.0,1.4,3.0,0.6969758113301531,2.924929269377312,30.69697581133015,0.16855167345901692
1150.0,1.4,3.0,0.6903215903868322,2.926395460304676,30.690321590386834,0.16865444473244054
1175.0,1.4,3.0,0.6880737740681732,2.9256051561075145,30.688073774068172,0.1686150727611703
1200.0,1.4,3.0,0.6814660126444687,2.9270536026145613,30.681466012644467,0.16871671793061283
1225.0,1.4,3.0,0.6791193319493745,2.926321494142463,30.679119331949373,0.16868096979049302
1250.0,1.4,3.0,0.6725391470331972,2.9277618272865094,30.6725391470332,0.1687820959446083
1275.0,1.4,3.0,0.6701079604867004,2.927078564946947,30.6701079604867,0.1687493945521028
1300.0,1.4,3.0,0.6635548267542393,2.9285070489640006,30.66355482675424,0.16884978789632976
1325.0,1.4,3.0,0.6610627607237375,2.927855992644491,30.661062760723738,0.1688191099626811
1350.0,1.4,3.0,0.6545478865161841,2.9292598607702924,30.654547886516184,0.1689180033213999
1375.0,1.4,3.0,0.652010666286769,2.928626798960436,30.65201066628677,0.1688884867679129
1400.0,1.4,3.0,0.6455439131274059,2.9299927096793312,30.645543913127405,0.16898508291403122
1425.0,1.4,3.0,0.642963673058959,2.9293697440137962,30.642963673058958,0.16895626673922812
1450.0,1.4,3.0,0.6365483726477615,2.9306883737989216,30.636548372647763,0.16905001768024336
1475.0,1.4,3.0,0.6339219605059155,2.9300709472199036,30.633921960505916,0.1690216479532904
1500.0,1.4,3.0,0.6275591196759952,2.9313367701499398,30.627559119675997,0.1691122308682712
1525.0,1.4,3.0,0.6248881426122574,2.930720380132275,30.624888142612257,0.16908404353648113
1550.0,1.4,3.0,0.6185823671519121,2.9319302209930016,30.618582367151912,0.16917126109235933
1575.0,1.4,3.0,0.6158765963597496,2.9313104058745947,30.61587659635975,0.1691429717609895
1600.0,1.4,3.0,0.6096345389223392,2.932465126988396,30.60963453892234,0.16922685379572203
1625.0,1.4,3.0,0.6069053059264659,2.9318414584389085,30.606905305926468,0.16919840634646335
1650.0,1.4,3.0,0.6007264412158034,2.9329503668020434,30.600726441215805,0.16927948991806738
1675.0,1.4,3.0,0.5979762836964183,2.9323307111757844,30.597976283696415,0.16925133126736758
1700.0,1.4,3.0,0.5918494447713174,2.9334113117371796,30.5918494447713,0.1693306564586935
1725.0,1.4,3.0,0.5890716876400123,2.9328095321350087,30.589071687639883,0.1693036054418709
1750.0,1.4,3.0,0.5829846062897446,2.9338794123903575,30.582984606288893,0.16938222086813273
1775.0,1.4,3.0,0.580171579909024,2.933308449813418,30.580171579903624,0.1693570462958032
1800.0,1.4,3.0,0.5741197338812498,2.934377905325856,30.574119733849194,0.16943555877656738
1825.0,1.4,3.0,0.5712647007120725,2.933847315949381,30.571264700533277,0.16941283184886913
1850.0,1.4,3.0,0.5652471788872484,2.9349202427715553,30.565247177950425,0.16949146903482326
1875.0,1.4,3.0,0.5623392922703042,2.934438509206892,30.562339287659107,0.16947171066911798
1900.0,1.4,3.0,0.5563500860109869,2.935516985053903,30.556350064689017,0.16955060956013307
1925.0,1.4,3.0,0.5533751283417772,2.9350911388756495,30.553375035723356,0.16953426669166796
1950.0,1.4,3.0,0.5474040666777573,2.9361758281736456,30.547403688736768,0.16961349503074466
1975.0,1.4,3.0,0.5443545666473247,2.9358065088268566,30.54435311785143,0.16960062930055542
2000.0,1.4,3.0,0.5383996580908154,2.9368920730391253,30.538394440776372,0.1696798936268803
2025.0,1.4,3.0,0.5352868723931811,2.9365689994929496,30.535269222445933,0.16966990995431896
2050.0,1.4,3.0,0.529365127064222,2.9376427698479692,30.52930903564787,0.16974851799625668
2075.0,1.4,3.0,0.5262186113015047,2.9373525844423627,30.526051153264493,0.16974080698555355
2100.0,1.4,3.0,0.5203532821223682,2.9384179663756442,30.519883634443303,0.16981952835006994
2125.0,1.4,3.0,0.5171903490234161,2.93819540239242,30.515952992193707,0.16981760146354247
2150.0,1.4,3.0,0.511360671794924,2.939369417201052,30.50829818422947,0.16990676704867516
2175.0,1.4,3.0,0.5081142037378278,2.9394707191373652,30.500993706814413,0.16993296708355704
2200.0,1.4,3.0,0.5021577157505331,2.9412682724898467,30.486605120596995,0.17007700589459318
2225.0,1.4,3.0,0.4985423116821833,2.942600894109264,30.466630458445124,0.17020983333667172
2250.0,1.4,3.0,0.49199195917236677,2.9464946330624153,30.430480252099596,0.1705362651677794
2275.0,1.4,3.0,0.487329925971813,2.9512066618055575,30.375946613766295,0.17096224353889886
2300.0,1.4,3.0,0.4793008576855275,2.9599935121900973,30.289831461154268,0.17171483901895476
2325.0,1.4,3.0,0.47258306435330855,2.9712155507773463,30.169811830791467,0.1727083579128851
2350.0,1.4,3.0,0.46214357706759335,2.9876756150281505,30.007630122765903,0.17413380494409655
2375.0,1.4,3.0,0.452827047758219,3.0067707803974586,29.81186034127796,0.17582121562785136
2400.0,1.4,3.0,0.440216775080241,3.0296197208379536,29.591073851482555,0.1778169891917014
2425.0,1.4,3.0,0.4296715416686204,3.0516355611658463,29.372896098884013,0.17977312959280173
2450.0,1.4,3.0,0.4175367558164694,3.0720295508075517,29.182041092198038,0.18156538419804677
2475.0,1.4,3.0,0.4094207014404947,3.0852857317001776,29.052494173173613,0.18275496127872098
2500.0,1.4,3.0,0.4016997616829931,3.0911427257797013,29.001699761682996,0.1832621714605209
2525.0,1.4,3.0,0.39914896528297283,3.086428861006221,29.04222243701609,0.1828550015891914
2550.0,1.4,3.0,0.39718440600206406,3.0742326751477775,29.16168874238363,0.1817589877854905
2575.0,1.4,3.0,0.39930201553431927,3.0549072947371103,29.342526572749712,0.1800589770740811
2600.0,1.4,3.0,0.40029866390840524,3.0337561453645856,29.55115574031072,0.1781799899161684
2625.0,1.4,3.0,0.4033350067005913,3.0118521302994647,29.76236830022033,0.1762647214233266
2650.0,1.4,3.0,0.4036489056802018,2.9934441269505543,29.949135451378513,0.17464031566161625
2675.0,1.4,3.0,0.4048559080794326,2.977858529903601,30.10208467451759,0.1732891101204186
2700.0,1.4,3.0,0.40293434700789993,2.96721925465439,30.21346495047664,0.17235142075894117
2725.0,1.4,3.0,0.401879951932619,2.95929858611318,30.2904966397271,0.17167264004433952
2750.0,1.4,3.0,0.3980790890340575,2.955120043442592,30.336567381961284,0.1713000164718935
2775.0,1.4,3.0,0.39554900013090905,2.9521171460235798,30.36363714689385,0.17104964889388444
2800.0,1.4,3.0,0.390759795324691,2.951298028016878,30.37520720017115,0.1709696172380135
2825.0,1.4,3.0,0.38755547538575086,2.950434574373664,30.380434978462333,0.17090489078837662
2850.0,1.4,3.0,0.38239550029005764,2.950845303597529,30.379333012724604,0.1709317824789199
2875.0,1.4,3.0,0.3789405154729148,2.950666740240535,30.377703158643207,0.1709260241104412
2900.0,1.4,3.0,0.3736760994692337,2.9514091434608294,30.373206451790168,0.17098168537773786
2925.0,1.4,3.0,0.37012779540818913,2.9514087563867926,30.369960337371175,0.17099080045674228
2950.0,1.4,3.0,0.3648482545158883,2.9522163646642334,30.364792163099537,0.17105214442151015
2975.0,1.4,3.0,0.3612650365151538,2.9522628739175234,30.361247386567904,0.17106482449814195
3000.0,1.4,3.0,0.35600759107346125,2.9530711410271713,30.35600237375902,0.17112644041481018
3025.0,1.4,3.0,0.3524215807281234,2.9531329785357716,30.352420131932227,0.171140122037466
3050.0,1.4,3.0,0.34720954479269145,2.9539243669731983,30.3472091668517,0.17120068129398067
3075.0,1.4,3.0,0.34363579770918,2.953994089738886,30.343635705090758,0.17121480300635333
3100.0,1.4,3.0,0.33847579367092884,2.954766697335799,30.338475772348957,0.17127414688053574
3125.0,1.4,3.0,0.33490869427631836,2.9548484789776306,30.33490868966512,0.17128895743205402
3150.0,1.4,3.0,0.32978856173989446,2.955610393436145,30.329788560803074,0.1713475858889167
3175.0,1.4,3.0,0.32620991813930905,2.9557132912829944,30.326209917960515,0.17136366124013877
3200.0,1.4,3.0,0.3211107960289702,2.9564736135812426,30.321110795996915,0.17142215478873554
3225.0,1.4,3.0,0.317504571079992,2.956602909201458,30.317504571074593,0.17143984695900563
3250.0,1.4,3.0,0.31241271151249517,2.9573645774841837,30.31241271151164,0.17149841489273993
3275.0,1.4,3.0,0.3087705724672426,2.9575187240409284,30.308770572467115,0.17151765841881148
3300.0,1.4,3.0,0.30367879060504827,2.9582788284172143,30.30367879060503,0.17157615247951533
3325.0,1.4,3.0,0.29999790638969376,2.9584515368817446,30.29999790638969,0.1715965912777953
3350.0,1.4,3.0,0.294904578191816,2.959203973241978,30.294904578191815,0.1716546621083032
3375.0,1.4,3.0,0.2911880136805839,2.9593858128485544,30.291188013680586,0.17167574095775526
3400.0,1.4,3.0,0.28609987488970406,2.9601216305612006,30.286099874889704,0.17173285013517414
3425.0,1.4,3.0,0.2823583763929293,2.960301228719123,30.282358376392928,0.17175387904042141
3450.0,1.4,3.0,0.27728868445797333,2.9610103656971622,30.27728868445797,0.1718094047527612
3475.0,1.4,3.0,0.27353400905858233,2.961179621526175,30.273534009058583,0.171829880248438
3500.0,1.4,3.0,0.26848834445745445,2.961858387440257,30.268488344457456,0.17188359178848922
3525.0,1.4,3.0,0.26471950131479544,2.9620200389382876,30.264719501314797,0.17190367532343295
3550.0,1.4,3.0,0.2596834568546383,2.962677196745349,30.25968345685464,0.1719561214380688
3575.0,1.4,3.0,0.2558841871783224,2.9628446886047866,30.25588418717832,0.17197663944306066
3600.0,1.4,3.0,0.25083434923344916,2.963494880878887,30.25083434923345,0.17202873625400433
3625.0,1.4,3.0,0.24699120199896996,2.963680394232666,30.24699120199897,0.17205043439187342
3650.0,1.4,3.0,0.24192046616908217,2.9643301729017937,30.24192046616908,0.1721025825838685
3675.0,1.4,3.0,0.2380401314269227,2.964533860931692,30.238040131426924,0.17212545131453946
3700.0,1.4,3.0,0.2329645411430859,2.9651783098454323,30.232964541143087,0.17217731999486044
3725.0,1.4,3.0,0.22906662530830776,2.965392404253368,30.229066625308306,0.17220085292094914
3750.0,1.4,3.0,0.2240067722839925,2.9660254493586415,30.224006772283992,0.17225203065479935
3775.0,1.4,3.0,0.22010448070570532,2.9662455775214105,30.220104480705704,0.17227593643723374
3800.0,1.4,3.0,0.21506937904467255,2.9668679205138475,30.21506937904467,0.17232643798427066
3825.0,1.4,3.0,0.21116492691016292,2.967095868859296,30.21116492691016,0.17235081416952297
3850.0,1.4,3.0,0.20615448099815253,2.9677121046356123,30.20615448099815,0.17240090641063952
3875.0,1.4,3.0,0.20224755636356254,2.967950884434967,30.202247556363563,0.1724259289714172
3900.0,1.4,3.0,0.19725918012878382,2.968564871680693,30.197259180128786,0.17247584328170157
3925.0,1.4,3.0,0.19334928514853486,2.9688171635953147,30.193349285148535,0.17250166961879787
3950.0,1.4,3.0,0.18837747500775034,2.969432389915896,30.18837747500775,0.17255162429848572
3975.0,1.4,3.0,0.18446030734241226,2.9697023968705567,30.184460307342412,0.17257851125166054
4000.0,1.4,3.0,0.1794976902173264,2.9703221331917735,30.179497690217325,0.17262871752784387
4025.0,1.4,3.0,0.17556828048440157,2.9706133617777843,30.175568280484402,0.1726568835462443
4050.0,1.4,3.0,0.17061344713274781,2.9712366927157188,30.170613447132748,0.17270729242012692
4075.0,1.4,3.0,0.16667500285423134,2.971546255156167,30.16667500285423,0.17273656097464304
4100.0,1.4,3.0,0.16173614208048354,2.9721658923968506,30.161736142080482,0.1727867254300452
4125.0,1.4,3.0,0.15779912307514699,2.972484674110643,30.157799123075147,0.17281653705120603
4150.0,1.4,3.0,0.1528830809537906,2.9730931726932694,30.152883080953792,0.1728660044700886
4175.0,1.4,3.0,0.14895011177551834,2.9734149155251486,30.14895011177552,0.17289598786864036
4200.0,1.4,3.0,0.14404973687139594,2.97401264673302,30.144049736871395,0.17294480000559165
4225.0,1.4,3.0,0.14010808310565637,2.974339718555813,30.140108083105655,0.17297512942287172
4250.0,1.4,3.0,0.13520770793692405,2.97493304753538,30.135207707936924,0.17302370118121194
4275.0,1.4,3.0,0.13124196901636426,2.975270906329746,30.131241969016365,0.1730547384500477
4300.0,1.4,3.0,0.12633311300266023,2.975863907044139,30.12633311300266,0.17310333116912557
4325.0,1.4,3.0,0.12234009144408091,2.976213391315081,30.12234009144408,0.17313513462323848
4350.0,1.4,3.0,0.11742670653523164,2.9768038432270885,30.11742670653523,0.17318360789603723
4375.0,1.4,3.0,0.1134154119840704,2.9771604272147116,30.11341541198407,0.17321588869847043
4400.0,1.4,3.0,0.10850619209425398,2.9777421354192333,30.108506192094254,0.17326385708842354
4425.0,1.4,3.0,0.10448680676396353,2.978100391372413,30.104486806763962,0.17329627030761616
4450.0,1.4,3.0,0.09958510084875774,2.9786678147109464,30.099585100848756,0.17334340151726554
4475.0,1.4,3.0,0.09555935298383529,2.9790253808303833,30.095559352983834,0.17337580474525707
4500.0,1.4,3.0,0.090659212281847,2.979577168715745,30.090659212281846,0.17342203696712094
4525.0,1.4,3.0,0.086619499260777,2.979935425609185,30.086619499260777,0.17345453244574993
4550.0,1.4,3.0,0.08170950709087826,2.9804752151928966,30.081709507090878,0.1735001100083226
4575.0,1.4,3.0,0.07764519727271496,2.980837713865658,30.077645197272716,0.17353293519162663
4600.0,1.4,3.0,0.07271682588186945,2.9813715866582884,30.07271682588187,0.17357823662752805
4625.0,1.4,3.0,0.06862270523090186,2.981741394230537,30.0686227052309,0.1736115853729984
4650.0,1.4,3.0,0.06367818094208004,2.9822727151663706,30.06367818094208,0.1736568002442967
4675.0,1.4,3.0,0.05955981496681211,2.98264967451808,30.05955981496681,0.17369064765138412
4700.0,1.4,3.0,0.05461180047874002,2.983176157696193,30.05461180047874,0.17373560633941645
4725.0,1.4,3.0,0.05048130513190356,2.983557483295798,30.050481305131903,0.17376975541713668
4750.0,1.4,3.0,0.04554061914255078,2.9840752754668474,30.04554061914255,0.17381420214540885
4775.0,1.4,3.0,0.041404573497610064,2.9844599224619377,30.04140457349761,0.17384857311933127
4800.0,1.4,3.0,0.03646909399159896,2.9849694371427953,30.0364690939916,0.173892537918402
4825.0,1.4,3.0,0.032324127085943226,2.985359566644926,30.032324127085943,0.17392726652822538
4850.0,1.4,3.0,0.027384459734216864,2.985864096033231,30.02738445973422,0.1739709682651936
4875.0,1.4,3.0,0.023225655803748455,2.9862614446708093,30.02322565580375,0.17400617010683506
4900.0,1.4,3.0,0.018277220639862524,2.986762490693882,30.018277220639863,0.1740497095558007
4925.0,1.4,3.0,0.014104110025581394,2.987167018866397,30.01410411002558,0.1740853839180806
4950.0,1.4,3.0,0.009147924722364907,2.9876645606227976,30.009147924722363,0.17412875694162028
4975.0,1.4,3.0,0.004962214534089596,2.9880768460374987,30.00496221453409,0.17416493277884967
5000.0,1.4,3.0,0.0,2.988571095315978,30.0,0.17420814675373986
0.0,1.75,0.5,0.019126744756382312,0.49968142403143484,30.01912674475638,0.02911787475339449
25.0,1.75,0.5,0.019126744756382312,0.4995636873717488,30.01912674475638,0.029111013899366812
50.0,1.75,0.5,0.01887193381095121,0.4995856836721861,30.018871933810953,0.02911241924464113
75.0,1.75,0.5,0.018858762341181404,0.4994742006824481,30.018858762341182,0.029105929167836844
100.0,1.75,0.5,0.018599186202323113,0.4994990951673352,30.018599186202323,0.029107505695657232
125.0,1.75,0.5,0.018574001010465566,0.4993958352649757,30.018574001010464,0.029101500598953157
150.0,1.75,0.5,0.018307690677944657,0.4994255797769613,30.018307690677943,0.02910336300903159
175.0,1.75,0.5,0.018272345956116955,0.49932883845021775,30.018272345956117,0.02909774266698628
200.0,1.75,0.5,0.017999019796071318,0.4993618190206955,30.017999019796072,0.029099797048975775
225.0,1.75,0.5,0.017954667788505903,0.499268174499321,30.017954667788505,0.02909436150435434
250.0,1.75,0.5,0.01767607510880147,0.4993005856012942,30.017676075108803,0.0290963852495948
275.0,1.75,0.5,0.017622776790538707,0.4992073502088125,30.01762277679054,0.029090977850109178
300.0,1.75,0.5,0.017342260180332414,0.49923577074557246,30.01734226018033,0.029092769975292327
325.0,1.75,0.5,0.01728079418812747,0.49914216113627824,30.017280794188128,0.02908734469263414
350.0,1.75,0.5,0.01700295546000695,0.49916518236477997,30.017002955460008,0.02908882086990862
375.0,1.75,0.5,0.016937338698721577,0.4990714870187752,30.01693733869872,0.02908339256724436
400.0,1.75,0.5,0.01666776717742538,0.49908943909880493,30.016667767177424,0.029084569324187657
425.0,1.75,0.5,0.016605431473568216,0.4989955044196285,30.016605431473568,0.029079125450234722
450.0,1.75,0.5,0.01634945012939479,0.49900926639437626,30.016349450129393,0.029080051431267222
475.0,1.75,0.5,0.016297935854003107,0.49891397183938546,30.016297935854002,0.029074523035339663
500.0,1.75,0.5,0.016058478628269632,0.49892410271713994,30.01605847862827,0.029075229393684943
525.0,1.75,0.5,0.016021215844842895,0.498826059740416,30.016021215844845,0.029069533899122736
550.0,1.75,0.5,0.015797695787082296,0.49883248731862084,30.015797695787082,0.029070016709908487
575.0,1.75,0.5,0.01577258720546782,0.49873101679854814,30.01577258720547,0.029064115559004643
600.0,1.75,0.5,0.015561909375657797,0.49873317304990805,30.01556190937566,0.029064343217095934
625.0,1.75,0.5,0.015543734207640427,0.49862873449458334,30.01554373420764,0.02905826571824473
650.0,1.75,0.5,0.015342324681269514,0.4986262007043615,30.01534232468127,0.029058215551190654
675.0,1.75,0.5,0.015326594138406613,0.49852009485366655,30.015326594138408,0.02905203968094672
700.0,1.75,0.5,0.01513154527920725,0.49851340309669573,30.015131545279207,0.02905174410207832
725.0,1.75,0.5,0.015116298970507414,0.4984071797235502,30.015116298970508,0.029045561125355338
750.0,1.75,0.5,0.014924969051423199,0.4983979927607318,30.014924969051425,0.02904511831233035
775.0,1.75,0.5,0.014909011378631334,0.49829321965447615,30.01490901137863,0.02903902017395296
800.0,1.75,0.5,0.014717769581253785,0.49828382863698817,30.014717769581253,0.02903856540451671
825.0,1.75,0.5,0.014697496251636116,0.4981823937224677,30.014697496251635,0.0290326638709818
850.0,1.75,0.5,0.014500965515190726,0.4981752584012339,30.01450096551519,0.02903234309398408
875.0,1.75,0.5,0.014469653547460954,0.4980795702915158,30.01446965354746,0.02902678178353598
900.0,1.75,0.5,0.01426201691932544,0.49807693208641607,30.014262016919325,0.029026728437753092
925.0,1.75,0.5,0.014213234246371794,0.49798918765379774,30.014213234246373,0.029021638487450305
950.0,1.75,0.5,0.013991766333138317,0.4979921497502239,30.013991766333138,0.02902191818465929
975.0,1.75,0.5,0.013924394681926607,0.49791286373799964,30.013924394681926,0.029017330132569217
1000.0,1.75,0.5,0.013692563395379716,0.49792044727538376,30.01369256339538,0.029017884154506846
1025.0,1.75,0.5,0.013613053715812477,0.49784765668502723,30.01361305371581,0.02901368048361615
1050.0,1.75,0.5,0.013379932807840103,0.49785721380968423,30.01337993280784,0.029014350135878796
1075.0,1.75,0.5,0.013299832838066765,0.4977873088276296,30.013299832838065,0.029010314892917215
1100.0,1.75,0.5,0.013075760736201831,0.49779624441208586,30.013075760736204,0.029010943940263628
1125.0,1.75,0.5,0.013006303083284378,0.4977257012492202,30.013006303083284,0.029006866337297984
1150.0,1.75,0.5,0.012798083538206908,0.49773260526493274,30.012798083538208,0.02900736931675548
1175.0,1.75,0.5,0.01274506493610104,0.49765916645780317,30.0127450649361,0.02900311499241218
1200.0,1.75,0.5,0.012553727904647665,0.497663133930086,30.01255372790465,0.029003438664421493
1225.0,1.75,0.5,0.012515279696635233,0.4975857537116468,30.012515279696636,0.028998947577490865
1250.0,1.75,0.5,0.012336785940951096,0.4975850997643999,30.012336785940953,0.028998995699053585
1275.0,1.75,0.5,0.012305136324298036,0.49750327458390986,30.012305136324297,0.028994242258928812
1300.0,1.75,0.5,0.012132765918833218,0.49749568286718754,30.01213276591883,0.028993883078229664
1325.0,1.75,0.5,0.012098709259326563,0.4974093857087349,30.012098709259327,0.02898887015626596
1350.0,1.75,0.5,0.011925661615667361,0.497393811177253,30.011925661615667,0.02898804604886626
1375.0,1.75,0.5,0.011882521345908201,0.49730436432444375,30.011882521345907,0.028982853928550663
1400.0,1.75,0.5,0.011703611042736563,0.49728289549488663,30.011703611042737,0.0289816891117082
1425.0,1.75,0.5,0.011648454853023833,0.497193623562186,30.011648454853024,0.02897651296279603
1450.0,1.75,0.5,0.011460771976168353,0.4971712490688401,30.011460771976168,0.028975299575326862
1475.0,1.75,0.5,0.011393692711271912,0.4970865632589931,30.011393692711273,0.028970396435412913
1500.0,1.75,0.5,0.01119692940554023,0.49706866328287286,30.01119692940554,0.028969448184069428
1525.0,1.75,0.5,0.011120350083547403,0.4969918014083564,30.011120350083548,0.028965005584628577
1550.0,1.75,0.5,0.010917041942196363,0.49698127596463515,30.010917041942196,0.028964490263996792
1575.0,1.75,0.5,0.01083522203814176,0.496912500147091,30.010835222038143,0.028960521429132222
1600.0,1.75,0.5,0.010630385717633795,0.49690852984749123,30.010630385717633,0.028960388869853054
1625.0,1.75,0.5,0.010548233336808932,0.4968451394322543,30.01054823333681,0.028956734038773035
1650.0,1.75,0.5,0.01034797753178822,0.4968439473347866,30.010347977531787,0.028956761174078294
1675.0,1.75,0.5,0.010269502986944155,0.49678171226883144,30.01026950298694,0.028953171882346234
1700.0,1.75,0.5,0.010078901710337892,0.49677848372964295,30.010078901710315,0.028953075661872746
1725.0,1.75,0.5,0.010006541911477627,0.49671342227721316,30.010006541911316,0.02894931867337196
1750.0,1.75,0.5,0.009827945347330579,0.49670443356339344,30.00982794534626,0.028948880936467414
1775.0,1.75,0.5,0.009763066608580624,0.49663434376533994,30.00976306660183,0.028944827257637536
1800.0,1.75,0.5,0.009595908512643506,0.4966185828244394,30.009595908472573,0.0289439892899043
1825.0,1.75,0.5,0.00953922555371584,0.49654401728199815,30.009539225330222,0.028939670782322
1850.0,1.75,0.5,0.00938075957726504,0.49652370060794715,30.009380758406238,0.028938563088036065
1875.0,1.75,0.5,0.009331281174310743,0.49644794028709105,30.00933127541031,0.02893417145430691
1900.0,1.75,0.5,0.009176925847422674,0.4964275334310891,30.00917689919496,0.028933056513885877
1925.0,1.75,0.5,0.009130194825730735,0.49635519386286514,30.0091300790527,0.028928862947591984
1950.0,1.75,0.5,0.00897375937820528,0.4963391055076367,30.008973286951967,0.02892800084848765
1975.0,1.75,0.5,0.008922051749615847,0.49627363710592004,30.008920240754744,0.02892421073529555
2000.0,1.75,0.5,0.00875741481933668,0.49626354624657926,30.008750893176284,0.02892370422372536
2025.0,1.75,0.5,0.008693135117976694,0.49620501159590247,30.008671072683917,0.028920331114239712
2050.0,1.75,0.5,0.00851722361060505,0.4961988149419867,30.008447109340167,0.028920077874110578
2075.0,1.75,0.5,0.008437033544758152,0.4961447998921688,30.008227710998494,0.02891703541123293
2100.0,1.75,0.5,0.008251248833539135,0.4961412182535902,30.00766418923471,0.028917098177991193
2125.0,1.75,0.5,0.008157006422909627,0.4960971195402802,30.006610310385774,0.028915035685431092
2150.0,1.75,0.5,0.007964810934143567,0.49611637338688186,30.004136701477325,0.028917349828636585
2175.0,1.75,0.5,0.007859621439746115,0.4961320958226126,29.998959000285474,0.028920761730338817
2200.0,1.75,0.5,0.007660614271866018,0.49627719929675396,29.988219870329942,0.028934399650467294
2225.0,1.75,0.5,0.00754086203001634,0.4965389635017128,29.967651045483695,0.028959594613217777
2250.0,1.75,0.5,0.007322782886456806,0.4971152458422103,29.930433149045495,0.029011225708880477
2275.0,1.75,0.5,0.0071695737369195395,0.49807082557927373,29.867940433480022,0.029097385091450555
2300.0,1.75,0.5,0.006903416297999506,0.4996637361383358,29.770066670633927,0.029238387911830033
2325.0,1.75,0.5,0.006683928465398644,0.5019708679960794,29.628219886513097,0.029443621773392513
2350.0,1.75,0.5,0.006336838632597258,0.5051684622403241,29.438195020755483,0.029726661439217643
2375.0,1.75,0.5,0.006032027898763042,0.5091244657946079,29.204823644798438,0.030078915225354358
2400.0,1.75,0.5,0.005610461794922605,0.5136721695648009,28.944181807297813,0.03048392567970631
2425.0,1.75,0.5,0.0052665918470721,0.5182530157543254,28.68429728836631,0.03089478852433577
2450.0,1.75,0.5,0.004862457329325373,0.5222988358849673,28.46049287780628,0.03125815538448371
2475.0,1.75,0.5,0.004607384338881206,0.5250398923976907,28.30844922400528,0.03150647085851973
2500.0,1.75,0.5,0.0043613661571001725,0.526022186467725,28.2543613661571,0.031595614821649486
2525.0,1.75,0.5,0.004305347027830444,0.524965975282479,28.308147186694228,0.03150220331458819
2550.0,1.75,0.5,0.004265296819774979,0.522147726257193,28.45989571729673,0.0312494397279033
2575.0,1.75,0.5,0.0043739064265929314,0.5180254119696542,28.68340460294583,0.030881700843804143
2600.0,1.75,0.5,0.004439435953827862,0.5133595095945165,28.943010781456717,0.030465987146673635
2625.0,1.75,0.5,0.004580990772805575,0.5087279241343999,29.20337260767248,0.03005623434623918
2650.0,1.75,0.5,0.004626440363045802,0.5046774433887451,29.436484622485935,0.029698630189751694
2675.0,1.75,0.5,0.004711119861911778,0.5013881048812171,29.62624707790961,0.029410418367997536
2700.0,1.75,0.5,0.004687611148913828,0.49898052402216664,29.767850865484842,0.02919949567194793
2725.0,1.75,0.5,0.004706778089238639,0.49729412167855547,29.865477637832342,0.029053207745834066
2750.0,1.75,0.5,0.004629646241944302,0.4962408712340628,29.92774001240098,0.02896150095098824
2775.0,1.75,0.5,0.004612385693268893,0.49558030090655464,29.964722569146947,0.028905094981628177
2800.0,1.75,0.5,0.004511470680871171,0.49523398893092496,29.985070726738947,0.028875093626813005
2825.0,1.75,0.5,0.0044831296593461694,0.4950237785957783,29.995582508505073,0.02885777925927185
2850.0,1.75,0.5,0.004376589024919834,0.4949426106269638,30.0005484795681,0.028850659400354597
2875.0,1.75,0.5,0.004347676055140901,0.4948805570787909,30.002800980018005,0.028845959356549804
2900.0,1.75,0.5,0.004242093868729812,0.4948762499225117,30.0036550342699,0.02884529774831225
2925.0,1.75,0.5,0.00421437613886215,0.49485376868893577,30.004005053592596,0.028843819120488518
2950.0,1.75,0.5,0.004112194842412188,0.4948673644549437,30.004042080571974,0.028844593786437996
2975.0,1.75,0.5,0.004085285172462303,0.4948529515086529,30.004063222738402,0.028843743529190634
3000.0,1.75,0.5,0.003988000307494549,0.4948676592052836,30.003981478664443,0.028844640096799115
3025.0,1.75,0.5,0.003961508473061192,0.49485136496396326,30.00395969747819,0.028843700814290742
3050.0,1.75,0.5,0.003868810476662668,0.4948613157207908,30.003868338050427,0.028844324734326427
3075.0,1.75,0.5,0.0038420613032101956,0.49483950276427024,30.00384194553018,0.028843065993121152
3100.0,1.75,0.5,0.0037510254529529606,0.49484312374665906,30.003750998800488,0.028843320766455696
3125.0,1.75,0.5,0.0037227680172315022,0.4948162922251262,30.00372276225323,0.02884177038739872
3150.0,1.75,0.5,0.003629388122527783,0.4948156850184063,30.0036293869515,0.02884177987426431
3175.0,1.75,0.5,0.0035987073388427378,0.4947878612255645,30.003598707115348,0.02884017282817785
3200.0,1.75,0.5,0.003501163907986079,0.4947877874713104,30.003501163867917,0.028840215409745424
3225.0,1.75,0.5,0.0034692378120072076,0.4947642607832878,30.003469237805255,0.02883885942837284
3250.0,1.75,0.5,0.0033702788569113587,0.4947694836224544,30.003370278855844,0.028839211417153607
3275.0,1.75,0.5,0.003341017491351267,0.49475361229088294,30.00334101749119,0.028838300368721245
3300.0,1.75,0.5,0.003246934720832918,0.49476614742686936,30.00324693472081,0.02883907623531022
3325.0,1.75,0.5,0.0032251110330404737,0.49475762623437797,30.003225111033036,0.028838590037783128
3350.0,1.75,0.5,0.0031416578356252673,0.4947759834897626,30.003141657835624,0.028839700159798788
3375.0,1.75,0.5,0.0031297184848422433,0.49477178666513427,30.003129718484843,0.028839461271748874
3400.0,1.75,0.5,0.0030582844566334495,0.49479249283523874,30.003058284456632,0.02884070253473427
3425.0,1.75,0.5,0.0030543594206546834,0.49478924498974486,30.003054359420656,0.02884051510923117
3450.0,1.75,0.5,0.0029912079494074594,0.49480905380308915,30.002991207949407,0.02884170008845781
3475.0,1.75,0.5,0.0029897014397465387,0.49480464069080765,30.002989701439745,0.028841443578654456
3500.0,1.75,0.5,0.0029280667810320424,0.49482163431950027,30.00292806678103,0.028842463737899695
3525.0,1.75,0.5,0.0029222457988015422,0.49481519610072877,30.0029222457988,0.02884209126097853
3550.0,1.75,0.5,0.002855216139265188,0.49482846352451887,30.002855216139267,0.028842896819742513
3575.0,1.75,0.5,0.0028399444871403607,0.49481969129375114,30.00283994448714,0.028842392838496187
3600.0,1.75,0.5,0.0027625658288029896,0.49482876914217677,30.002762565828803,0.028842959168072915
3625.0,1.75,0.5,0.0027357404426295285,0.4948175850621533,30.00273574044263,0.02884232015575247
3650.0,1.75,0.5,0.002646404729498235,0.49482255254366814,30.002646404729497,0.028842652645023094
3675.0,1.75,0.5,0.0026093571713205616,0.4948091130927692,30.00260935717132,0.028841887081601524
3700.0,1.75,0.5,0.0025109936850832787,0.4948108701644322,30.002510993685082,0.028842036778719583
3725.0,1.75,0.5,0.0024685216333666213,0.49479550319104354,30.002468521633368,0.028841161467042666
3750.0,1.75,0.5,0.002368485854951108,0.49479563406386273,30.00236848585495,0.028841217177472612
3775.0,1.75,0.5,0.002327712146587988,0.4947790572859348,30.002327712146588,0.02884027052837507
3800.0,1.75,0.5,0.002234676618338467,0.4947796148391355,30.00223467661834,0.028840347743881157
3825.0,1.75,0.5,0.0022019975359711575,0.49476365801773836,30.00220199753597,0.0288394333385145
3850.0,1.75,0.5,0.002121078414722393,0.49476709991165907,30.00212107841472,0.028839672855998522
3875.0,1.75,0.5,0.0020990485649427792,0.4947549698649815,30.002099048564943,0.02883897639085894
3900.0,1.75,0.5,0.0020292505749005757,0.4947636775500498,30.0020292505749,0.028839517503381682
3925.0,1.75,0.5,0.002016136626764506,0.49475865637106337,30.002016136626764,0.028839231124313452
3950.0,1.75,0.5,0.0019524695373951658,0.49477375201749135,30.001952469537397,0.028840141642644455
3975.0,1.75,0.5,0.0019445071838474642,0.4947768396310075,30.001944507183847,0.02884032544529346
4000.0,1.75,0.5,0.0018825333145975755,0.4947970722481397,30.001882533314596,0.02884153458413419
4025.0,1.75,0.5,0.0018763700140046313,0.494805656926578,30.001876370014006,0.028842037944316883
4050.0,1.75,0.5,0.001814751068429586,0.49482753148338754,30.00181475106843,0.028843342623876514
4075.0,1.75,0.5,0.001808014104914149,0.4948366551396326,30.001808014104913,0.028843877677429616
4100.0,1.75,0.5,0.001746988892480568,0.49485615165858204,30.00174698889248,0.028845043459733728
4125.0,1.75,0.5,0.0017372244827124307,0.4948615186167489,30.001737224482714,0.028845360992432022
4150.0,1.75,0.5,0.0016752879044516168,0.49487617282935975,30.00167528790445,0.028846244958608835
4175.0,1.75,0.5,0.0016591274478257748,0.4948762493954242,30.001659127447827,0.028846257190676582
4200.0,1.75,0.5,0.0015918111402186586,0.49488576095216297,30.00159181114022,0.02884684398040515
4225.0,1.75,0.5,0.0015656511914996236,0.49488138172148755,30.0015656511915,0.02884660129189415
4250.0,1.75,0.5,0.0014876323159836002,0.49488648558530396,30.001487632315985,0.02884693630391983
4275.0,1.75,0.5,0.0014493354884291029,0.4948790760178929,30.00144933548843,0.02884652281145437
4300.0,1.75,0.5,0.0013578615889249497,0.49488031552051365,30.001357861588925,0.02884663903860088
4325.0,1.75,0.5,0.0013082030479651882,0.49487075296475797,30.001308203047966,0.02884610550914912
4350.0,1.75,0.5,0.001205335361152679,0.49486852055948233,30.001205335361153,0.028846024835126043
4375.0,1.75,0.5,0.001148354872557539,0.49485732984165903,30.00114835487256,0.028845399917708122
4400.0,1.75,0.5,0.0010405834612968402,0.49485279691593975,30.001040583461297,0.028845187501451992
4425.0,1.75,0.5,0.0009824041805955484,0.49484099111949303,30.000982404180597,0.02884452730465127
4450.0,1.75,0.5,0.000877479451821541,0.49483657263903374,30.000877479451823,0.028844320188996252
4475.0,1.75,0.5,0.0008237286444938219,0.49482608619625285,30.000823728644495,0.028843734766788934
4500.0,1.75,0.5,0.0007265684956798634,0.4948246523035941,30.00072656849568,0.02884369789064055
4525.0,1.75,0.5,0.0006799917373887336,0.4948178161415981,30.00067999173739,0.028843321795601444
4550.0,1.75,0.5,0.0005908877004286008,0.49482123781771464,30.00059088770043,0.028843564081502328
4575.0,1.75,0.5,0.0005513483606798616,0.4948197487856055,30.00055134836068,0.02884349629169284
4600.0,1.75,0.5,0.00046802980445908557,0.4948281535361583,30.00046802980446,0.028844026265634707
4625.0,1.75,0.5,0.00043494093471906184,0.4948324800965928,30.00043494093472,0.028844294371995937
4650.0,1.75,0.5,0.00035643538542463605,0.49484480341267945,30.000356435385424,0.0288450504518558
4675.0,1.75,0.5,0.00033095099071649934,0.4948543080339791,30.000330950990715,0.02884561673847681
4700.0,1.75,0.5,0.00025936228771657145,0.4948692830535238,30.000259362287718,0.028846524067014205
4725.0,1.75,0.5,0.0002438612059144882,0.49488260556931374,30.000243861205913,0.028847308105116848
4750.0,1.75,0.5,0.0001823041585672217,0.4948991167530857,30.000182304158567,0.02884830015878238
4775.0,1.75,0.5,0.00017780615224688982,0.4949144289637658,30.000177806152248,0.02884919488977302
4800.0,1.75,0.5,0.00012692501467731238,0.49493116221027805,30.000126925014676,0.028850194757485802
4825.0,1.75,0.5,0.00013141663491214855,0.4949463231553468,30.00013141663491,0.028851076349316843
4850.0,1.75,0.5,8.829987056249926e-05,0.49496146589182916,30.000088299870562,0.028851979772788052
4875.0,1.75,0.5,9.76964328678971e-05,0.4949743437699871,30.000097696432867,0.02885272592329846
4900.0,1.75,0.5,5.790782196875622e-05,0.4949859121089397,30.00005790782197,0.028853419391370264
4925.0,1.75,0.5,6.85473407213566e-05,0.4949949614764694,30.00006854734072,0.028853941775104783
4950.0,1.75,0.5,2.8849269661252554e-05,0.49500145218748226,30.00002884926966,0.02885433921862759
4975.0,1.75,0.5,3.932674621900215e-05,0.49500604717222557,30.00003932674622,0.028854602028110327
5000.0,1.75,0.5,0.0,0.49500669607146536,30.0,0.02885465876600948
0.0,1.75,1.0,0.08554769651488163,0.9971565185590824,30.085547696514883,0.058043002232928465
25.0,1.75,1.0,0.08554769651488163,0.9967786470660204,30.085547696514883,0.05802100689367395
50.0,1.75,1.0,0.08457141451179485,0.9969320232641149,30.084571414511796,0.05803087625909248
75.0,1.75,1.0,0.0845661827454734,0.9965560750885726,30.084566182745473,0.058008997562169665
100.0,1.75,1.0,0.08359785974834617,0.9967007840470604,30.083597859748345,0.058018354710744346
125.0,1.75,1.0,0.08357395007210067,0.996329202329525,30.0835739500721,0.05799674783624222
150.0,1.75,1.0,0.08260363631044401,0.9964677238070065,30.082603636310445,0.058005746694984005
175.0,1.75,1.0,0.08254257176632722,0.9961093965002311,30.08254257176633,0.05798494682495047
200.0,1.75,1.0,0.0815596184160552,0.9962490451331477,30.081559618416055,0.05799402346193123
225.0,1.75,1.0,0.08145146797240405,0.9959128611498239,30.081451467972403,0.05797455761000659
250.0,1.75,1.0,0.08045051497965112,0.9960617203339027,30.080450514979653,0.05798418778520651
275.0,1.75,1.0,0.08030082269749773,0.9957500575024003,30.0803008226975,0.057966189048558
300.0,1.75,1.0,0.07928679690865029,0.9959106368984629,30.07928679690865,0.05797651417278657
325.0,1.75,1.0,0.07911206178056537,0.9956179670912398,30.079112061780567,0.057959644872847375
350.0,1.75,1.0,0.07809866732762294,0.9957849512537612,30.078098667327623,0.05797034235983565
375.0,1.75,1.0,0.07791497463470451,0.9955024743194033,30.077914974634705,0.05795407472902562
400.0,1.75,1.0,0.07691605307000907,0.9956674220845678,30.076916053070008,0.05796463985560415
425.0,1.75,1.0,0.0767309165099185,0.9953892174166841,30.07673091650992,0.057948622000723995
450.0,1.75,1.0,0.07575284017999322,0.9955469727813551,30.075752840179995,0.05795874845102904
475.0,1.75,1.0,0.07556680263637403,0.9952719785912615,30.075566802636374,0.05794291804777482
500.0,1.75,1.0,0.07460960211354913,0.9954219640876371,30.07460960211355,0.05795257215120845
525.0,1.75,1.0,0.07442415390844649,0.9951508827286589,30.074424153908446,0.057936968665924765
550.0,1.75,1.0,0.07348825735817432,0.9952935885256793,30.073488257358175,0.05794617852552949
575.0,1.75,1.0,0.0733111776457649,0.9950247568338404,30.073311177645763,0.057930697649225156
600.0,1.75,1.0,0.07240137769851826,0.9951584814386869,30.07240137769852,0.05793935956231088
625.0,1.75,1.0,0.07224425215864498,0.994886842877121,30.072244252158644,0.057923695751956
650.0,1.75,1.0,0.07136783292554788,0.9950071870479683,30.07136783292555,0.0579315465355895
675.0,1.75,1.0,0.07123746871247179,0.9947270867362877,30.07123746871247,0.0579153640045608
700.0,1.75,1.0,0.07039880999744068,0.9948285255918358,30.070398809997442,0.057922077716627864
725.0,1.75,1.0,0.07029006246042954,0.9945373293489581,30.07029006246043,0.057905228051363535
750.0,1.75,1.0,0.06948579020671784,0.9946157762120534,30.069485790206716,0.057910569940298855
775.0,1.75,1.0,0.0693831883893894,0.994314912340946,30.069383188389388,0.05789315119417495
800.0,1.75,1.0,0.06860215457400616,0.9943702078611107,30.068602154574005,0.057897122655460945
825.0,1.75,1.0,0.06848968793391692,0.9940636722497428,30.068489687933916,0.05787938288921947
850.0,1.75,1.0,0.06771839303930173,0.994100955175619,30.067718393039303,0.057882296070449986
875.0,1.75,1.0,0.06758831554899108,0.9937941541652557,30.067588315548992,0.05786455751015634
900.0,1.75,1.0,0.06681626968621414,0.99382396295677,30.066816269686214,0.05786703608491873
925.0,1.75,1.0,0.06666870806232758,0.9935244444045591,30.066668708062327,0.05784973808156718
950.0,1.75,1.0,0.06588899944686631,0.9935612517523819,30.065888999446866,0.05785263139633345
975.0,1.75,1.0,0.0657247943005149,0.993279000495902,30.065724794300515,0.057836354536031205
1000.0,1.75,1.0,0.0649327750972701,0.9933367652665498,30.06493277509727,0.05784047989473101
1025.0,1.75,1.0,0.0647489767868049,0.993081077708466,30.064748976786806,0.05782576835513377
1050.0,1.75,1.0,0.06394367695174279,0.9931663459029338,30.063943676951745,0.05783150793539846
1075.0,1.75,1.0,0.06373606063337285,0.9929403772749801,30.063736060633374,0.05781854955423626
1100.0,1.75,1.0,0.06292246313405256,0.9930474738017486,30.062922463134054,0.057825568200477954
1125.0,1.75,1.0,0.06269113238589664,0.9928446729641938,30.062691132385897,0.05781398145961407
1150.0,1.75,1.0,0.06187849553333333,0.992957595050384,30.061878495533332,0.057821338486407164
1175.0,1.75,1.0,0.06163015405470892,0.9927634575925133,30.061630154054708,0.05781027237116145
1200.0,1.75,1.0,0.06082664146456634,0.9928640325533816,30.060826641464566,0.05781690171352805
1225.0,1.75,1.0,0.06057092401514534,0.9926632223618017,30.060570924015146,0.057805453911182504
1250.0,1.75,1.0,0.059779881764305924,0.9927399598173229,30.059779881764307,0.05781068318742607
1275.0,1.75,1.0,0.059524166108835284,0.99252404650845,30.059524166108837,0.05779835565134142
1300.0,1.75,1.0,0.05874566789916876,0.9925756975925275,30.058745667899167,0.0578021119859024
1325.0,1.75,1.0,0.05849472305499155,0.9923451495578257,30.05849472305499,0.05778892737044261
1350.0,1.75,1.0,0.05773054718214488,0.9923772716128556,30.057730547182146,0.057791532609397143
1375.0,1.75,1.0,0.05748971561654221,0.9921370607109804,30.05748971561654,0.057777775287398817
1400.0,1.75,1.0,0.056745900671926315,0.9921557178311559,30.056745900671928,0.05777957672041029
1425.0,1.75,1.0,0.056519976398257996,0.9919107806100707,30.056519976398256,0.05776552955890341
1450.0,1.75,1.0,0.0558019239161725,0.9919199822766643,30.05580192391617,0.05776675546299739
1475.0,1.75,1.0,0.055587841391057706,0.9916753252220926,30.05558784139106,0.057752712975185735
1500.0,1.75,1.0,0.054891011925428446,0.9916797863653559,30.054891011925427,0.057753642285118555
1525.0,1.75,1.0,0.05467341609199644,0.9914423331944252,30.054673416091997,0.05774002245842947
1550.0,1.75,1.0,0.05397998530193646,0.9914500480212698,30.053979985301936,0.057741137872262586
1575.0,1.75,1.0,0.053737877154109534,0.9912270182857276,30.05373787715411,0.05772838134976904
1600.0,1.75,1.0,0.05302541590462266,0.9912467194047009,30.053025415904624,0.057730213016738315
1625.0,1.75,1.0,0.052745712178480654,0.9910413713104206,30.05274571217848,0.05771852213686013
1650.0,1.75,1.0,0.05200258827653651,0.9910768100523667,30.052002588276537,0.05772129974991831
1675.0,1.75,1.0,0.05168983215053013,0.9908865131019673,30.051689832150526,0.057710516968335984
1700.0,1.75,1.0,0.050925393429497,0.990933557934635,30.050925393429477,0.05771399097386485
1725.0,1.75,1.0,0.0506010352228965,0.9907521092103395,30.050601035222737,0.057703734447050785
1750.0,1.75,1.0,0.04984183793504481,0.9908017423249547,30.049841837933975,0.057707354159300825
1775.0,1.75,1.0,0.04953308360718113,0.9906235156320394,30.04953308360043,0.05769727009915189
1800.0,1.75,1.0,0.048807494377428685,0.9906674903469274,30.048807494337357,0.05770052797093581
1825.0,1.75,1.0,0.04853228841049127,0.9904897948197559,30.048532288186998,0.05769044243993328
1850.0,1.75,1.0,0.04785496570672493,0.9905234303712662,30.0478549645357,0.057693051753946595
1875.0,1.75,1.0,0.047613237087906456,0.9903453752225333,30.047613231323904,0.05768291295746696
1900.0,1.75,1.0,0.046979187285792305,0.9903663572140702,30.046979160633327,0.05768474369944713
1925.0,1.75,1.0,0.04675479622806308,0.9901864334283391,30.046754680455035,0.0576744793258246
1950.0,1.75,1.0,0.04614317776106967,0.990193578966033,30.046142705334834,0.05767548287901326
1975.0,1.75,1.0,0.045911609563321444,0.9900098248033419,30.045909798568452,0.057665003309645024
2000.0,1.75,1.0,0.04529386009967903,0.9900046215476852,30.045287338456628,0.057665297564250394
2025.0,1.75,1.0,0.045030231649959444,0.9898173911743782,30.0450081692159,0.05765465971551473
2050.0,1.75,1.0,0.044380017207158166,0.9898061202924923,30.044309902936718,0.05765467318239579
2075.0,1.75,1.0,0.044067075818665515,0.9896214122554824,30.043857753272402,0.05764434798422464
2100.0,1.75,1.0,0.0433706909956661,0.9896193504150309,30.042783631396837,0.05764525835427957
2125.0,1.75,1.0,0.04300484989935006,0.989462502534621,30.041458153862216,0.05763739346140696
2150.0,1.75,1.0,0.0422645813532218,0.9895239519054312,30.038436471896404,0.05764387205272974
2175.0,1.75,1.0,0.04185129988984221,0.9895039296019464,30.03295067873557,0.057647969913906034
2200.0,1.75,1.0,0.04107020349957279,0.9898367724228513,30.021629459557648,0.05767823337498868
2225.0,1.75,1.0,0.04059856076501291,0.9903256322847771,30.00070874421869,0.05772683657440467
2250.0,1.75,1.0,0.03974274677853792,0.9915311000752726,29.962853112937573,0.05783360366002157
2275.0,1.75,1.0,0.03914550426433797,0.9934164361725105,29.89991636400744,0.05800452179663777
2300.0,1.75,1.0,0.03811085774798288,0.9966518859036748,29.801274112083913,0.0582896668471013
2325.0,1.75,1.0,0.037259311011416926,1.0012384888833787,29.658795269059116,0.05869840215043079
2350.0,1.75,1.0,0.03591496508934109,1.0076702381044575,29.467773147212228,0.05926663489453835
2375.0,1.75,1.0,0.034726389555367394,1.0155441487031986,29.233518006455043,0.059968579747260026
2400.0,1.75,1.0,0.03308966451748878,1.0246612521340508,28.97166101002038,0.06077977840387731
2425.0,1.75,1.0,0.03173931020676284,1.0337708760454711,28.710770006726,0.06159810745051557
2450.0,1.75,1.0,0.030166339758232314,1.041874340876713,28.48579676023519,0.06232562654351025
2475.0,1.75,1.0,0.029159365654272556,1.0472922568984366,28.33300120532067,0.06281843301638339
2500.0,1.75,1.0,0.028201536999804194,1.049266976540279,28.278201536999806,0.06299783261844932
2525.0,1.75,1.0,0.027976454458518606,1.0470871323403972,28.331818294124915,0.06280744041264028
2550.0,1.75,1.0,0.027815799757874144,1.0414703254645132,28.483446220234832,0.06230402866796266
2575.0,1.75,1.0,0.028233313275672814,1.0331707574185074,28.707264009794912,0.06156610804450194
2600.0,1.75,1.0,0.028466596656306138,1.0238772085061862,28.967037942159195,0.060738117575479075
2625.0,1.75,1.0,0.029001348986664302,1.0145811087479237,29.22779296588634,0.059917578939939216
2650.0,1.75,1.0,0.029136131700733515,1.006533972999449,29.460994313823623,0.05920661529122785
2675.0,1.75,1.0,0.029434858354795753,0.9999397270427388,29.650970816402495,0.058629995468970075
2700.0,1.75,1.0,0.02929202016459586,0.995182034718244,29.792455274500526,0.05821231566573782
2725.0,1.75,1.0,0.02932626786965327,0.9917991417150502,29.890097127612755,0.05791960098535334
2750.0,1.75,1.0,0.0289785441376925,0.9897422509679972,29.95208891029673,0.05773963689111953
2775.0,1.75,1.0,0.02886434594027949,0.9884063355633066,29.988974529393957,0.05762623011639419
2800.0,1.75,1.0,0.02842962862181549,0.9877506240153775,30.00898888467989,0.05756879348554218
2825.0,1.75,1.0,0.028260065123631262,0.9873072483368941,30.01935944396936,0.057533012023679185
2850.0,1.75,1.0,0.027797863644510413,0.987172323414272,30.023969754187693,0.057520732803437204
2875.0,1.75,1.0,0.027604464911894562,0.9870195756548401,30.02605776887476,0.057509832746079535
2900.0,1.75,1.0,0.027124964400830395,0.987035645925146,30.026537904802,0.05751030928736114
2925.0,1.75,1.0,0.026909700072486966,0.9869601122405922,30.026700377526222,0.057505752684625704
2950.0,1.75,1.0,0.026412080184167644,0.9870136290221657,30.02634196591373,0.05750921409657863
2975.0,1.75,1.0,0.026176421711203515,0.9869542263827438,30.026154359277143,0.05750593260051229
3000.0,1.75,1.0,0.02566625434684834,0.9870120928607182,30.025659732703797,0.057509777938824475
3025.0,1.75,1.0,0.02541821361592745,0.9869498600130306,30.025416402621058,0.057506384864608746
3050.0,1.75,1.0,0.024905908318561498,0.9869995387041988,30.024905435892325,0.057509768828843906
3075.0,1.75,1.0,0.024657157934416973,0.9869286551603685,30.024657042161387,0.05750587650957775
3100.0,1.75,1.0,0.024153370343352992,0.9869668013502018,30.024153343690887,0.05750858158174802
3125.0,1.75,1.0,0.023915350264279638,0.9868898688834301,30.023915344500278,0.057504326797448393
3150.0,1.75,1.0,0.023428944848552385,0.9869205726853527,30.023428943677526,0.0575065816716952
3175.0,1.75,1.0,0.02320905840315227,0.9868464062522397,30.02320905817966,0.05750247065843196
3200.0,1.75,1.0,0.022745398617882235,0.986878664678131,30.02274539857781,0.05750479435764551
3225.0,1.75,1.0,0.022544134006310636,0.9868180330967017,30.02254413399956,0.05750145413144618
3250.0,1.75,1.0,0.022102729759661842,0.9868614978854928,30.022102729758593,0.05750440953435639
3275.0,1.75,1.0,0.021913681463523137,0.9868216482053871,30.021913681463364,0.057502268539227644
3300.0,1.75,1.0,0.021488085218191705,0.9868817242985242,30.02148808521817,0.05750617679417695
3325.0,1.75,1.0,0.02130197987068283,0.9868622176080738,30.021301979870678,0.05750521836763829
3350.0,1.75,1.0,0.020884070329334224,0.9869366613649599,30.020884070329334,0.05750995654561152
3375.0,1.75,1.0,0.020694762858505314,0.9869289531075972,30.020694762858504,0.05750968870070459
3400.0,1.75,1.0,0.02028000125727934,0.9870083396235428,30.02028000125728,0.05751471196952985
3425.0,1.75,1.0,0.020087373857993168,0.9869999109766376,30.020087373857994,0.05751440534051376
3450.0,1.75,1.0,0.019674943417578902,0.987072427046648,30.019674943417577,0.057519026106436194
3475.0,1.75,1.0,0.019481464622706116,0.9870532347657267,30.019481464622707,0.05751809308145958
3500.0,1.75,1.0,0.019068955621037085,0.9871107811185039,30.019068955621037,0.05752184166925619
3525.0,1.75,1.0,0.0188731832724023,0.9870776654752352,30.0188731832724,0.05752009948538776
3550.0,1.75,1.0,0.018452697194560233,0.9871189682968912,30.01845269719456,0.05752290920418332
3575.0,1.75,1.0,0.01824668006316733,0.9870754053379689,30.018246680063168,0.05752056801932193
3600.0,1.75,1.0,0.01780789544712032,0.987104977162366,30.01780789544712,0.057522711693751234
3625.0,1.75,1.0,0.01758185447121568,0.987057561130788,30.017581854471217,0.057520165134844814
3650.0,1.75,1.0,0.01712034357286687,0.9870825661558951,30.017120343572866,0.057522064480664575
3675.0,1.75,1.0,0.01687148048248141,0.9870373007288938,30.016871480482482,0.05751966508557877
3700.0,1.75,1.0,0.016395504177602892,0.9870642782073855,30.016395504177602,0.0575216932613304
3725.0,1.75,1.0,0.01613365302709377,0.9870246108214756,30.016133653027094,0.057519632513218545
3750.0,1.75,1.0,0.01566301281044111,0.9870569934917162,30.015663012810442,0.057521970600489844
3775.0,1.75,1.0,0.015407443350799148,0.9870239958573349,30.0154074433508,0.057520292502254926
3800.0,1.75,1.0,0.014963078099216574,0.9870616818893736,30.014963078099218,0.057522914514498154
3825.0,1.75,1.0,0.014731430536300511,0.9870358538024212,30.0147314305363,0.057521631301957525
3850.0,1.75,1.0,0.01432242007026965,0.9870774902726547,30.01432242007027,0.05752444970046498
3875.0,1.75,1.0,0.014119695898382332,0.9870605872954517,30.014119695898383,0.05752365890135647
3900.0,1.75,1.0,0.013738328591439551,0.9871065083031355,30.01373832859144,0.05752670054970144
3925.0,1.75,1.0,0.013554829665234903,0.9871012255096988,30.013554829665235,0.057526568532620524
3950.0,1.75,1.0,0.013183831177663566,0.9871536606328962,30.013183831177663,0.05752997992781697
3975.0,1.75,1.0,0.013003428203982308,0.9871607895809563,30.013003428203984,0.057530568295635305
4000.0,1.75,1.0,0.01262848751250563,0.9872205392638087,30.012628487512504,0.05753440981532937
4025.0,1.75,1.0,0.012439598272065972,0.9872360643088572,30.012439598272067,0.05753549565699479
4050.0,1.75,1.0,0.012056320896106937,0.9872990951435145,30.012056320896107,0.05753953646318433
4075.0,1.75,1.0,0.011856070642067092,0.987314578229087,30.011856070642068,0.05754063077868832
4100.0,1.75,1.0,0.011466372775585138,0.9873729830009713,30.011466372775587,0.05754440820752622
4125.0,1.75,1.0,0.011255649628427853,0.9873798849335663,30.011255649628428,0.057545012478570905
4150.0,1.75,1.0,0.010859115274779693,0.9874268474583302,30.01085911527478,0.057548129667690885
4175.0,1.75,1.0,0.010635868762657463,0.9874210699380148,30.01063586876266,0.057548006994699086
4200.0,1.75,1.0,0.010226158935253147,0.9874545388172667,30.010226158935254,0.05755035044297421
4225.0,1.75,1.0,0.009984869911720089,0.9874371577533364,30.00998486991172,0.05754956880442363
4250.0,1.75,1.0,0.009554171413507662,0.9874591518993096,30.00955417141351,0.057551263646555446
4275.0,1.75,1.0,0.009290741322139931,0.9874340149567328,30.00929074132214,0.05755005120465489
4300.0,1.75,1.0,0.008836166537225488,0.9874480386927476,30.008836166537225,0.05755130443155372
4325.0,1.75,1.0,0.008551993887009243,0.9874197304159992,30.00855199388701,0.057549927032950365
4350.0,1.75,1.0,0.00807820143000913,0.9874294642566612,30.00807820143001,0.05755094867749794
4375.0,1.75,1.0,0.0077805328904775395,0.9874026132375721,30.00778053289048,0.057549669139259595
4400.0,1.75,1.0,0.007298470317940995,0.9874118977303201,30.00729847031794,0.05755067254137194
4425.0,1.75,1.0,0.0069981412468403175,0.9873903061304323,30.00699814124684,0.057549702083546345
4450.0,1.75,1.0,0.0065215949031848155,0.987402928470798,30.006521594903184,0.057550894761970506
4475.0,1.75,1.0,0.006229454856430224,0.9873884754668188,30.00622945485643,0.05755033251934373
4500.0,1.75,1.0,0.00577010613895051,0.9874072715463127,30.00577010613895,0.05755186857285793
4525.0,1.75,1.0,0.005493214472703893,0.9874004113452726,30.005493214472704,0.057551734263032735
4550.0,1.75,1.0,0.005055457947527856,0.9874267851234354,30.005055457947527,0.05755369132116454
4575.0,1.75,1.0,0.004795033741809432,0.9874288712996833,30.00479503374181,0.05755406268346455
4600.0,1.75,1.0,0.004374594567420077,0.987463417081052,30.00437459456742,0.05755647949989272
4625.0,1.75,1.0,0.004128107288075151,0.9874777127756051,30.004128107288075,0.05755754917533258
4650.0,1.75,1.0,0.003718162721746189,0.9875205166638678,30.003718162721746,0.05756043732816489
4675.0,1.75,1.0,0.0034850075531879764,0.9875492174874326,30.003485007553188,0.057562333892470244
4700.0,1.75,1.0,0.0030853793733363246,0.9875987179496634,30.003085379373335,0.05756560254936725
4725.0,1.75,1.0,0.0028701157365962735,0.9876389680306025,30.002870115736595,0.05756815518233462
4750.0,1.75,1.0,0.0024887203987448165,0.9876912451601124,30.002488720398745,0.05757156827128061
4775.0,1.75,1.0,0.0022967072403620938,0.9877355587612543,30.00229670724036,0.057574335503781944
4800.0,1.75,1.0,0.001940573217719901,0.9877858228566072,30.00194057321772,0.057577607089304594
4825.0,1.75,1.0,0.001770545784238247,0.9878267435416829,30.00177054578424,0.05758015549806333
4850.0,1.75,1.0,0.0014368139887077453,0.9878712388572035,30.001436813988708,0.057583069388392465
4875.0,1.75,1.0,0.001279739445514274,0.9879048950210009,30.001279739445515,0.057585181953796485
4900.0,1.75,1.0,0.0009566255032405807,0.9879409172507593,30.00095662550324,0.0575875918072367
4925.0,1.75,1.0,0.0008025013969652986,0.9879663696052534,30.000802501396965,0.057589223365199886
4950.0,1.75,1.0,0.0004788284352282697,0.9879911251165816,30.000478828435227,0.05759097705048113
4975.0,1.75,1.0,0.0003239980504142367,0.9880076033424748,30.000323998050415,0.05759208619708697
5000.0,1.75,1.0,0.0,0.9880182737603841,30.0,0.05759301918578838
0.0,1.75,1.5,0.20539955733716223,1.4897998589483679,30.205399557337163,0.08654682348364666
25.0,1.75,1.5,0.20539955733716223,1.4890767904191966,30.205399557337163,0.08650481832168824
50.0,1.75,1.5,0.2032240069391847,1.4895271783952784,30.203224006939184,0.08653409904884983
75.0,1.75,1.5,0.2032038330799531,1.4888201251758608,30.203203833079954,0.08649305166967543
100.0,1.75,1.5,0.2010525795581654,1.489261881495294,30.201052579558166,0.0865217968726505
125.0,1.75,1.5,0.20100580328461282,1.488571240395197,30.201005803284612,0.08648173960015033
150.0,1.75,1.5,0.19887180593974793,1.4890044512983556,30.19887180593975,0.08650996435975819
175.0,1.75,1.5,0.1987915917001569,1.4883296959336414,30.198791591700157,0.08647087645629993
200.0,1.75,1.5,0.19667828100478646,1.4887484014485186,30.196678281004786,0.08649822956814247
225.0,1.75,1.5,0.19656233806130052,1.4880885680463658,30.1965623380613,0.08646005837020485
250.0,1.75,1.5,0.1944749129833845,1.4884899480198859,30.194474912983384,0.08648636847885982
275.0,1.75,1.5,0.19432471970562543,1.487846642969538,30.194324719705627,0.08644920525817637
300.0,1.75,1.5,0.19226020425358717,1.4882377058430727,30.192260204253586,0.08647488378802992
325.0,1.75,1.5,0.19207574583974818,1.4876176165172952,30.192075745839748,0.08643911719971918
350.0,1.75,1.5,0.19001988577215298,1.4880143758058177,30.190019885772152,0.08646511506222644
375.0,1.75,1.5,0.18979777709687606,1.4874274019387237,30.189797777096874,0.0864313252913404
400.0,1.75,1.5,0.18773352829876877,1.487845910110647,30.187733528298768,0.08645859981883638
425.0,1.75,1.5,0.18747186996007906,1.4872984927162005,30.187471869960078,0.08642716400375959
450.0,1.75,1.5,0.18539500603532863,1.4877422893615078,30.18539500603533,0.08645592718715782
475.0,1.75,1.5,0.18509688377626277,1.4872319045678777,30.185096883776264,0.08642669441344768
500.0,1.75,1.5,0.18302199655355547,1.487686632428381,30.183021996553556,0.08645609125983164
525.0,1.75,1.5,0.18269157039821257,1.4872026723880714,30.182691570398212,0.08642843927340897
550.0,1.75,1.5,0.18063849603506538,1.4876449359198556,30.180638496035066,0.08645708183990175
575.0,1.75,1.5,0.18027507765535472,1.4871747631540193,30.180275077655356,0.08643027730313359
600.0,1.75,1.5,0.17824976969932815,1.4875880225596376,30.178249769699327,0.0864571957298816
625.0,1.75,1.5,0.17784842198233938,1.487123099577509,30.17784842198234,0.08643074958345624
650.0,1.75,1.5,0.17584019156001954,1.4875060790318668,30.17584019156002,0.08645588484820253
675.0,1.75,1.5,0.17540021932726202,1.4870437924534956,30.175400219327262,0.08642964620747369
700.0,1.75,1.5,0.17339794614104692,1.4874054922033446,30.173397946141048,0.08645353718179351
725.0,1.75,1.5,0.1729331595981329,1.4869454662713835,30.172933159598134,0.0864274644247926
750.0,1.75,1.5,0.17094432048480585,1.487292988663873,30.170944320484807,0.08645051309959409
775.0,1.75,1.5,0.170485233706832,1.486831737086355,30.17048523370683,0.08642435988010279
800.0,1.75,1.5,0.16853982321812008,1.487162241492747,30.16853982321812,0.0864463580529703
825.0,1.75,1.5,0.16812059445228986,1.4866930291238867,30.16812059445229,0.08641968394553803
850.0,1.75,1.5,0.16625379672224921,1.4869970542732214,30.16625379672225,0.0864400310510398
875.0,1.75,1.5,0.1658906329609851,1.486515919524882,30.165890632960984,0.08641258255038954
900.0,1.75,1.5,0.16411731778262942,1.4867877384987216,30.16411731778263,0.08643092412288272
925.0,1.75,1.5,0.1637971858875265,1.4862981049187485,30.16379718588753,0.08640291891957759
950.0,1.75,1.5,0.16210039872619952,1.4865417096156481,30.1621003987262,0.08641951107174305
975.0,1.75,1.5,0.16179040200128933,1.4860519098651541,30.16179040200129,0.08639148071162756
1000.0,1.75,1.5,0.16013268247492277,1.4862775948829108,30.160132682474924,0.0864069754235393
1025.0,1.75,1.5,0.15979991866810436,1.4857951917737575,30.159799918668103,0.08637940671924965
1050.0,1.75,1.5,0.15814460020237567,1.4860128662950691,30.158144600202377,0.08639443253224519
1075.0,1.75,1.5,0.15776830585188842,1.4855432890977813,30.15776830585189,0.0863676708807376
1100.0,1.75,1.5,0.1560923154997309,1.485760389664959,30.15609231549973,0.08638269319520488
1125.0,1.75,1.5,0.1556624177384606,1.485310379517523,30.155662417738462,0.08635714497350497
1150.0,1.75,1.5,0.15395658649214725,1.4855336388629141,30.153956586492146,0.08637256842799064
1175.0,1.75,1.5,0.15346790778940567,1.4851127341254176,30.153467907789405,0.08634879568685423
1200.0,1.75,1.5,0.15173337763512254,1.4853477401391622,30.15173337763512,0.08636494366201988
1225.0,1.75,1.5,0.15118511817057953,1.4849634943181143,30.15118511817058,0.08634338685364684
1250.0,1.75,1.5,0.14943068498777792,1.4852110376897876,30.149430684987777,0.08636029289096225
1275.0,1.75,1.5,0.14883094436746747,1.4848614668382247,30.148830944367468,0.08634082522076779
1300.0,1.75,1.5,0.1470701973312887,1.485114784943749,30.14707019733129,0.08635807678041267
1325.0,1.75,1.5,0.1464380823529185,1.484785414429985,30.14643808235292,0.08633982936291991
1350.0,1.75,1.5,0.14468554348319407,1.485031570178173,30.144685543483195,0.08635665342000856
1375.0,1.75,1.5,0.14404519941869787,1.484701126189352,30.1440451994187,0.08633835466177268
1400.0,1.75,1.5,0.14231198018226757,1.4849268076027333,30.142311980182267,0.08635396111088016
1425.0,1.75,1.5,0.14168179671869402,1.4845781688861073,30.141681796718693,0.08633458898656914
1450.0,1.75,1.5,0.1399744486856627,1.484775947805193,30.139974448685663,0.08634853628075044
1475.0,1.75,1.5,0.13936184491828668,1.4844038891666589,30.139361844918287,0.08632777618512442
1500.0,1.75,1.5,0.13768767853879121,1.4845736596370092,30.137687678538793,0.08634004746666771
1525.0,1.75,1.5,0.1370948481897852,1.4841839860656538,30.137094848189786,0.08631823375086493
1550.0,1.75,1.5,0.13546713632510649,1.4843303207870315,30.135467136325108,0.08632907574897844
1575.0,1.75,1.5,0.13489733452677044,1.4839347731317394,30.13489733452677,0.08630688653399504
1600.0,1.75,1.5,0.13332867313352212,1.4840660136926824,30.133328673133523,0.08631676621826118
1625.0,1.75,1.5,0.13278022848079477,1.4836802050613473,30.132780228480794,0.08629511199676063
1650.0,1.75,1.5,0.13126651305046097,1.4838099117570622,30.131266513050463,0.0863048238933749
1675.0,1.75,1.5,0.13072225922445316,1.4834521526650217,30.13072225922445,0.08628479434625332
1700.0,1.75,1.5,0.1292357994694973,1.4835966173231345,30.129235799469477,0.086295325773346
1725.0,1.75,1.5,0.12866586061480265,1.483281334119652,30.128665860614642,0.08627780295567353
1750.0,1.75,1.5,0.12716818937504976,1.4834509680229004,30.12716818937398,0.08628981475006044
1775.0,1.75,1.5,0.12654742554419085,1.4831790296556482,30.126547425537442,0.08627488540099792
1800.0,1.75,1.5,0.12501211968594225,1.4833698668954827,30.12501211964587,0.08628818492502874
1825.0,1.75,1.5,0.12433621295431141,1.4831247897641509,30.124336212730817,0.08627489656474278
1850.0,1.75,1.5,0.12276390929199008,1.4833175721853264,30.122763908120962,0.086288362806374
1875.0,1.75,1.5,0.12204915006204178,1.4830730443993687,30.122049144298042,0.0862751615921564
1900.0,1.75,1.5,0.12046297372276302,1.483242649111138,30.120462947070298,0.08628729997918784
1925.0,1.75,1.5,0.1197308977033102,1.4829770706093015,30.11973078193028,0.08627289857370427
1950.0,1.75,1.5,0.1181568695816502,1.4831070431759024,30.118156397155413,0.08628271485587528
1975.0,1.75,1.5,0.11742029759192832,1.482813658596349,30.117418486597057,0.08626670341801436
2000.0,1.75,1.5,0.11587235089341022,1.4829042120064753,30.11586582925036,0.08627419550369055
2025.0,1.75,1.5,0.11513521513586933,1.4825901450518115,30.11511315270181,0.08625700124044554
2050.0,1.75,1.5,0.11361609787697795,1.4826552078998223,30.11354598360654,0.08626303115547665
2075.0,1.75,1.5,0.11287983802795422,1.4823375626297242,30.11267051548169,0.086245803781102
2100.0,1.75,1.5,0.1113854630590639,1.4824063343852785,30.110798403460237,0.08625248629044194
2125.0,1.75,1.5,0.1106460592741421,1.482130947082378,30.109099363237007,0.08623889623081187
2150.0,1.75,1.5,0.1091557940480543,1.4822948081330865,30.105327684591234,0.08625383316009999
2175.0,1.75,1.5,0.10838296859656125,1.4822344545910586,30.09948234744229,0.0862586957491574
2200.0,1.75,1.5,0.10682904958568833,1.4828190680366915,30.087388305643763,0.08631005888598253
2225.0,1.75,1.5,0.10592279642899369,1.4835404321061905,30.066032979882674,0.08638270879100032
2250.0,1.75,1.5,0.10414024732068639,1.485459105138192,30.027250613479723,0.08655026702308236
2275.0,1.75,1.5,0.10287753579189052,1.488296402394645,29.963648395534992,0.08680756658731706
2300.0,1.75,1.5,0.10057733930551817,1.4932871306640447,29.863740593641445,0.08724423047430233
2325.0,1.75,1.5,0.09863781972087425,1.5001931742731545,29.720173777768572,0.08785915240213794
2350.0,1.75,1.5,0.09553288008702242,1.5099976384455558,29.52739106220991,0.08872157164158614
2375.0,1.75,1.5,0.09275384260669259,1.5218441039723145,29.29154545950637,0.08977688225277282
2400.0,1.75,1.5,0.08894318675027243,1.5356831654498624,29.02751453225316,0.09100435882723808
2425.0,1.75,1.5,0.08578055833370371,1.5493840978977904,28.76481125485294,0.0922345909898678
2450.0,1.75,1.5,0.08214535181331446,1.5616905698948318,28.53777577229027,0.09333626620856174
2475.0,1.75,1.5,0.0798058572434882,1.5698387143538877,28.383647696909886,0.09407764289331656
2500.0,1.75,1.5,0.07765114022048795,1.5729152404250368,28.32765114022049,0.09435513363986477
2525.0,1.75,1.5,0.07716678891169966,1.569636131681984,28.381008628578098,0.09406987581253896
2550.0,1.75,1.5,0.07691785991793637,1.561283986430487,28.532548280394895,0.09332051379424573
2575.0,1.75,1.5,0.07796565461927046,1.5488070187059348,28.756996351138508,0.09221276471735769
2600.0,1.75,1.5,0.0786673773937111,1.5349286427900632,29.0172387228966,0.09097575016684108
2625.0,1.75,1.5,0.08000089658457685,1.5209690314111954,29.27879251348425,0.08974479848700806
2650.0,1.75,1.5,0.08045969631824855,1.5089820253620372,29.512317878441134,0.0886845369706912
2675.0,1.75,1.5,0.08120229552825621,1.499104428940513,29.702738253575955,0.08782115397704014
2700.0,1.75,1.5,0.0809384231507265,1.4920838785369728,29.844101677486655,0.08720260902412644
2725.0,1.75,1.5,0.08097296681099037,1.4870477920045084,29.94174382655409,0.08676645973162325
2750.0,1.75,1.5,0.08012125789946069,1.484097850584953,30.003231624058497,0.08650555862946656
2775.0,1.75,1.5,0.07971310864061547,1.4821349203828529,30.039823292094294,0.08633850995383087
2800.0,1.75,1.5,0.07857175234021557,1.4812771717311048,30.059131008398293,0.08626082661826262
2825.0,1.75,1.5,0.0779845503633725,1.4806285197025413,30.0690839292091,0.08620878178454189
2850.0,1.75,1.5,0.07675706585133804,1.4805138232486539,30.07292895639452,0.08619659270966316
2875.0,1.75,1.5,0.07612331742859985,1.4802622732321284,30.074576621391465,0.08617958647122319
2900.0,1.75,1.5,0.07488980354790795,1.4803280604525404,30.07430274394908,0.0861838089682367
2925.0,1.75,1.5,0.07424184149619885,1.4801640114615422,30.074032518949934,0.08617464528573862
2950.0,1.75,1.5,0.07301513873698345,1.4802593739049519,30.072945024466545,0.0861817554600106
2975.0,1.75,1.5,0.07234746059631263,1.4801196750241135,30.072325398162253,0.0861745098707965
3000.0,1.75,1.5,0.07112322349178397,1.4802275991275575,30.071116701848734,0.08618252533730655
3025.0,1.75,1.5,0.0704346448403083,1.4801108538387815,30.070432833845437,0.08617670804433125
3050.0,1.75,1.5,0.06921567882772094,1.4802370879310947,30.069215206401484,0.08618580274772998
3075.0,1.75,1.5,0.06852219312024657,1.4801457238686913,30.068522077347215,0.08618147643247717
3100.0,1.75,1.5,0.06732045687038814,1.4802906315157391,30.067320430217922,0.08619163596171005
3125.0,1.75,1.5,0.06664533516162462,1.4802218795817155,30.066645329397623,0.08618860040146194
3150.0,1.75,1.5,0.06547284107174892,1.480379855592594,30.06547283990072,0.08619947958990078
3175.0,1.75,1.5,0.06483160949391477,1.4803277820055387,30.06483160927042,0.0861973666571816
3200.0,1.75,1.5,0.06369366490595267,1.4804909561727495,30.06369366486588,0.08620849955295647
3225.0,1.75,1.5,0.06308775594628004,1.480447622061884,30.06308775593953,0.08620684494026112
3250.0,1.75,1.5,0.06198176752858933,1.480608248204433,30.06198176752752,0.08621778418576023
3275.0,1.75,1.5,0.06139976234546971,1.4805653247140775,30.06139976234531,0.08621611927747723
3300.0,1.75,1.5,0.06031460943595684,1.4807185887613596,30.060314609435935,0.08622660044578011
3325.0,1.75,1.5,0.05973476224052118,1.4806716980554089,30.059734762240517,0.08622470147991339
3350.0,1.75,1.5,0.05865047077203309,1.4808180441641947,30.058650470772033,0.08623477903774955
3375.0,1.75,1.5,0.05804549975085031,1.4807696016890062,30.05804549975085,0.08623282579231831
3400.0,1.75,1.5,0.056939221517911,1.4809125546666688,30.05693922151791,0.08624273776397558
3425.0,1.75,1.5,0.05628791465030276,1.480867492428805,30.0562879146503,0.08624104789800296
3450.0,1.75,1.5,0.0551475392460834,1.4810068495547166,30.055147539246082,0.08625079986744631
3475.0,1.75,1.5,0.05444883026626366,1.4809641289844073,30.054448830266264,0.08624931445817037
3500.0,1.75,1.5,0.0532831740908853,1.4810918737779406,30.053283174090886,0.0862584269139842
3525.0,1.75,1.5,0.05255812377519181,1.481042824132097,30.052558123775192,0.08625661077262568
3550.0,1.75,1.5,0.05139052935194227,1.4811490563645744,30.05139052935194,0.08626447356546607
3575.0,1.75,1.5,0.050666195406385964,1.4810871198071704,30.050666195406386,0.08626190588118918
3600.0,1.75,1.5,0.04951591255940199,1.4811717224183458,30.049515912559404,0.08626848444429423
3625.0,1.75,1.5,0.04880670708730845,1.4811026658772448,30.04880670708731,0.08626548034784125
3650.0,1.75,1.5,0.047678122365980104,1.4811793598649223,30.04767812236598,0.08627156744522249
3675.0,1.75,1.5,0.04698286324771523,1.4811192028072717,30.046982863247717,0.08626906166163816
3700.0,1.75,1.5,0.04587125065332018,1.4812069534645393,30.04587125065332,0.0862757687100464
3725.0,1.75,1.5,0.04518397007622638,1.4811699610090787,30.045183970076227,0.0862746007573098
3750.0,1.75,1.5,0.04408662662959793,1.4812805233039055,30.044086626629596,0.08628261641500319
3775.0,1.75,1.5,0.04340649673539901,1.4812698133189413,30.0434064967354,0.0862829692034207
3800.0,1.75,1.5,0.042326815617021514,1.4814019246424888,30.04232681561702,0.08629221517077068
3825.0,1.75,1.5,0.04165897408929185,1.4814098794173098,30.04165897408929,0.08629363769935287
3850.0,1.75,1.5,0.04060175418934874,1.4815528567667722,30.04060175418935,0.08630348487653888
3875.0,1.75,1.5,0.03995152377456666,1.4815681688292157,30.039951523774565,0.08630531088206687
3900.0,1.75,1.5,0.038916127016210667,1.4817099819939967,30.03891612701621,0.08631505941584373
3925.0,1.75,1.5,0.03828268280832048,1.481724223091819,30.03828268280832,0.08631679911768732
3950.0,1.75,1.5,0.03726025825153875,1.4818573837155786,30.03726025825154,0.08632602546439955
3975.0,1.75,1.5,0.03663334030703067,1.4818673288379622,30.03663334030703,0.08632750571051387
4000.0,1.75,1.5,0.035608504717873184,1.4819899061370516,30.035608504717874,0.08633611944678157
4025.0,1.75,1.5,0.03496928161485846,1.481996229221547,30.03496928161486,0.08633740653882843
4050.0,1.75,1.5,0.03392436077189845,1.4821093148904116,30.0339243607719,0.08634549662714149
4075.0,1.75,1.5,0.03325249697710867,1.4821127979837836,30.03325249697711,0.08634666534691653
4100.0,1.75,1.5,0.03217485437132785,1.4822163721021973,30.032174854371327,0.08635424876965363
4125.0,1.75,1.5,0.03145990015414857,1.4822140438713716,30.03145990015415,0.08635514102965905
4150.0,1.75,1.5,0.03034893512365598,1.4823047680690178,30.030348935123655,0.08636202413020302
4175.0,1.75,1.5,0.029595815100397226,1.4822909177877615,30.029595815100397,0.08636230011616286
4200.0,1.75,1.5,0.02846233477326361,1.4823650799244585,30.028462334773263,0.08636825102316745
4225.0,1.75,1.5,0.02768558780806791,1.482337321483236,30.02768558780807,0.08636775075594434
4250.0,1.75,1.5,0.02654417679205538,1.4823957383792332,30.026544176792054,0.08637279600642593
4275.0,1.75,1.5,0.025758353378393554,1.4823593089848928,30.025758353378393,0.0863718036467849
4300.0,1.75,1.5,0.024619849904673332,1.4824084957971184,30.024619849904674,0.08637630719225789
4325.0,1.75,1.5,0.023834231780242,1.4823743249212222,30.023834231780242,0.0863754461877405
4350.0,1.75,1.5,0.02270250047543197,1.4824235760625526,30.022702500475432,0.08637994400519416
4375.0,1.75,1.5,0.021920863440287423,1.4824028323767209,30.021920863440286,0.0863798597342569
4400.0,1.75,1.5,0.020794710813577807,1.4824606251981234,30.02079471081358,0.0863848475382877
4425.0,1.75,1.5,0.02001794714891058,1.4824601364996781,30.02001794714891,0.08638593665139477
4450.0,1.75,1.5,0.018897598217667077,1.4825315808215969,30.018897598217666,0.08639171194292936
4475.0,1.75,1.5,0.018128106243327714,1.4825517802662098,30.018128106243328,0.08639399632823352
4500.0,1.75,1.5,0.017021298936832106,1.482637347354261,30.017021298936832,0.08640057551698065
4525.0,1.75,1.5,0.016266167052693865,1.4826733407669022,30.016266167052695,0.08640375985772032
4550.0,1.75,1.5,0.01518616134442845,1.4827697823188641,30.015186161344428,0.0864109346284512
4575.0,1.75,1.5,0.014454248841677213,1.4828159088308261,30.014454248841677,0.08641467633562094
4600.0,1.75,1.5,0.013408702265446222,1.4829195815819856,30.013408702265448,0.0864222233776388
4625.0,1.75,1.5,0.012702408521395382,1.482974885427773,30.012702408521395,0.08642646332485224
4650.0,1.75,1.5,0.011683736950088834,1.4830848145012567,30.01168373695009,0.08643433675531616
4675.0,1.75,1.5,0.010995189412778966,1.4831533871674971,30.010995189412778,0.08643932475666197
4700.0,1.75,1.5,0.009985477951475832,1.4832699878277031,30.009985477951474,0.08644757459753678
4725.0,1.75,1.5,0.009304048988654477,1.483353898438226,30.009304048988653,0.08645344659856223
4750.0,1.75,1.5,0.008291648232910195,1.4834739964168908,30.00829164823291,0.08646190466033413
4775.0,1.75,1.5,0.00761418146536725,1.4835663316623193,30.007614181465367,0.0864682623307918
4800.0,1.75,1.5,0.006602594361552356,1.4836812028618631,30.006602594361553,0.08647641510626265
4825.0,1.75,1.5,0.005932736782493795,1.48376840676426,30.005932736782494,0.08648246309751008
4850.0,1.75,1.5,0.004931443180519361,1.4838686141843034,30.00493144318052,0.08648974684313773
4875.0,1.75,1.5,0.004270079484884571,1.4839402630913412,30.004270079484886,0.08649487627676429
4900.0,1.75,1.5,0.0032808963502514,1.4840217116252292,30.00328089635025,0.08650104959062069
4925.0,1.75,1.5,0.0026227385115691016,1.484076571679073,30.00262273851157,0.08650519609058727
4950.0,1.75,1.5,0.0016392365064979732,1.4841405876564642,30.0016392365065,0.08651034545101198
4975.0,1.75,1.5,0.0009802411076660835,1.4841832618824686,30.000980241107666,0.08651378308200805
5000.0,1.75,1.5,0.0,1.4842317571306223,30.0,0.08651802333497267
0.0,1.75,2.0,0.38030784938199846,1.974963528923573,30.380307849382,0.11440064977770419
25.0,1.75,2.0,0.38030784938199846,1.9738461349249914,30.380307849382,0.11433592422828348
50.0,1.75,2.0,0.37643526892924833,1.97479620778933,30.37643526892925,0.11439824903550973
75.0,1.75,2.0,0.3763615940725473,1.973723590994001,30.37636159407255,0.11433625192072955
100.0,1.75,2.0,0.37252757123171776,1.974664363173896,30.372527571231718,0.11439796984178183
125.0,1.75,2.0,0.37240302948158277,1.9736344266613148,30.372403029481582,0.1143385370871001
150.0,1.75,2.0,0.368609399499791,1.974572779639878,30.368609399499793,0.11440004340364146
175.0,1.75,2.0,0.3684676837722254,1.9735718758824286,30.368467683772224,0.11434232122857262
200.0,1.75,2.0,0.36473135419079994,1.974499132970857,30.3647313541908,0.11440308138643658
225.0,1.75,2.0,0.36459022406976244,1.9735141163057788,30.36459022406976,0.1143462749520856
250.0,1.75,2.0,0.360926935401863,1.9744143245157444,30.360926935401864,0.11440533474609087
275.0,1.75,2.0,0.3607720476577379,1.9734427022222316,30.360772047657736,0.11434932680703087
300.0,1.75,2.0,0.3571800817735604,1.9743047470363715,30.35718008177356,0.11440604506052646
325.0,1.75,2.0,0.356975876627646,1.9733534826363488,30.356975876627647,0.11435130626366004
350.0,1.75,2.0,0.35343502082869616,1.9741772163702118,30.353435020828694,0.11440571211327032
375.0,1.75,2.0,0.3531530975697126,1.9732532079219165,30.353153097569713,0.1143526958771327
400.0,1.75,2.0,0.3496387614929645,1.9740467730932163,30.349638761492965,0.11440530725900994
425.0,1.75,2.0,0.3492760102052185,1.973150992897691,30.34927601020522,0.11435407598338024
450.0,1.75,2.0,0.3457746023807537,1.973924240751987,30.345774602380754,0.11440548929930303
475.0,1.75,2.0,0.34534712123866856,1.9730548674794497,30.345347121238667,0.11435590728512282
500.0,1.75,2.0,0.3418591228902058,1.973815530113934,30.341859122890206,0.11440656971518649
525.0,1.75,2.0,0.3413821063009095,1.9729747696580788,30.34138210630091,0.11435873638436257
550.0,1.75,2.0,0.3379114606936941,1.97372973221961,30.337911460693693,0.11440903958713607
575.0,1.75,2.0,0.3373840627174248,1.9729267157778367,30.337384062717426,0.11436348606727988
600.0,1.75,2.0,0.3339276843055199,1.9736834554183533,30.33392768430552,0.11441386939790496
625.0,1.75,2.0,0.33333599076045456,1.9729291131806281,30.333335990760453,0.114371255860819
650.0,1.75,2.0,0.3298872350565262,1.9736917153035132,30.329887235056525,0.11442196892158044
675.0,1.75,2.0,0.3292223801159709,1.972988513008287,30.329222380115972,0.11438245545255195
700.0,1.75,2.0,0.32578196243053087,1.9737524538067417,30.32578196243053,0.11443323491201936
725.0,1.75,2.0,0.3250541912558502,1.9730889401184113,30.325054191255852,0.11439613871860976
750.0,1.75,2.0,0.3216314329918663,1.9738434561319464,30.321631432991865,0.11444634310035545
775.0,1.75,2.0,0.32086276225269544,1.9732017857955246,30.320862762252695,0.11441058830784773
800.0,1.75,2.0,0.31746714272131926,1.9739382555572507,30.31746714272132,0.11445969977187098
825.0,1.75,2.0,0.3166708364418504,1.973308517464873,30.31667083644185,0.1144246868506886
850.0,1.75,2.0,0.31330833175935463,1.9740247888422013,30.313308331759355,0.11447256912344646
875.0,1.75,2.0,0.3124819700631968,1.9734098525145773,30.312481970063196,0.11443846916375111
900.0,1.75,2.0,0.3091604408927979,1.9741065925681638,30.309160440892796,0.1144851458722536
925.0,1.75,2.0,0.30830019071337317,1.9735125405393046,30.308300190713375,0.11445231901136309
950.0,1.75,2.0,0.30503540047885513,1.9741861870927844,30.305035400478854,0.11449755358409607
975.0,1.75,2.0,0.3041527529948805,1.9736093330607822,30.30415275299488,0.1144657645279029
1000.0,1.75,2.0,0.30096713877378195,1.9742479476621244,30.300967138773782,0.11450882183802458
1025.0,1.75,2.0,0.30008926359370025,1.9736711151559418,30.3000892635937,0.11447702315727734
1050.0,1.75,2.0,0.2969990397726668,1.9742588948490984,30.29699903977267,0.11451695538559815
1075.0,1.75,2.0,0.29614961256561123,1.9736614147050386,30.29614961256561,0.11448390341462354
1100.0,1.75,2.0,0.29314599967474864,1.9741911723757963,30.29314599967475,0.11452030946928694
1125.0,1.75,2.0,0.2923231090882726,1.9735644617064219,30.292323109088272,0.11448550975053008
1150.0,1.75,2.0,0.28936869007774646,1.9740457201901562,30.289368690077747,0.11451901199224171
1175.0,1.75,2.0,0.288543251368279,1.9733996362653783,30.288543251368278,0.11448309109545082
1200.0,1.75,2.0,0.2855949693830741,1.9738522231102698,30.285594969383073,0.11451492064297496
1225.0,1.75,2.0,0.28473251505795955,1.9732072108890546,30.28473251505796,0.11447912968764624
1250.0,1.75,2.0,0.2817703137084738,1.9736481470253628,30.281770313708474,0.11451031174410765
1275.0,1.75,2.0,0.2808535180181504,1.9730234707717882,30.28085351801815,0.11447580118552958
1300.0,1.75,2.0,0.2778855900612499,1.9734620600858734,30.27788559006125,0.11450686009335528
1325.0,1.75,2.0,0.27691623925870745,1.97287191780952,30.276916239258707,0.11447445053995868
1350.0,1.75,2.0,0.2739604856190782,1.973314875559405,30.273960485619078,0.11450574223016997
1375.0,1.75,2.0,0.2729449214407548,1.9727713621132792,30.272944921440754,0.11447612383295495
1400.0,1.75,2.0,0.27000909036356463,1.9732279670320931,30.270009090363565,0.11450817229917079
1425.0,1.75,2.0,0.26894781751630426,1.972740939269145,30.268947817516306,0.11448191654287851
1450.0,1.75,2.0,0.26602558297788015,1.973220653962885,30.266025582977882,0.11451528321999795
1475.0,1.75,2.0,0.26491757003254335,1.972790736116388,30.264917570032544,0.11449242881702341
1500.0,1.75,2.0,0.26200136945437535,1.9732941333679574,30.262001369454374,0.11452716167548674
1525.0,1.75,2.0,0.2608539813358686,1.9729063936042115,30.26085398133587,0.11450682860762607
1550.0,1.75,2.0,0.257950576845092,1.9734178108324307,30.257950576845094,0.11454200614188713
1575.0,1.75,2.0,0.2567806150774224,1.9730453990883488,30.25678061507742,0.11452260455333728
1600.0,1.75,2.0,0.2539109138557232,1.973537320380613,30.253910913855723,0.11455659010552659
1625.0,1.75,2.0,0.2527348158642297,1.9731543325105936,30.25273481586423,0.11453658535024389
1650.0,1.75,2.0,0.2499180965643491,1.9736018036105951,30.24991809656435,0.1145678935271099
1675.0,1.75,2.0,0.24874347543032774,1.9731945451844206,30.248743475430324,0.11454647608500111
1700.0,1.75,2.0,0.2459853854445384,1.9735864271052361,30.245985385444516,0.11457444891981143
1725.0,1.75,2.0,0.24481222419048754,1.9731551982399251,30.244812224190326,0.11455163598735932
1750.0,1.75,2.0,0.2421059237563126,1.9734952923661746,30.242105923755243,0.11457650642839923
1775.0,1.75,2.0,0.24093094766956255,1.9730498307651714,30.24093094766281,0.11455286931719608
1800.0,1.75,2.0,0.23826178627323033,1.9733530020080428,30.23826178623316,0.11457552758329795
1825.0,1.75,2.0,0.23707757333169058,1.9729081419365888,30.237077573108195,0.11455194151543503
1850.0,1.75,2.0,0.23442330042065562,1.9731966608791396,30.234423299249627,0.11457372251181869
1875.0,1.75,2.0,0.23321530045558406,1.972768894982209,30.233215294691583,0.11455117271886431
1900.0,1.75,2.0,0.23054746560862202,1.9730669952464064,30.230547438956158,0.11457353750688462
1925.0,1.75,2.0,0.2292967551429984,1.9726693862528486,30.229296639369966,0.11455281870514615
1950.0,1.75,2.0,0.22659075815549165,1.9729933677788447,30.226590285729255,0.11457676129799951
1975.0,1.75,2.0,0.2252839745438582,1.9726290035842085,30.22528216354899,0.1145580806423896
2000.0,1.75,2.0,0.22253396371683865,1.9729773507185104,30.222527442073787,0.11458353215762798
2025.0,1.75,2.0,0.2211740642431497,1.972635791459043,30.22115200180909,0.11456630261694364
2050.0,1.75,2.0,0.21839932435077355,1.9729899985623753,30.218329210080334,0.11459222601830661
2075.0,1.75,2.0,0.21700446865422823,1.9726573728038312,30.216795146107962,0.11457581526658604
2100.0,1.75,2.0,0.21423479294249168,1.9730086993314395,30.213647733343663,0.11460218969842974
2125.0,1.75,2.0,0.21281759647053447,1.9727136406767893,30.211270900433398,0.11458955854672455
2150.0,1.75,2.0,0.21005708486268257,1.9731503661223895,30.206228975405864,0.11462449191289409
2175.0,1.75,2.0,0.2085851069753084,1.973107678583576,30.199684485821038,0.11463443113902723
2200.0,1.75,2.0,0.20575471970109782,1.9740543704423035,30.186313975759173,0.1147148294832258
2225.0,1.75,2.0,0.20407933450533253,1.9750211887784563,30.164189517959013,0.1148130952342558
2250.0,1.75,2.0,0.200926035385195,1.9777063881844308,30.12403640154423,0.11504579003470887
2275.0,1.75,2.0,0.19868304081584276,1.981476291535605,30.059453900558946,0.11538884692117302
2300.0,1.75,2.0,0.19471343693918702,1.9882440492480473,29.957876691275114,0.11597908367971997
2325.0,1.75,2.0,0.1913444884507618,1.997448676385776,29.81288044649846,0.11679900852000986
2350.0,1.75,2.0,0.18602236627139623,2.0106625153546136,29.617880548394282,0.11795807843203435
2375.0,1.75,2.0,0.18120570229942942,2.026504095234766,29.379997319199106,0.11936777702446388
2400.0,1.75,2.0,0.1746330551479577,2.0451703474963834,29.113204400650847,0.12101800211763908
2425.0,1.75,2.0,0.1691127843038495,2.0635658013809626,28.848143480823087,0.12266619201720869
2450.0,1.75,2.0,0.16277540046540534,2.0802736922720415,28.618405820942364,0.12415472556397046
2475.0,1.75,2.0,0.1586443506010614,2.0913259014324077,28.46248619026746,0.12515574685020914
2500.0,1.75,2.0,0.15483852277816898,2.095753979027838,28.404838522778167,0.12554795218992038
2525.0,1.75,2.0,0.15393736490391788,2.0915530010641814,28.457779204570315,0.1251796888934881
2550.0,1.75,2.0,0.1534684669019984,2.0806839956737497,28.609098887378956,0.12419941021928038
2575.0,1.75,2.0,0.15526701657879874,2.064145137091966,28.834297713098035,0.12273008583567045
2600.0,1.75,2.0,0.15649990537982764,2.0458148670613503,29.095071250882718,0.12109385751055912
2625.0,1.75,2.0,0.15880996036371794,2.027225466867263,29.357601577263395,0.11945580617309406
2650.0,1.75,2.0,0.15964467570873425,2.0113381548671896,29.59150285783162,0.11805029520307651
2675.0,1.75,2.0,0.16090158405585422,1.9981429577293202,29.78243754210355,0.11689930608597043
2700.0,1.75,2.0,0.1604643108283116,1.988829302237109,29.92362756516424,0.11607959545680652
2725.0,1.75,2.0,0.16043524880139434,1.9820710568916953,30.021206108544497,0.11549698519906006
2750.0,1.75,2.0,0.1589285027974446,1.978173268113736,30.08203886895648,0.11515324770824685
2775.0,1.75,2.0,0.1580632995083368,1.9755254754884204,30.118173482962018,0.11493010819943157
2800.0,1.75,2.0,0.1559896716042467,1.9744416467589694,30.13654892766232,0.11483202948518721
2825.0,1.75,2.0,0.15475195792326976,1.9735853477847212,30.145851336769,0.11476451666521094
2850.0,1.75,2.0,0.15247002405564483,1.9735404209200698,30.148641914598826,0.11475659281498495
2875.0,1.75,2.0,0.1511158495534429,1.9732630286489852,30.149569153516307,0.11473869871270082
2900.0,1.75,2.0,0.1487925980563287,1.97350779416038,30.1482055384575,0.11475552614566586
2925.0,1.75,2.0,0.14742473446544482,1.9733835772533324,30.14721541191918,0.11475018750799865
2950.0,1.75,2.0,0.1451255450112535,1.9736943587508429,30.145055430740815,0.11477237079313962
2975.0,1.75,2.0,0.1437823322075315,1.973609274923695,30.143760269773473,0.11476988861047646
3000.0,1.75,2.0,0.14153599851074447,1.9739308659074168,30.141529476867692,0.1147928375689853
3025.0,1.75,2.0,0.14023034969246237,1.9738547807635483,30.140228538697592,0.11479089015110827
3050.0,1.75,2.0,0.13804620313641008,1.974171122365689,30.138045730710175,0.11481344478617025
3075.0,1.75,2.0,0.13677007312814538,1.9740963909497657,30.136769957355114,0.11481152864023376
3100.0,1.75,2.0,0.13463445029200036,1.9744033687360973,30.134634423639536,0.11483345087175349
3125.0,1.75,2.0,0.1333607653974752,1.9743337864862436,30.133360759633476,0.11483183064672348
3150.0,1.75,2.0,0.13124032255913834,1.9746340743579667,30.13124032138811,0.11485333718300787
3175.0,1.75,2.0,0.1299369109800586,1.9745768008418194,30.129936910756566,0.11485249006417161
3200.0,1.75,2.0,0.1277969411154623,1.9748729755002699,30.127796941075392,0.11487379675856028
3225.0,1.75,2.0,0.1264439831179794,1.9748295538167515,30.12644398311123,0.11487385038567513
3250.0,1.75,2.0,0.12426766534979801,1.975118498474806,30.12426766534873,0.11489480804989351
3275.0,1.75,2.0,0.12286477470750942,1.9750823730885505,30.12286477470735,0.1148953819733619
3300.0,1.75,2.0,0.12065863698077083,1.9753565126538832,30.12065863698075,0.11491553751160165
3325.0,1.75,2.0,0.11922121174205419,1.9753171924383877,30.11922121174205,0.1149159921314142
3350.0,1.75,2.0,0.11700756169571706,1.9755699039526584,30.11700756169572,0.11493491758945676
3375.0,1.75,2.0,0.11555859609302531,1.9755191293135097,30.115558596093024,0.1149347284746048
3400.0,1.75,2.0,0.11336166485186028,1.9757498578229082,30.113361664851862,0.11495234511109778
3425.0,1.75,2.0,0.1119205689118038,1.975687505866634,30.111920568911803,0.11495146794698648
3450.0,1.75,2.0,0.1097529473588456,1.9759045890939584,30.109752947358846,0.11496823660226331
3475.0,1.75,2.0,0.10832600186225279,1.9758413179760308,30.108326001862252,0.11496727943150956
3500.0,1.75,2.0,0.10618343679375176,1.9760606591598358,30.106183436793753,0.11498413344234863
3525.0,1.75,2.0,0.10476402281441786,1.9760136339788064,30.104764022814418,0.11498410772007552
3550.0,1.75,2.0,0.10263378958323853,1.9762514399745192,30.102633789583237,0.11500201451754657
3575.0,1.75,2.0,0.10121377090203232,1.9762339405415288,30.10121377090203,0.11500370873301999
3600.0,1.75,2.0,0.09909097095988123,1.9764961692054583,30.09909097095988,0.11502302460460757
3625.0,1.75,2.0,0.09767374473939912,1.976507989141766,30.0976737447394,0.11502642053225372
3650.0,1.75,2.0,0.09556927699438378,1.9767852372696006,30.095569276994382,0.11504657765539854
3675.0,1.75,2.0,0.09416892993235709,1.9768134732533396,30.09416892993236,0.11505089764716676
3700.0,1.75,2.0,0.09209734112355798,1.9770886792079443,30.09209734112356,0.11507087531133359
3725.0,1.75,2.0,0.09072151596600005,1.9771197649730445,30.090721515966,0.11507531525013215
3750.0,1.75,2.0,0.08868116459515385,1.9773823370041004,30.088681164595155,0.11509450001771901
3775.0,1.75,2.0,0.08731782379563459,1.977412201272586,30.087317823795633,0.11509884591920781
3800.0,1.75,2.0,0.08528846958651959,1.9776629840417588,30.08528846958652,0.11511732551247734
3825.0,1.75,2.0,0.08391279454352195,1.9776945709357754,30.083912794543522,0.1151217961970793
3850.0,1.75,2.0,0.08187207154598468,1.9779382653205289,30.081872071545984,0.11513988695782318
3875.0,1.75,2.0,0.08046322143867811,1.9779725358012024,30.080463221438677,0.11514457827750163
3900.0,1.75,2.0,0.07840048283173573,1.9782089124110473,30.078400482831736,0.1151622872110302
3925.0,1.75,2.0,0.07695034007593188,1.9782411269031257,30.076950340075932,0.11516693884488083
3950.0,1.75,2.0,0.07486559333905124,1.978464269102797,30.07486559333905,0.11518392146261809
3975.0,1.75,2.0,0.07337643489241874,1.9784879629386984,30.07337643489242,0.1151881526994004
4000.0,1.75,2.0,0.07127282908646478,1.9786915843876496,30.071272829086464,0.11520403688038561
4025.0,1.75,2.0,0.0697528604635448,1.978703786776107,30.069752860463545,0.11520765898515657
4050.0,1.75,2.0,0.06763506689653609,1.9788854537530443,30.067635066896536,0.11522229391526743
4075.0,1.75,2.0,0.0660970285542794,1.9788877679020398,30.066097028554278,0.1152253757362451
4100.0,1.75,2.0,0.06397332101658823,1.9790500731052136,30.063973321016586,0.1152388963369718
4125.0,1.75,2.0,0.062430188861745936,1.9790478175596036,30.062430188861747,0.11524172261578154
4150.0,1.75,2.0,0.06030841651011631,1.9791990260578418,30.060308416510118,0.11525459496303732
4175.0,1.75,2.0,0.058764270218066884,1.9792012322278265,30.058764270218067,0.11525768376723246
4200.0,1.75,2.0,0.05664572232983481,1.9793537316994922,30.056645722329836,0.11527062670952687
4225.0,1.75,2.0,0.05509459894179446,1.9793703638685516,30.055094598941796,0.11527456981548358
4250.0,1.75,2.0,0.05297834155715805,1.9795336882843384,30.052978341557157,0.11528814044306084
4275.0,1.75,2.0,0.05141779002800858,1.9795687027762674,30.051417790028008,0.11529317312379384
4300.0,1.75,2.0,0.04931110085594173,1.979742867364423,30.04931110085594,0.11530735849784575
4325.0,1.75,2.0,0.04775324401875768,1.9797916773881588,30.047753244018757,0.11531319051908122
4350.0,1.75,2.0,0.045670989377415164,1.979970123040281,30.045670989377417,0.11532758017129392
4375.0,1.75,2.0,0.044134503668589516,1.9800270146959629,30.04413450366859,0.11533384297532834
4400.0,1.75,2.0,0.04208595006740531,1.9802065635908959,30.042085950067406,0.11534823401658811
4425.0,1.75,2.0,0.04057889449201167,1.980273395805633,30.04057889449201,0.11535502045136284
4450.0,1.75,2.0,0.03855906149614674,1.9804588096313163,30.038559061496148,0.11536969980120612
4475.0,1.75,2.0,0.03707327002267867,1.9805440387884918,30.037073270022677,0.11537751822606922
4500.0,1.75,2.0,0.03506859804021401,1.9807424107976468,30.035068598040215,0.11539292520190575
4525.0,1.75,2.0,0.03358942906052609,1.9808520193754027,30.033589429060527,0.11540215241517615
4550.0,1.75,2.0,0.03158934899010394,1.9810647699214934,30.031589348990103,0.11541839021117513
4575.0,1.75,2.0,0.030107742054347648,1.98119537025483,30.030107742054348,0.1154288464624797
4600.0,1.75,2.0,0.02811025051629434,1.9814163119286927,30.028110250516296,0.11544555858487947
4625.0,1.75,2.0,0.02662530333167847,1.981557051897023,30.026625303331677,0.11545661349092269
4650.0,1.75,2.0,0.02463345852732491,1.981776890545816,30.024633458527326,0.11547325259966924
4675.0,1.75,2.0,0.023146778181948147,1.9819172181481026,30.02314677818195,0.11548428830110874
4700.0,1.75,2.0,0.021161161729956832,1.98212922266004,30.021161161729957,0.11550046103028637
4725.0,1.75,2.0,0.019671155909778252,1.9822651203116521,30.01967115590978,0.11551124646335342
4750.0,1.75,2.0,0.01768483547556596,1.9824678653746592,30.017684835475567,0.11552688300847708
4775.0,1.75,2.0,0.01618563158337871,1.9826023160505448,30.01618563158338,0.11553760326679421
4800.0,1.75,2.0,0.014186837634544489,1.9827979508581153,30.014186837634544,0.11555285145593329
4825.0,1.75,2.0,0.012672870432273697,1.9829356558896694,30.012672870432272,0.11556379123973519
4850.0,1.75,2.0,0.01065527285693912,1.9831246690522017,30.01065527285694,0.11557869171059496
4875.0,1.75,2.0,0.009128141930360266,1.9832650482492609,30.00912814193036,0.11558981417079382
4900.0,1.75,2.0,0.007098398321620583,1.9834424779511373,30.00709839832162,0.11560406488591189
4925.0,1.75,2.0,0.0055672969090034986,1.9835779018963806,30.005567296909003,0.1156149076526652
4950.0,1.75,2.0,0.0035393616589069437,1.9837358344502427,30.003539361658905,0.11562802035956328
4975.0,1.75,2.0,0.0020131143474116106,1.9838570257212573,30.002013114347413,0.11563802558546026
5000.0,1.75,2.0,0.0,1.983990150089314,30.0,0.11564966540914458
0.0,1.75,2.5,0.6098782331909207,2.450189426715065,30.60987823319092,0.14139509914035225
25.0,1.75,2.5,0.6098782331909207,2.4486881107390186,30.60987823319092,0.1413084614628896
50.0,1.75,2.5,0.6037908318846746,2.45039936894381,30.603790831884673,0.14142127740761806
75.0,1.75,2.5,0.60368138840731,2.4489493184407,30.60368138840731,0.14133784254938117
100.0,1.75,2.5,0.5976800650567994,2.4506094137874275,30.5976800650568,0.14144752221161283
125.0,1.75,2.5,0.5974923290558501,2.449197113595672,30.59749232905585,0.14136643888391384
150.0,1.75,2.5,0.5915922388777588,2.4508005201148517,30.59159223887776,0.14147262739536146
175.0,1.75,2.5,0.5913565861389061,2.4494129257997,30.591356586138907,0.14139307300840773
200.0,1.75,2.5,0.5855628664857039,2.450959320721932,30.585562866485702,0.14149573873050308
225.0,1.75,2.5,0.5852825239640994,2.449596672790068,30.5852825239641,0.14141772014080936
250.0,1.75,2.5,0.5795830117850912,2.4510935272031498,30.57958301178509,0.14151732143932783
275.0,1.75,2.5,0.5792338253338636,2.449768286825043,30.579233825333862,0.14144161438701888
300.0,1.75,2.5,0.5736060232567974,2.4512266934101428,30.573606023256797,0.14153884302015585
325.0,1.75,2.5,0.5731578430164553,2.449952239903535,30.573157843016457,0.1414662903529382
350.0,1.75,2.5,0.5675848429280401,2.4513788364859908,30.56758484292804,0.1415615683598122
375.0,1.75,2.5,0.5670293882566442,2.4501560517852496,30.567029388256643,0.1414922408757355
400.0,1.75,2.5,0.5615109372080649,2.4515485108979087,30.561510937208066,0.14158543417726158
425.0,1.75,2.5,0.5608749235928048,2.4503612918051334,30.560874923592806,0.1415183407267674
450.0,1.75,2.5,0.5554245754325633,2.4517119356313457,30.555424575432564,0.14160897402388614
475.0,1.75,2.5,0.5547508534959011,2.4505398836773407,30.5547508534959,0.14154283767493073
500.0,1.75,2.5,0.549382238250769,2.451844735419755,30.549382238250768,0.14163064886370438
525.0,1.75,2.5,0.5486933836014494,2.4506833589290817,30.54869338360145,0.14156515810515005
550.0,1.75,2.5,0.5434083559616764,2.451948174901649,30.543408355961677,0.1416504744762666
575.0,1.75,2.5,0.5426900697107646,2.450814983966113,30.542690069710765,0.14158667422531684
600.0,1.75,2.5,0.5374787658954255,2.452052122414488,30.537478765895425,0.14167023193285516
625.0,1.75,2.5,0.5366960883347778,2.450972611094017,30.53669608833478,0.14160967662476837
650.0,1.75,2.5,0.5315457122680476,2.4521918182680054,30.53154571226805,0.1416920682021371
675.0,1.75,2.5,0.5306697269720221,2.4511807060626714,30.53066972697202,0.14163567617448652
700.0,1.75,2.5,0.5255716418835243,2.452382308823648,30.525571641883523,0.14171694055909848
725.0,1.75,2.5,0.5245948982259306,2.451434558893814,30.52459489822593,0.14166443897546008
750.0,1.75,2.5,0.5195434038167766,2.452610905702371,30.519543403816776,0.14174414721171616
775.0,1.75,2.5,0.5184767226410939,2.4517069005503282,30.518476722641093,0.1416943780772298
800.0,1.75,2.5,0.5134604038248389,2.4528514335571354,30.51346040382484,0.14177217743610732
825.0,1.75,2.5,0.5123145258707272,2.4519726323512314,30.51231452587073,0.1417240447910065
850.0,1.75,2.5,0.5073104069184003,2.453088638822538,30.5073104069184,0.14180017829948624
875.0,1.75,2.5,0.5060819453626604,2.4522301334811547,30.50608194536266,0.14175340668785072
900.0,1.75,2.5,0.5010656572706359,2.4533290229392906,30.501065657270637,0.1418285903176758
925.0,1.75,2.5,0.49974424503532344,2.4524976466090185,30.499744245035323,0.14178359920899247
950.0,1.75,2.5,0.4947117491870455,2.4535876642457777,30.494711749187047,0.14185831910467528
975.0,1.75,2.5,0.4932975303784839,2.452791533725017,30.493297530378484,0.14181557792117236
1000.0,1.75,2.5,0.4882735283544805,2.4538709230082665,30.48827352835448,0.14188967526617055
1025.0,1.75,2.5,0.4867828365826062,2.453113585026413,30.486782836582606,0.14184935169645302
1050.0,1.75,2.5,0.48180352704044754,2.4541761296147757,30.481803527040448,0.14192238283598402
1075.0,1.75,2.5,0.48025988872594033,2.4534577265630184,30.48025988872594,0.14188443100711637
1100.0,1.75,2.5,0.4753498321343812,2.4545009645699305,30.47534983213438,0.14195619617639413
1125.0,1.75,2.5,0.47377404185410116,2.4538196203946296,30.4737740418541,0.14192045979034698
1150.0,1.75,2.5,0.4689405101709636,2.454844238407989,30.468940510170963,0.14199098140332253
1175.0,1.75,2.5,0.4673489800686899,2.4541938263321392,30.46734898006869,0.14195706840666564
1200.0,1.75,2.5,0.4625935722027152,2.4551958759832893,30.462593572202714,0.14202611391113912
1225.0,1.75,2.5,0.4610023289110396,2.454563057129034,30.46100232891104,0.1419932157617768
1250.0,1.75,2.5,0.4563337012188656,2.455528600701707,30.456333701218867,0.14205995805481889
1275.0,1.75,2.5,0.45475816562163257,2.454895179001136,30.454758165621634,0.1420269862858016
1300.0,1.75,2.5,0.45019044658009094,2.4558050374099722,30.45019044658009,0.14209028179964703
1325.0,1.75,2.5,0.44863429480313777,2.45515847505538,30.44863429480314,0.14205650231873118
1350.0,1.75,2.5,0.4441703869472571,2.4560017601851647,30.444170386947256,0.14211571293693884
1375.0,1.75,2.5,0.4426142456207146,2.455345900343457,30.442614245620714,0.14208139309112752
1400.0,1.75,2.5,0.43823326340858926,2.4561299975692132,30.438233263408588,0.14213699357380516
1425.0,1.75,2.5,0.4366423100950936,2.4554830993400905,30.436642310095095,0.14210327116906696
1450.0,1.75,2.5,0.432308868827435,2.4562292453847605,30.432308868827434,0.14215657218521263
1475.0,1.75,2.5,0.4306563829412913,2.45560993776964,30.43065638294129,0.14212458793774307
1500.0,1.75,2.5,0.4263421198364481,2.456339605628154,30.42634211983645,0.14217689811746362
1525.0,1.75,2.5,0.42462386443962064,2.4557555369650634,30.42462386443962,0.1421471050479394
1550.0,1.75,2.5,0.4203162855618256,2.4564822880922823,30.420316285561825,0.14219923854527722
1575.0,1.75,2.5,0.41854196048521863,2.455931163577876,30.418541960485218,0.14217148168698823
1600.0,1.75,2.5,0.41423341965044513,2.4566632965493507,30.414233419650444,0.14222393694997587
1625.0,1.75,2.5,0.4124066199610419,2.456141977286125,30.412406619961043,0.14219802669744566
1650.0,1.75,2.5,0.4080821887143151,2.4568868960225636,30.408082188714314,0.1422512675993258
1675.0,1.75,2.5,0.40619021804510047,2.456397425519016,30.406190218045097,0.14222735246648952
1700.0,1.75,2.5,0.4018339398673762,2.4571577801162707,30.401833939867355,0.14228157026496543
1725.0,1.75,2.5,0.39986043210787975,2.4567023486427666,30.39986043210772,0.1422598159425388
1750.0,1.75,2.5,0.39547406983204253,2.45746738636797,30.395474069830975,0.14231438440594243
1775.0,1.75,2.5,0.3934236031635743,2.457036985867852,30.393423603156823,0.14229425912243043
1800.0,1.75,2.5,0.3890342875072787,2.4577817591699085,30.389034287467208,0.1423476701973893
1825.0,1.75,2.5,0.3869395126557311,2.4573543185154083,30.386939512432235,0.14232781961142082
1850.0,1.75,2.5,0.3825849468376536,2.458052026965388,30.382584945666625,0.14237843233394099
1875.0,1.75,2.5,0.3804849969713977,2.457606090202169,30.380484991207396,0.1423575219651366
1900.0,1.75,2.5,0.3761899887930884,2.458244399111222,30.37618996214062,0.14240456273790364
1925.0,1.75,2.5,0.3741048117901702,2.457774324172495,30.37410469601714,0.14238221880480684
1950.0,1.75,2.5,0.3698712531369561,2.458361834930897,30.36987078071072,0.14242618100441642
1975.0,1.75,2.5,0.3677991143766899,2.4578788570436614,30.36779730338182,0.14240306079384366
2000.0,1.75,2.5,0.36361512700319687,2.458437925042018,30.363608605360145,0.1424452759648977
2025.0,1.75,2.5,0.36154808372747127,2.4579604906358985,30.36152602129341,0.1424224970908134
2050.0,1.75,2.5,0.3574018830776842,2.458517181553737,30.357331768807246,0.14246459426525143
2075.0,1.75,2.5,0.35533216811036916,2.4580706820751703,30.355122845564104,0.14244390329055964
2100.0,1.75,2.5,0.3512114544832377,2.4586657375721988,30.35062439488441,0.14248894484665847
2125.0,1.75,2.5,0.349114762356166,2.458323678724957,30.34756806631903,0.14247629515806018
2150.0,1.75,2.5,0.3449790199520684,2.4590991269361373,30.341150910495248,0.14253630839675277
2175.0,1.75,2.5,0.3427688708253345,2.4591485373459943,30.333868249671063,0.14255628198701326
2200.0,1.75,2.5,0.3384743758641408,2.4606372417112214,30.319033631922217,0.14267747393910946
2225.0,1.75,2.5,0.335896803452366,2.4620192727580053,30.296006986906047,0.14281185110665107
2250.0,1.75,2.5,0.3310515502955827,2.465734832071592,30.25416191645462,0.14312625345957863
2275.0,1.75,2.5,0.3275302287745174,2.4706677351729347,30.18830108851762,0.1435689432150525
2300.0,1.75,2.5,0.3213831357785663,2.479506037398567,30.084546390114497,0.14433077133180708
2325.0,1.75,2.5,0.31605516926487215,2.4912483386780826,29.93759112731257,0.14536976622990364
2350.0,1.75,2.5,0.3077962810290358,2.5081317241310486,29.739654463151922,0.1468411843210808
2375.0,1.75,2.5,0.30018269651604734,2.5281597031842122,29.498974313415722,0.14861633368331456
2400.0,1.75,2.5,0.2899949695740565,2.551822628475599,29.228566315076947,0.15069964313119863
2425.0,1.75,2.5,0.28128807552324026,2.575006086209313,28.960318772042477,0.15277141009129627
2450.0,1.75,2.5,0.2715043287075632,2.5961528347394314,28.727134749184522,0.15464988315676587
2475.0,1.75,2.5,0.2649979125438002,2.6100748660304727,28.5688397522102,0.15590934944718865
2500.0,1.75,2.5,0.2591935270647829,2.6157605422170818,28.509193527064784,0.15641234045634797
2525.0,1.75,2.5,0.2577525594816247,2.6105075231777266,28.56159439914802,0.15595497079654547
2550.0,1.75,2.5,0.2571283427415418,2.596982544460527,28.7127587632185,0.15473803082393603
2575.0,1.75,2.5,0.25986623110793355,2.5762654359312362,28.938896927627173,0.15290268674751684
2600.0,1.75,2.5,0.26179927645474654,2.55342739998644,29.200370621957635,0.15086719951818608
2625.0,1.75,2.5,0.26525536322430227,2.530201565528559,29.464046980123978,0.1488244948995855
2650.0,1.75,2.5,0.2664619094259586,2.5105012574478867,29.698320091548847,0.1470821594901544
2675.0,1.75,2.5,0.2682155233469665,2.4941013345740815,29.889751481394665,0.14565266624299406
2700.0,1.75,2.5,0.2673984143130081,2.482693664408636,30.030561668648936,0.1446461586980698
2725.0,1.75,2.5,0.26714981389611997,2.474392575059868,30.12792067363922,0.1439294018473368
2750.0,1.75,2.5,0.2647115819350823,2.4697805275037736,30.18782194809412,0.1435185270850253
2775.0,1.75,2.5,0.2632185382064489,2.466623152873344,30.223328721660128,0.14325083186324206
2800.0,1.75,2.5,0.25999387717923816,2.4655054045581757,30.240553133237313,0.14314513414355648
2825.0,1.75,2.5,0.25799040570118087,2.464559688534141,30.24908978454691,0.14307003437755567
2850.0,1.75,2.5,0.2545247360081601,2.464694288690451,30.250696626551342,0.14307404802392973
2875.0,1.75,2.5,0.2523697302062941,2.4644364782403994,30.25082303416916,0.1430587833822772
2900.0,1.75,2.5,0.2488593762744009,2.464890447138123,30.24827231667557,0.14309116872904476
2925.0,1.75,2.5,0.2466474216112203,2.464798968212372,30.246438099064957,0.14309019669017337
2950.0,1.75,2.5,0.24311968931429975,2.4653077357426,30.24304957504386,0.14312774998617384
2975.0,1.75,2.5,0.24085446997223628,2.465256107292332,30.24083240753818,0.14312999924976175
3000.0,1.75,2.5,0.2373012735985667,2.465765282146501,30.237294751955517,0.1431679357035773
3025.0,1.75,2.5,0.23498006456140866,2.4657280650921383,30.23497825356654,0.14317125912249312
3050.0,1.75,2.5,0.23140062029039415,2.46622835465627,30.231400147864157,0.143208782331596
3075.0,1.75,2.5,0.22903057170456695,2.466199041812157,30.229030455931536,0.14321269317741023
3100.0,1.75,2.5,0.22543239184921787,2.4666905771537992,30.225432365196752,0.1432497623329555
3125.0,1.75,2.5,0.22302724373645416,2.466666683281461,30.223027237972452,0.14325407441721694
3150.0,1.75,2.5,0.21942482895038234,2.4671509257914326,30.219424827779356,0.14329073724187016
3175.0,1.75,2.5,0.2170041556957344,2.467129526316522,30.21700415547224,0.1432952336899619
3200.0,1.75,2.5,0.21342087094856205,2.467603733230576,30.21342087090849,0.14333127518806502
3225.0,1.75,2.5,0.21100802078956524,2.467580740599356,30.211008020782813,0.14333566317863694
3250.0,1.75,2.5,0.20746744865269523,2.4680401738275184,30.207467448651627,0.14337075191602786
3275.0,1.75,2.5,0.20507742913089488,2.468016531224502,30.205077429130736,0.1433750505355427
3300.0,1.75,2.5,0.20158424344218961,2.468464337856383,30.20158424344217,0.14340935788001286
3325.0,1.75,2.5,0.1992109647375154,2.468452058100465,30.19921096473751,0.14341427941655496
3350.0,1.75,2.5,0.1957454896636576,2.4689024545483105,30.195745489663658,0.14344867782061138
3375.0,1.75,2.5,0.19336781306998443,2.468918764257791,30.193367813069983,0.14345527354707324
3400.0,1.75,2.5,0.18990684274450445,2.4693854323894135,30.189906842744506,0.14349061323578252
3425.0,1.75,2.5,0.18751033965710198,2.46943813706619,30.187510339657102,0.1434993714601496
3450.0,1.75,2.5,0.1840506417521236,2.469920765013764,30.184050641752123,0.1435356423583648
3475.0,1.75,2.5,0.1816396759467043,2.470001251083719,30.181639675946705,0.14354605270245904
3500.0,1.75,2.5,0.17819660005707835,2.4704863053612316,30.178196600057078,0.14358243207793395
3525.0,1.75,2.5,0.17578464749701825,2.4705773135614204,30.175784647497018,0.14359345976590718
3550.0,1.75,2.5,0.17237254033793806,2.4710496051545268,30.17237254033794,0.1436290306326104
3575.0,1.75,2.5,0.16996545713915992,2.4711376625198525,30.16996545713916,0.1436398786865923
3600.0,1.75,2.5,0.1665838591743051,2.4715889734382954,30.166583859174306,0.1436741641260217
3625.0,1.75,2.5,0.16417310112403277,2.4716698874606386,30.16417310112403,0.1436846090627222
3650.0,1.75,2.5,0.16080673229121092,2.472099934515578,30.16080673229121,0.1437176285979408
3675.0,1.75,2.5,0.15837370554687535,2.472176553689258,30.158373705546875,0.14372788019112406
3700.0,1.75,2.5,0.15499938994860862,2.472590224586499,30.154999389948607,0.1437599728968068
3725.0,1.75,2.5,0.15252415011509513,2.472667884497226,30.152524150115095,0.14377038889428717
3750.0,1.75,2.5,0.14912055996306964,2.473071316997353,30.14912055996307,0.14380196235421755
3775.0,1.75,2.5,0.14659170607844876,2.4731539238552385,30.14659170607845,0.14381279721025997
3800.0,1.75,2.5,0.14315212263585764,2.473548987407471,30.143152122635858,0.14384397617209727
3825.0,1.75,2.5,0.14057651761899143,2.4736354199315254,30.140576517618992,0.14385514851022516
3850.0,1.75,2.5,0.13711615120226794,2.4740164197877044,30.137116151202267,0.14388556550581397
3875.0,1.75,2.5,0.13451799128309158,2.474100746974015,30.13451799128309,0.14389667275809637
3900.0,1.75,2.5,0.13106238966186126,2.4744602360213857,30.13106238966186,0.14392583347991766
3925.0,1.75,2.5,0.1284651069166455,2.4745387261232765,30.128465106916646,0.14393660258617474
3950.0,1.75,2.5,0.12502817856130283,2.47487803374468,30.1250281785613,0.14396455077634604
3975.0,1.75,2.5,0.12243732919095966,2.474954914734113,30.12243732919096,0.14397521427032295
4000.0,1.75,2.5,0.11901573907204542,2.4752854198681145,30.119015739072044,0.14400261951946858
4025.0,1.75,2.5,0.11642240035309841,2.4753696040889204,30.1164224003531,0.14401371717746675
4050.0,1.75,2.5,0.1130096263692918,2.475703449830601,30.11300962636929,0.14404130144541166
4075.0,1.75,2.5,0.1104059002002831,2.475802053541739,30.110405900200284,0.1440532663324047
4100.0,1.75,2.5,0.10700276718612989,2.4761453422416495,30.10700276718613,0.14408138280892216
4125.0,1.75,2.5,0.10439004234686482,2.476262341035911,30.104390042346864,0.14409444319539505
4150.0,1.75,2.5,0.10100185887834973,2.476616190534107,30.101001858878348,0.14412314440415494
4175.0,1.75,2.5,0.09838967199068128,2.476753643207078,30.09838967199068,0.14413739757619295
4200.0,1.75,2.5,0.09502284644243915,2.477115869376409,30.09502284644244,0.14416654123310296
4225.0,1.75,2.5,0.09242583959809056,2.477272470572384,30.09242583959809,0.14418187643976715
4250.0,1.75,2.5,0.08908858424713582,2.4776374636382767,30.089088584247136,0.1442111164575829
4275.0,1.75,2.5,0.08651934945081624,2.4778081495353037,30.086519349450818,0.14422720898435207
4300.0,1.75,2.5,0.08321583173198828,2.4781707017909493,30.083215831731987,0.14425623220019307
4325.0,1.75,2.5,0.08067209307450611,2.478351759100956,30.080672093074504,0.14427287143694892
4350.0,1.75,2.5,0.07739231263174144,2.4787131441734664,30.07739231263174,0.1443017758598915
4375.0,1.75,2.5,0.07485289734450395,2.4789063085870207,30.074852897344503,0.14431911371274492
4400.0,1.75,2.5,0.0715764381680488,2.479272352129366,30.071576438168048,0.14434828746926234
4425.0,1.75,2.5,0.06901807403730695,2.479479701571414,30.069018074037306,0.1443665009563201
4450.0,1.75,2.5,0.0657330872627191,2.4798505799767168,30.065733087262718,0.1443959828889392
4475.0,1.75,2.5,0.0631512578066413,2.4800668912806625,30.06315125780664,0.1444147789832344
4500.0,1.75,2.5,0.05986355065692717,2.480433309838823,30.059863550656928,0.14444401402423598
4525.0,1.75,2.5,0.05727034173760521,2.480649035973459,30.057270341737606,0.14446280789031224
4550.0,1.75,2.5,0.053988653990194944,2.4810021747393813,30.053988653990196,0.14449126131846393
4575.0,1.75,2.5,0.0513917544359166,2.4812141947288118,30.051391754435915,0.14450985269097455
4600.0,1.75,2.5,0.048111331521361655,2.4815556193716497,30.048111331521362,0.14453762691427396
4625.0,1.75,2.5,0.04550396072304498,2.481769900377051,30.045503960723046,0.1445563796072788
4650.0,1.75,2.5,0.042211348343740684,2.4821075178197214,30.04221134834374,0.14458396742606966
4675.0,1.75,2.5,0.03958262533342986,2.4823304302556815,30.03958262533343,0.14460327878652324
4700.0,1.75,2.5,0.03627055977261255,2.482667541649639,30.036270559772614,0.14463089003085872
4725.0,1.75,2.5,0.033617326370485985,2.4828983927586665,30.033617326370486,0.1446507275023608
4750.0,1.75,2.5,0.03028824857624688,2.4832303765347796,30.030288248576248,0.14467808713207575
4775.0,1.75,2.5,0.02761429466647925,2.4834632771202716,30.027614294666478,0.14469809863733515
4800.0,1.75,2.5,0.024272692122394673,2.4837835476898364,30.024272692122395,0.14472481211237323
4825.0,1.75,2.5,0.02158161730187584,2.4840139303527833,30.021581617301877,0.14474472290102636
4850.0,1.75,2.5,0.018229752465242006,2.4843198695158852,30.018229752465242,0.14477063206592236
4875.0,1.75,2.5,0.015523646317084385,2.4845469975000216,30.015523646317085,0.14479039414925832
4900.0,1.75,2.5,0.012164762804797235,2.484840151703229,30.012164762804797,0.14481558112539658
4925.0,1.75,2.5,0.009447365445998373,2.4850652702291938,30.009447365445997,0.14483525802339597
4950.0,1.75,2.5,0.006086056080233184,2.485349253783026,30.006086056080232,0.14485992222030636
4975.0,1.75,2.5,0.00336169970028675,2.485574729416271,30.003361699700285,0.14487964140051746
5000.0,1.75,2.5,0.0,2.4858532546103684,30.0,0.14490399417506192
0.0,1.75,3.0,0.8918359456339667,2.913391103021184,30.891835945633968,0.1673564388638386
25.0,1.75,3.0,0.8918359456339667,2.9113994724717878,30.891835945633968,0.1672420319117704
50.0,1.75,3.0,0.8832167132381786,2.9139036418502977,30.883216713238177,0.16740923740333097
75.0,1.75,3.0,0.8830396976783825,2.911998463558391,30.88303969767838,0.16730026079613886
100.0,1.75,3.0,0.874518459889408,2.9144482214063734,30.87451845988941,0.16746410930310604
125.0,1.75,3.0,0.8742002431441445,2.912618518299362,30.874200243144145,0.16735983708865054
150.0,1.75,3.0,0.8657835928652011,2.915018901223887,30.865783592865203,0.1675205992772978
175.0,1.75,3.0,0.8653724192585973,2.9132463797025054,30.8653724192586,0.16741985096442327
200.0,1.75,3.0,0.8570716676087832,2.9155981929613635,30.857071667608782,0.16757754127964264
225.0,1.75,3.0,0.8565948340538485,2.913873640276837,30.856594834053848,0.16747971455800784
250.0,1.75,3.0,0.8484169513871848,2.9161756682240543,30.848416951387186,0.16763424284104753
275.0,1.75,3.0,0.8478643545020234,2.9145053247530135,30.847864354502022,0.1675397249595411
300.0,1.75,3.0,0.8398084319064205,2.916755047542773,30.83980843190642,0.16769094748331276
325.0,1.75,3.0,0.839149025209848,2.915150636193423,30.83914902520985,0.16760049798859017
350.0,1.75,3.0,0.8312100411474532,2.9173431578458584,30.831210041147454,0.16774814570304827
375.0,1.75,3.0,0.830421236210372,2.915807397949325,30.830421236210373,0.16766198382596162
400.0,1.75,3.0,0.822596160969338,2.9179348870126294,30.822596160969336,0.16780561341785513
425.0,1.75,3.0,0.8216779272904681,2.9164574828011425,30.82167792729047,0.16772314867564225
450.0,1.75,3.0,0.813964722327321,2.9185130006487827,30.81396472232732,0.1678623651818096
475.0,1.75,3.0,0.8129339919559737,2.917077665820504,30.812933991955973,0.1677826160842828
500.0,1.75,3.0,0.8053229998279802,2.91906224406109,30.80532299982798,0.167917503422501
525.0,1.75,3.0,0.8041977908952291,2.917657786150679,30.80419779089523,0.16783977805119676
550.0,1.75,3.0,0.7966688111563472,2.9195827636087732,30.796668811156348,0.16797104187677844
575.0,1.75,3.0,0.7954537195260463,2.918211145646353,30.795453719526048,0.16789544141221072
600.0,1.75,3.0,0.7879880037483821,2.9200909239608444,30.78798800374838,0.16802396017376378
625.0,1.75,3.0,0.7866749635717819,2.9187649489412095,30.78667496357178,0.16795124410979329
650.0,1.75,3.0,0.7792714647523626,2.920606647124273,30.779271464752362,0.16807742952406646
675.0,1.75,3.0,0.7778581707128156,2.919336740271,30.777858170712815,0.16800820516585735
700.0,1.75,3.0,0.7705363908536014,2.9211367362849825,30.7705363908536,0.1681317948900892
725.0,1.75,3.0,0.7690413839095861,2.9199195192902265,30.769041383909585,0.16806581840591303
750.0,1.75,3.0,0.7618272710158649,2.9216689532672944,30.761827271015864,0.16818623061731758
775.0,1.75,3.0,0.7602789457791583,2.920491303903884,30.76027894577916,0.16812267017328358
800.0,1.75,3.0,0.7531828757350947,2.922186229266842,30.753182875735096,0.16823964788495308
825.0,1.75,3.0,0.7515919308661645,2.9210401972361906,30.751591930866166,0.16817801734651763
850.0,1.75,3.0,0.7445942099092483,2.922689014654409,30.74459420990925,0.1682920965767785
875.0,1.75,3.0,0.7429425441844442,2.9215794801310713,30.742942544184444,0.16823272716096216
900.0,1.75,3.0,0.7360039184246606,2.923198638938678,30.73600391842466,0.1683449615055115
925.0,1.75,3.0,0.7342611645090965,2.9221369151135193,30.734261164509096,0.16828858868500765
950.0,1.75,3.0,0.7273545079360579,2.9237363451900507,30.72735450793606,0.1683996239451467
975.0,1.75,3.0,0.7255007806355256,2.9227302467546408,30.725500780635524,0.16834675339542135
1000.0,1.75,3.0,0.7186315419159655,2.9243048467522414,30.718631541915965,0.1684562807730628
1025.0,1.75,3.0,0.716666354554381,2.9233549877885108,30.71666635455438,0.1684069504970602
1050.0,1.75,3.0,0.7098609412455944,2.9248921112550454,30.709860941245594,0.1685141687842981
1075.0,1.75,3.0,0.7077960240369571,2.9239951556427957,30.707796024036956,0.16846815571365711
1100.0,1.75,3.0,0.7010729080948963,2.925489439021184,30.701072908094897,0.1685727044917712
1125.0,1.75,3.0,0.6989161723882208,2.92464505926117,30.69891617238822,0.16852996927624267
1150.0,1.75,3.0,0.6922665585695014,2.9261065704441123,30.6922665585695,0.16863245201923774
1175.0,1.75,3.0,0.690013797000966,2.925320113635696,30.690013797000965,0.16859331561201857
1200.0,1.75,3.0,0.6834073597287825,2.9267685973465576,30.683407359728783,0.16869495315586916
1225.0,1.75,3.0,0.6810538885598655,2.926043372194649,30.681053888559866,0.16865962053491224
1250.0,1.75,3.0,0.6744643079547814,2.9274924306949712,30.674464307954782,0.16876126947681436
1275.0,1.75,3.0,0.6720211645703507,2.926820207877317,30.67202116457035,0.1687292373840099
1300.0,1.75,3.0,0.6654462103415489,2.9282657878479768,30.66544621034155,0.16883067062311125
1325.0,1.75,3.0,0.6629369343614953,2.927628582774162,30.662936934361497,0.1688008386510742
1350.0,1.75,3.0,0.6563932898349414,2.9290527205247794,30.65639328983494,0.16890097457965988
1375.0,1.75,3.0,0.653835575805935,2.928433472455335,30.653835575805935,0.16887231103862935
1400.0,1.75,3.0,0.6473389471714568,2.92981726173877,30.647338947171455,0.1689700155308158
1425.0,1.75,3.0,0.6447356246686208,2.92920619789976,30.64473562466862,0.16894194942059623
1450.0,1.75,3.0,0.6382910143823387,2.9305378912920674,30.63829101438234,0.16903653001624497
1475.0,1.75,3.0,0.6356385096735269,2.9299301854921587,30.635638509673527,0.16900879301369906
1500.0,1.75,3.0,0.6292472429720183,2.9312041286531256,30.629247242972017,0.1690999184834261
1525.0,1.75,3.0,0.6265489831183744,2.9305951432571,30.626548983118376,0.16907223368302102
1550.0,1.75,3.0,0.6202184682345111,2.931808261011518,30.620218468234512,0.16915970459159463
1575.0,1.75,3.0,0.6174906630881306,2.931192040676853,30.61749066308813,0.16913168358610436
1600.0,1.75,3.0,0.6112332577187142,2.9323446728194944,30.611233257718713,0.16921548367742628
1625.0,1.75,3.0,0.6084965294252149,2.9317182431431843,30.608496529425214,0.1691868976399075
1650.0,1.75,3.0,0.6023171268712456,2.9328194214377,30.602317126871245,0.1692675328445318
1675.0,1.75,3.0,0.599579514806174,2.9321899125216166,30.59957951480617,0.1692387707900775
1700.0,1.75,3.0,0.59346686370984,2.9332593094333337,30.593466863709818,0.16931740622864216
1725.0,1.75,3.0,0.5907179016568631,2.932644051560106,30.590717901656703,0.1692894974002937
1750.0,1.75,3.0,0.5846534535056036,2.9337038581725357,30.584653453504533,0.16936746461814434
1775.0,1.75,3.0,0.5818756309292178,2.933121258088585,30.581875630922468,0.16934152049114437
1800.0,1.75,3.0,0.575848524075281,2.9341851627098365,30.57584852403521,0.16941963973299726
1825.0,1.75,3.0,0.5730270884070846,2.9336478060253306,30.57302708818359,0.1693964286417377
1850.0,1.75,3.0,0.5670342930524025,2.9347193988685008,30.567034291881374,0.16947491588465233
1875.0,1.75,3.0,0.5641545922736759,2.934235410203864,30.564154586509677,0.16945494870718605
1900.0,1.75,3.0,0.5581890021530569,2.9353147554534305,30.55818897550059,0.1695338278342084
1925.0,1.75,3.0,0.5552335826785105,2.93489023451499,30.55523346690548,0.16951750678868233
1950.0,1.75,3.0,0.5492802411040133,2.9359776007799807,30.549279768677778,0.16959683622182625
1975.0,1.75,3.0,0.5462364867336726,2.9356140147887606,30.546234675738802,0.16958428579281162
2000.0,1.75,3.0,0.540285769934994,2.9367059008824272,30.54027924829194,0.16966390178445995
2025.0,1.75,3.0,0.5371608245745044,2.9363947355889315,30.537138762140444,0.16965464776247632
2050.0,1.75,3.0,0.5312256741617014,2.9374803475493128,30.53115555989126,0.16973399961011124
2075.0,1.75,3.0,0.5280521580920263,2.9372089514777393,30.527842835545762,0.16972752598442992
2100.0,1.75,3.0,0.5221604132758791,2.9382944810182776,30.521573353677052,0.16980769118313294
2125.0,1.75,3.0,0.5189650637233084,2.9381052589392582,30.517418367686172,0.16980831443449665
2150.0,1.75,3.0,0.5131002111837074,2.9393331492441463,30.50927210172689,0.1699019587508713
2175.0,1.75,3.0,0.5098105167261072,2.9395412816786366,30.500909895571837,0.16993727983472887
2200.0,1.75,3.0,0.5037815458395047,2.9415496684912887,30.48434080189758,0.170099594427944
2225.0,1.75,3.0,0.5000473255604286,2.943286725467858,30.460157509014106,0.17026759261866486
2250.0,1.75,3.0,0.4932745372950269,2.947916657732053,30.416384903454063,0.17065809750621733
2275.0,1.75,3.0,0.4882437136305971,2.953876251371482,30.3490145733737,0.17119280045853763
2300.0,1.75,3.0,0.479610347099201,2.9646451288272355,30.24277360143513,0.1721184404981118
2325.0,1.75,3.0,0.4719970962075674,2.978787332659752,30.093533054255264,0.1733677870423687
2350.0,1.75,3.0,0.46029771129910624,2.999254275878457,29.892155893421993,0.175145975970212
2375.0,1.75,3.0,0.4493627834954038,3.0234079020630054,29.64815440039508,0.17728149616819747
2400.0,1.75,3.0,0.43482781389189,3.05210497578527,29.37339915939478,0.17979924332828912
2425.0,1.75,3.0,0.42223909889194416,3.0801552999926116,29.10126979541118,0.1822980993310486
2450.0,1.75,3.0,0.40820626768727114,3.1059362885963795,28.863836688164227,0.18457845646802312
2475.0,1.75,3.0,0.3986793997152453,3.1229538057976987,28.702521239381642,0.18611056736337614
2500.0,1.75,3.0,0.3903085354646017,3.1302060917499257,28.6403085354646,0.18674525793878438
2525.0,1.75,3.0,0.3879974223823488,3.124193759611602,28.691839262048745,0.18621911670096022
2550.0,1.75,3.0,0.3870724332956032,3.1083185971732017,28.84270285377256,0.18478769374725257
2575.0,1.75,3.0,0.3907703186988971,3.083668908597134,29.069801015218136,0.1826048081814377
2600.0,1.75,3.0,0.39357520580844396,3.056518145546641,29.332146551311332,0.18018579556308273
2625.0,1.75,3.0,0.3983582694648895,3.0287839738826436,29.597149886364566,0.17774968879384234
2650.0,1.75,3.0,0.40018772475982817,3.005313587671161,29.832045906882716,0.1756765410445214
2675.0,1.75,3.0,0.40258345973781967,2.9857123032263573,30.024119417785517,0.17397158277638472
2700.0,1.75,3.0,0.40153437873904585,2.9721313526836797,30.164697633074976,0.1727762354817744
2725.0,1.75,3.0,0.40106896352965726,2.9622100310265513,30.26183982327276,0.17192288109377596
2750.0,1.75,3.0,0.3976444472729472,2.9567594800542127,30.320754813431982,0.171439736279247
2775.0,1.75,3.0,0.39533807575715885,2.9530019068356297,30.35544825921084,0.1711239902326844
2800.0,1.75,3.0,0.3906736914026284,2.951759987566697,30.371232947460705,0.17100756626915956
2825.0,1.75,3.0,0.3875360293643024,2.9506740831311635,30.37863540821003,0.170923826781476
2850.0,1.75,3.0,0.3824075313961722,2.950971952643667,30.378579421939353,0.17094123899981728
2875.0,1.75,3.0,0.37896616811893447,2.950738717180812,30.3774194720818,0.1709309917195083
2900.0,1.75,3.0,0.37370381381418455,2.9514558021563246,30.373116754215356,0.1709846408940539
2925.0,1.75,3.0,0.37015096112802315,2.9514441702923064,30.369941638581757,0.17099290481275461
2950.0,1.75,3.0,0.36486230417118554,2.9522504220548327,30.364792189900747,0.17105411763963305
2975.0,1.75,3.0,0.36126717687366594,2.9522983850875524,30.36124511443961,0.17106688854522165
3000.0,1.75,3.0,0.3559977938507096,2.9531136106546874,30.355991272207657,0.1711289327636821
3025.0,1.75,3.0,0.35240087165910344,2.9531814423114606,30.352399060664233,0.17114299001829927
3050.0,1.75,3.0,0.3471832075530583,2.9539809895039215,30.34718273512682,0.17120403752507293
3075.0,1.75,3.0,0.34360810900905653,2.9540563418397223,30.343607993236027,0.1712184893497853
3100.0,1.75,3.0,0.3384550752553227,2.954833847980325,30.338455048602857,0.17127809779126393
3125.0,1.75,3.0,0.33489922854144394,2.954918630082002,30.334899222777445,0.1712930507343789
3150.0,1.75,3.0,0.3297969344320911,2.9556819983453875,30.329796933261065,0.17135171343780717
3175.0,1.75,3.0,0.32623655808588803,2.955786860393598,30.326236557862394,0.17136785129464452
3200.0,1.75,3.0,0.3211579000463318,2.9565481749417155,30.32115790000626,0.17142634484723557
3225.0,1.75,3.0,0.3175680293583702,2.9566811258448293,30.31756802935162,0.17144420295669963
3250.0,1.75,3.0,0.31249169906746244,2.9574454346245487,30.312491699066392,0.1715028803719022
3275.0,1.75,3.0,0.30885883701191136,2.9576053433739755,30.30885883701175,0.17152243204865197
3300.0,1.75,3.0,0.3037746205950092,2.9583692444683347,30.30377462059499,0.17158112519045873
3325.0,1.75,3.0,0.3000950829015483,2.958548227987238,30.300095082901546,0.17160192439517782
3350.0,1.75,3.0,0.2950010621446629,2.9593042923680284,30.295001062144664,0.17166020797022613
3375.0,1.75,3.0,0.2912780399027135,2.959491639693121,30.291278039902714,0.17168162491529734
3400.0,1.75,3.0,0.28618213764480505,2.9602299942084067,30.286182137644804,0.17173890366573247
3425.0,1.75,3.0,0.28242760501677544,2.9604133995483233,30.282427605016775,0.17176019075517465
3450.0,1.75,3.0,0.2773470892810327,2.961122581388582,30.277347089281033,0.17181575023013834
3475.0,1.75,3.0,0.27357763862635764,2.961291792748397,30.273577638626357,0.1718362654418377
3500.0,1.75,3.0,0.268524101898127,2.961966024584452,30.268524101898127,0.17188973669425725
3525.0,1.75,3.0,0.26474476419874304,2.962121559076144,30.264744764198742,0.1719094953930193
3550.0,1.75,3.0,0.2597065732772585,2.9627691398206224,30.25970657327726,0.17196139220305579
3575.0,1.75,3.0,0.25590157148711307,2.962925739650411,30.25590157148711,0.1719812945968662
3600.0,1.75,3.0,0.2508510632458503,2.9635644546469684,30.25085106324585,0.17203272743571682
3625.0,1.75,3.0,0.24700087413054092,2.9637394648244815,30.247000874130542,0.17205383610590547
3650.0,1.75,3.0,0.24192413559861423,2.9643803954486727,30.241924135598616,0.1721054879547642
3675.0,1.75,3.0,0.2380308363123376,2.964578220150723,30.238030836312337,0.1721280533357733
3700.0,1.75,3.0,0.23294291754369412,2.965218003732967,30.232942917543696,0.17217968645148532
3725.0,1.75,3.0,0.22902900028710463,2.965430572110236,30.229029000287106,0.17220317650259176
3750.0,1.75,3.0,0.22395619598561953,2.966061260556738,30.223956195985618,0.17225425451498333
3775.0,1.75,3.0,0.22004116751162786,2.966281519789233,30.220041167511628,0.1722782043878748
3800.0,1.75,3.0,0.2149981055912597,2.9669020308450214,30.21499810559126,0.17232862248651126
3825.0,1.75,3.0,0.21108746964750466,2.967130343636072,30.211087469647506,0.17235303766371105
3850.0,1.75,3.0,0.2060756343291838,2.9677453770089715,30.206075634329185,0.172403064286502
3875.0,1.75,3.0,0.2021690714163628,2.9679848304810585,30.202169071416364,0.1724281251392125
3900.0,1.75,3.0,0.1971853408457392,2.9685989105348667,30.19718534084574,0.17247803183910224
3925.0,1.75,3.0,0.1932813546282005,2.9688525722185823,30.1932813546282,0.17250392107365992
3950.0,1.75,3.0,0.18831903300505565,2.969469614924764,30.188319033005055,0.17255395444213054
3975.0,1.75,3.0,0.1844110741799074,2.9697425761400065,30.184411074179906,0.17258098693864557
4000.0,1.75,3.0,0.17946025319552822,2.9703665226637717,30.17946025319553,0.17263140442105696
4025.0,1.75,3.0,0.1755396881820759,2.9706636829508435,30.175539688182077,0.1726598900950892
4050.0,1.75,3.0,0.17059583613418672,2.9712941561412474,30.170595836134186,0.17271068296898107
4075.0,1.75,3.0,0.16666377140972133,2.9716127709633335,30.16666377140972,0.1727404597081932
4100.0,1.75,3.0,0.16173414073681705,2.972241468216695,30.16173414073682,0.1727911247594722
4125.0,1.75,3.0,0.157803147386797,2.9725700249319007,30.157803147386797,0.17282148771027797
4150.0,1.75,3.0,0.15289696274500536,2.973186673250819,30.152896962745004,0.1728714011252653
4175.0,1.75,3.0,0.1489734041771012,2.9735158746245567,30.148973404177102,0.17290179157559457
4200.0,1.75,3.0,0.1440855777454493,2.9741187962507,30.14408557774545,0.17295086999482423
4225.0,1.75,3.0,0.14015669752538504,2.9744506699149915,30.140156697525384,0.17298144238384836
4250.0,1.75,3.0,0.13526977727888917,2.975047251662457,30.13526977727889,0.17303016515987155
4275.0,1.75,3.0,0.13131619586390547,2.975389506720101,30.131316195863906,0.1730614236021971
4300.0,1.75,3.0,0.1264183701695341,2.9759863013342445,30.126418370169535,0.1731102057853263
4325.0,1.75,3.0,0.12243356527703425,2.9763413902964073,30.122433565277035,0.17314231206032474
4350.0,1.75,3.0,0.1175275935884757,2.976937237056839,30.117527593588477,0.17319107836593384
4375.0,1.75,3.0,0.11351993286321362,2.9773000786869668,30.113519932863213,0.17322371321987837
4400.0,1.75,3.0,0.108615390211374,2.977887752348669,30.108615390211373,0.17327201578881554
4425.0,1.75,3.0,0.10459603166802876,2.9782511481503198,30.104596031668027,0.17330472848406603
4450.0,1.75,3.0,0.09969751963561378,2.9788229816721477,30.099697519635615,0.17335210772396564
4475.0,1.75,3.0,0.09567010992485182,2.9791828556123217,30.095670109924853,0.17338465055132932
4500.0,1.75,3.0,0.09077243887667977,2.9797356732736002,30.09077243887668,0.17343093620183928
4525.0,1.75,3.0,0.08673159051041447,2.9800927453091814,30.086731590510414,0.1734633665002662
4550.0,1.75,3.0,0.08182320818193249,2.980630039893578,30.081823208181934,0.17350879479057302
4575.0,1.75,3.0,0.07775878187733389,2.9809891149422802,30.077758781877336,0.1735414215026013
4600.0,1.75,3.0,0.07282982745087797,2.9815190441262116,30.072829827450878,0.17358649560400036
4625.0,1.75,3.0,0.06873401649974394,2.981886080926325,30.068734016499743,0.1736196883792072
4650.0,1.75,3.0,0.06378514202171146,2.9824149481050957,30.06378514202171,0.17366477348998105
4675.0,1.75,3.0,0.05966050703212867,2.9827919068722073,30.059660507032127,0.17369863944044828
4700.0,1.75,3.0,0.05470507011740787,2.983318466348573,30.054705070117407,0.17374362458473355
4725.0,1.75,3.0,0.05056467884507448,2.98370145561987,30.050564678845074,0.17377789965148688
4750.0,1.75,3.0,0.04561686582875621,2.9842200035951025,30.045616865828755,0.17382241160725212
4775.0,1.75,3.0,0.041471293805278704,2.984605003773676,30.04147129380528,0.17385683122649853
4800.0,1.75,3.0,0.03653101891593172,2.9851139125138393,30.03653101891593,0.173900775221421
4825.0,1.75,3.0,0.032378411872290284,2.9855021726567,30.03237841187229,0.17393541756689093
4850.0,1.75,3.0,0.02743436397534956,2.9860050902801936,30.02743436397535,0.1739790387031127
4875.0,1.75,3.0,0.023267795234882274,2.9864001476840527,30.023267795234883,0.1740141300591843
4900.0,1.75,3.0,0.01831298364793792,2.986900064496829,30.018312983647938,0.17405762280682913
4925.0,1.75,3.0,0.014130710791935959,2.9873033906882815,30.014130710791935,0.17409325421425462
4950.0,1.75,3.0,0.009166548359393444,2.987800813038105,30.009166548359392,0.17413664404753246
4975.0,1.75,3.0,0.004970887449789453,2.9882130373465667,30.00497088744979,0.17417284573916367
5000.0,1.75,3.0,0.0,2.9887081730360547,30.0,0.17421613721299753
